[2025-12-25 18:04:15] local.ERROR: The C:\Users\rayan\Desktop\Radarleb coding\bootstrap\cache directory must be present and writable. {"exception":"[object] (Exception(code: 0): The C:\\Users\\rayan\\Desktop\\Radarleb coding\\bootstrap\\cache directory must be present and writable. at C:\\Users\\rayan\\Desktop\\Radarleb coding\\vendor\\laravel\\framework\\src\\Illuminate\\Foundation\\PackageManifest.php:179)
[stacktrace]
#0 C:\\Users\\rayan\\Desktop\\Radarleb coding\\vendor\\laravel\\framework\\src\\Illuminate\\Foundation\\PackageManifest.php(132): Illuminate\\Foundation\\PackageManifest->write()
#1 C:\\Users\\rayan\\Desktop\\Radarleb coding\\vendor\\laravel\\framework\\src\\Illuminate\\Foundation\\PackageManifest.php(108): Illuminate\\Foundation\\PackageManifest->build()
#2 C:\\Users\\rayan\\Desktop\\Radarleb coding\\vendor\\laravel\\framework\\src\\Illuminate\\Foundation\\PackageManifest.php(90): Illuminate\\Foundation\\PackageManifest->getManifest()
#3 C:\\Users\\rayan\\Desktop\\Radarleb coding\\vendor\\laravel\\framework\\src\\Illuminate\\Foundation\\PackageManifest.php(79): Illuminate\\Foundation\\PackageManifest->config()
#4 C:\\Users\\rayan\\Desktop\\Radarleb coding\\vendor\\laravel\\framework\\src\\Illuminate\\Foundation\\Bootstrap\\RegisterFacades.php(26): Illuminate\\Foundation\\PackageManifest->aliases()
#5 C:\\Users\\rayan\\Desktop\\Radarleb coding\\vendor\\laravel\\framework\\src\\Illuminate\\Foundation\\Application.php(341): Illuminate\\Foundation\\Bootstrap\\RegisterFacades->bootstrap()
#6 C:\\Users\\rayan\\Desktop\\Radarleb coding\\vendor\\laravel\\framework\\src\\Illuminate\\Foundation\\Console\\Kernel.php(473): Illuminate\\Foundation\\Application->bootstrapWith()
#7 C:\\Users\\rayan\\Desktop\\Radarleb coding\\vendor\\laravel\\framework\\src\\Illuminate\\Foundation\\Console\\Kernel.php(195): Illuminate\\Foundation\\Console\\Kernel->bootstrap()
#8 C:\\Users\\rayan\\Desktop\\Radarleb coding\\vendor\\laravel\\framework\\src\\Illuminate\\Foundation\\Application.php(1234): Illuminate\\Foundation\\Console\\Kernel->handle()
#9 C:\\Users\\rayan\\Desktop\\Radarleb coding\\artisan(16): Illuminate\\Foundation\\Application->handleCommand()
#10 {main}
"} 
[2025-12-25 18:05:24] local.ERROR: could not find driver (Connection: sqlite, SQL: select exists (select 1 from "main".sqlite_master where name = 'migrations' and type = 'table') as "exists") {"exception":"[object] (Illuminate\\Database\\QueryException(code: 0): could not find driver (Connection: sqlite, SQL: select exists (select 1 from \"main\".sqlite_master where name = 'migrations' and type = 'table') as \"exists\") at C:\\Users\\rayan\\Desktop\\Radarleb coding\\vendor\\laravel\\framework\\src\\Illuminate\\Database\\Connection.php:822)
[stacktrace]
#0 C:\\Users\\rayan\\Desktop\\Radarleb coding\\vendor\\laravel\\framework\\src\\Illuminate\\Database\\Connection.php(776): Illuminate\\Database\\Connection->runQueryCallback()
#1 C:\\Users\\rayan\\Desktop\\Radarleb coding\\vendor\\laravel\\framework\\src\\Illuminate\\Database\\Connection.php(395): Illuminate\\Database\\Connection->run()
#2 C:\\Users\\rayan\\Desktop\\Radarleb coding\\vendor\\laravel\\framework\\src\\Illuminate\\Database\\Connection.php(341): Illuminate\\Database\\Connection->select()
#3 C:\\Users\\rayan\\Desktop\\Radarleb coding\\vendor\\laravel\\framework\\src\\Illuminate\\Database\\Connection.php(358): Illuminate\\Database\\Connection->selectOne()
#4 C:\\Users\\rayan\\Desktop\\Radarleb coding\\vendor\\laravel\\framework\\src\\Illuminate\\Database\\Schema\\Builder.php(174): Illuminate\\Database\\Connection->scalar()
#5 C:\\Users\\rayan\\Desktop\\Radarleb coding\\vendor\\laravel\\framework\\src\\Illuminate\\Database\\Migrations\\DatabaseMigrationRepository.php(183): Illuminate\\Database\\Schema\\Builder->hasTable()
#6 C:\\Users\\rayan\\Desktop\\Radarleb coding\\vendor\\laravel\\framework\\src\\Illuminate\\Database\\Migrations\\Migrator.php(749): Illuminate\\Database\\Migrations\\DatabaseMigrationRepository->repositoryExists()
#7 C:\\Users\\rayan\\Desktop\\Radarleb coding\\vendor\\laravel\\framework\\src\\Illuminate\\Database\\Console\\Migrations\\MigrateCommand.php(164): Illuminate\\Database\\Migrations\\Migrator->repositoryExists()
#8 C:\\Users\\rayan\\Desktop\\Radarleb coding\\vendor\\laravel\\framework\\src\\Illuminate\\Support\\helpers.php(338): Illuminate\\Database\\Console\\Migrations\\MigrateCommand->{closure:Illuminate\\Database\\Console\\Migrations\\MigrateCommand::repositoryExists():164}()
#9 C:\\Users\\rayan\\Desktop\\Radarleb coding\\vendor\\laravel\\framework\\src\\Illuminate\\Database\\Console\\Migrations\\MigrateCommand.php(164): retry()
#10 C:\\Users\\rayan\\Desktop\\Radarleb coding\\vendor\\laravel\\framework\\src\\Illuminate\\Database\\Console\\Migrations\\MigrateCommand.php(140): Illuminate\\Database\\Console\\Migrations\\MigrateCommand->repositoryExists()
#11 C:\\Users\\rayan\\Desktop\\Radarleb coding\\vendor\\laravel\\framework\\src\\Illuminate\\Database\\Console\\Migrations\\MigrateCommand.php(110): Illuminate\\Database\\Console\\Migrations\\MigrateCommand->prepareDatabase()
#12 C:\\Users\\rayan\\Desktop\\Radarleb coding\\vendor\\laravel\\framework\\src\\Illuminate\\Database\\Migrations\\Migrator.php(665): Illuminate\\Database\\Console\\Migrations\\MigrateCommand->{closure:Illuminate\\Database\\Console\\Migrations\\MigrateCommand::runMigrations():109}()
#13 C:\\Users\\rayan\\Desktop\\Radarleb coding\\vendor\\laravel\\framework\\src\\Illuminate\\Database\\Console\\Migrations\\MigrateCommand.php(109): Illuminate\\Database\\Migrations\\Migrator->usingConnection()
#14 C:\\Users\\rayan\\Desktop\\Radarleb coding\\vendor\\laravel\\framework\\src\\Illuminate\\Database\\Console\\Migrations\\MigrateCommand.php(88): Illuminate\\Database\\Console\\Migrations\\MigrateCommand->runMigrations()
#15 C:\\Users\\rayan\\Desktop\\Radarleb coding\\vendor\\laravel\\framework\\src\\Illuminate\\Container\\BoundMethod.php(36): Illuminate\\Database\\Console\\Migrations\\MigrateCommand->handle()
#16 C:\\Users\\rayan\\Desktop\\Radarleb coding\\vendor\\laravel\\framework\\src\\Illuminate\\Container\\Util.php(43): Illuminate\\Container\\BoundMethod::{closure:Illuminate\\Container\\BoundMethod::call():35}()
#17 C:\\Users\\rayan\\Desktop\\Radarleb coding\\vendor\\laravel\\framework\\src\\Illuminate\\Container\\BoundMethod.php(96): Illuminate\\Container\\Util::unwrapIfClosure()
#18 C:\\Users\\rayan\\Desktop\\Radarleb coding\\vendor\\laravel\\framework\\src\\Illuminate\\Container\\BoundMethod.php(35): Illuminate\\Container\\BoundMethod::callBoundMethod()
#19 C:\\Users\\rayan\\Desktop\\Radarleb coding\\vendor\\laravel\\framework\\src\\Illuminate\\Container\\Container.php(754): Illuminate\\Container\\BoundMethod::call()
#20 C:\\Users\\rayan\\Desktop\\Radarleb coding\\vendor\\laravel\\framework\\src\\Illuminate\\Console\\Command.php(211): Illuminate\\Container\\Container->call()
#21 C:\\Users\\rayan\\Desktop\\Radarleb coding\\vendor\\symfony\\console\\Command\\Command.php(279): Illuminate\\Console\\Command->execute()
#22 C:\\Users\\rayan\\Desktop\\Radarleb coding\\vendor\\laravel\\framework\\src\\Illuminate\\Console\\Command.php(180): Symfony\\Component\\Console\\Command\\Command->run()
#23 C:\\Users\\rayan\\Desktop\\Radarleb coding\\vendor\\symfony\\console\\Application.php(1094): Illuminate\\Console\\Command->run()
#24 C:\\Users\\rayan\\Desktop\\Radarleb coding\\vendor\\symfony\\console\\Application.php(342): Symfony\\Component\\Console\\Application->doRunCommand()
#25 C:\\Users\\rayan\\Desktop\\Radarleb coding\\vendor\\symfony\\console\\Application.php(193): Symfony\\Component\\Console\\Application->doRun()
#26 C:\\Users\\rayan\\Desktop\\Radarleb coding\\vendor\\laravel\\framework\\src\\Illuminate\\Foundation\\Console\\Kernel.php(197): Symfony\\Component\\Console\\Application->run()
#27 C:\\Users\\rayan\\Desktop\\Radarleb coding\\vendor\\laravel\\framework\\src\\Illuminate\\Foundation\\Application.php(1234): Illuminate\\Foundation\\Console\\Kernel->handle()
#28 C:\\Users\\rayan\\Desktop\\Radarleb coding\\artisan(16): Illuminate\\Foundation\\Application->handleCommand()
#29 {main}

[previous exception] [object] (PDOException(code: 0): could not find driver at C:\\Users\\rayan\\Desktop\\Radarleb coding\\vendor\\laravel\\framework\\src\\Illuminate\\Database\\Connectors\\Connector.php:67)
[stacktrace]
#0 C:\\Users\\rayan\\Desktop\\Radarleb coding\\vendor\\laravel\\framework\\src\\Illuminate\\Database\\Connectors\\Connector.php(67): PDO::connect()
#1 C:\\Users\\rayan\\Desktop\\Radarleb coding\\vendor\\laravel\\framework\\src\\Illuminate\\Database\\Connectors\\Connector.php(44): Illuminate\\Database\\Connectors\\Connector->createPdoConnection()
#2 C:\\Users\\rayan\\Desktop\\Radarleb coding\\vendor\\laravel\\framework\\src\\Illuminate\\Database\\Connectors\\SQLiteConnector.php(21): Illuminate\\Database\\Connectors\\Connector->createConnection()
#3 C:\\Users\\rayan\\Desktop\\Radarleb coding\\vendor\\laravel\\framework\\src\\Illuminate\\Database\\Connectors\\ConnectionFactory.php(223): Illuminate\\Database\\Connectors\\SQLiteConnector->connect()
#4 [internal function]: Illuminate\\Database\\Connectors\\ConnectionFactory->{closure:Illuminate\\Database\\Connectors\\ConnectionFactory::createPdoResolverWithoutHosts():223}()
#5 C:\\Users\\rayan\\Desktop\\Radarleb coding\\vendor\\laravel\\framework\\src\\Illuminate\\Database\\Connection.php(1228): call_user_func()
#6 C:\\Users\\rayan\\Desktop\\Radarleb coding\\vendor\\laravel\\framework\\src\\Illuminate\\Database\\Connection.php(1264): Illuminate\\Database\\Connection->getPdo()
#7 C:\\Users\\rayan\\Desktop\\Radarleb coding\\vendor\\laravel\\framework\\src\\Illuminate\\Database\\Connection.php(509): Illuminate\\Database\\Connection->getReadPdo()
#8 C:\\Users\\rayan\\Desktop\\Radarleb coding\\vendor\\laravel\\framework\\src\\Illuminate\\Database\\Connection.php(404): Illuminate\\Database\\Connection->getPdoForSelect()
#9 C:\\Users\\rayan\\Desktop\\Radarleb coding\\vendor\\laravel\\framework\\src\\Illuminate\\Database\\Connection.php(809): Illuminate\\Database\\Connection->{closure:Illuminate\\Database\\Connection::select():395}()
#10 C:\\Users\\rayan\\Desktop\\Radarleb coding\\vendor\\laravel\\framework\\src\\Illuminate\\Database\\Connection.php(776): Illuminate\\Database\\Connection->runQueryCallback()
#11 C:\\Users\\rayan\\Desktop\\Radarleb coding\\vendor\\laravel\\framework\\src\\Illuminate\\Database\\Connection.php(395): Illuminate\\Database\\Connection->run()
#12 C:\\Users\\rayan\\Desktop\\Radarleb coding\\vendor\\laravel\\framework\\src\\Illuminate\\Database\\Connection.php(341): Illuminate\\Database\\Connection->select()
#13 C:\\Users\\rayan\\Desktop\\Radarleb coding\\vendor\\laravel\\framework\\src\\Illuminate\\Database\\Connection.php(358): Illuminate\\Database\\Connection->selectOne()
#14 C:\\Users\\rayan\\Desktop\\Radarleb coding\\vendor\\laravel\\framework\\src\\Illuminate\\Database\\Schema\\Builder.php(174): Illuminate\\Database\\Connection->scalar()
#15 C:\\Users\\rayan\\Desktop\\Radarleb coding\\vendor\\laravel\\framework\\src\\Illuminate\\Database\\Migrations\\DatabaseMigrationRepository.php(183): Illuminate\\Database\\Schema\\Builder->hasTable()
#16 C:\\Users\\rayan\\Desktop\\Radarleb coding\\vendor\\laravel\\framework\\src\\Illuminate\\Database\\Migrations\\Migrator.php(749): Illuminate\\Database\\Migrations\\DatabaseMigrationRepository->repositoryExists()
#17 C:\\Users\\rayan\\Desktop\\Radarleb coding\\vendor\\laravel\\framework\\src\\Illuminate\\Database\\Console\\Migrations\\MigrateCommand.php(164): Illuminate\\Database\\Migrations\\Migrator->repositoryExists()
#18 C:\\Users\\rayan\\Desktop\\Radarleb coding\\vendor\\laravel\\framework\\src\\Illuminate\\Support\\helpers.php(338): Illuminate\\Database\\Console\\Migrations\\MigrateCommand->{closure:Illuminate\\Database\\Console\\Migrations\\MigrateCommand::repositoryExists():164}()
#19 C:\\Users\\rayan\\Desktop\\Radarleb coding\\vendor\\laravel\\framework\\src\\Illuminate\\Database\\Console\\Migrations\\MigrateCommand.php(164): retry()
#20 C:\\Users\\rayan\\Desktop\\Radarleb coding\\vendor\\laravel\\framework\\src\\Illuminate\\Database\\Console\\Migrations\\MigrateCommand.php(140): Illuminate\\Database\\Console\\Migrations\\MigrateCommand->repositoryExists()
#21 C:\\Users\\rayan\\Desktop\\Radarleb coding\\vendor\\laravel\\framework\\src\\Illuminate\\Database\\Console\\Migrations\\MigrateCommand.php(110): Illuminate\\Database\\Console\\Migrations\\MigrateCommand->prepareDatabase()
#22 C:\\Users\\rayan\\Desktop\\Radarleb coding\\vendor\\laravel\\framework\\src\\Illuminate\\Database\\Migrations\\Migrator.php(665): Illuminate\\Database\\Console\\Migrations\\MigrateCommand->{closure:Illuminate\\Database\\Console\\Migrations\\MigrateCommand::runMigrations():109}()
#23 C:\\Users\\rayan\\Desktop\\Radarleb coding\\vendor\\laravel\\framework\\src\\Illuminate\\Database\\Console\\Migrations\\MigrateCommand.php(109): Illuminate\\Database\\Migrations\\Migrator->usingConnection()
#24 C:\\Users\\rayan\\Desktop\\Radarleb coding\\vendor\\laravel\\framework\\src\\Illuminate\\Database\\Console\\Migrations\\MigrateCommand.php(88): Illuminate\\Database\\Console\\Migrations\\MigrateCommand->runMigrations()
#25 C:\\Users\\rayan\\Desktop\\Radarleb coding\\vendor\\laravel\\framework\\src\\Illuminate\\Container\\BoundMethod.php(36): Illuminate\\Database\\Console\\Migrations\\MigrateCommand->handle()
#26 C:\\Users\\rayan\\Desktop\\Radarleb coding\\vendor\\laravel\\framework\\src\\Illuminate\\Container\\Util.php(43): Illuminate\\Container\\BoundMethod::{closure:Illuminate\\Container\\BoundMethod::call():35}()
#27 C:\\Users\\rayan\\Desktop\\Radarleb coding\\vendor\\laravel\\framework\\src\\Illuminate\\Container\\BoundMethod.php(96): Illuminate\\Container\\Util::unwrapIfClosure()
#28 C:\\Users\\rayan\\Desktop\\Radarleb coding\\vendor\\laravel\\framework\\src\\Illuminate\\Container\\BoundMethod.php(35): Illuminate\\Container\\BoundMethod::callBoundMethod()
#29 C:\\Users\\rayan\\Desktop\\Radarleb coding\\vendor\\laravel\\framework\\src\\Illuminate\\Container\\Container.php(754): Illuminate\\Container\\BoundMethod::call()
#30 C:\\Users\\rayan\\Desktop\\Radarleb coding\\vendor\\laravel\\framework\\src\\Illuminate\\Console\\Command.php(211): Illuminate\\Container\\Container->call()
#31 C:\\Users\\rayan\\Desktop\\Radarleb coding\\vendor\\symfony\\console\\Command\\Command.php(279): Illuminate\\Console\\Command->execute()
#32 C:\\Users\\rayan\\Desktop\\Radarleb coding\\vendor\\laravel\\framework\\src\\Illuminate\\Console\\Command.php(180): Symfony\\Component\\Console\\Command\\Command->run()
#33 C:\\Users\\rayan\\Desktop\\Radarleb coding\\vendor\\symfony\\console\\Application.php(1094): Illuminate\\Console\\Command->run()
#34 C:\\Users\\rayan\\Desktop\\Radarleb coding\\vendor\\symfony\\console\\Application.php(342): Symfony\\Component\\Console\\Application->doRunCommand()
#35 C:\\Users\\rayan\\Desktop\\Radarleb coding\\vendor\\symfony\\console\\Application.php(193): Symfony\\Component\\Console\\Application->doRun()
#36 C:\\Users\\rayan\\Desktop\\Radarleb coding\\vendor\\laravel\\framework\\src\\Illuminate\\Foundation\\Console\\Kernel.php(197): Symfony\\Component\\Console\\Application->run()
#37 C:\\Users\\rayan\\Desktop\\Radarleb coding\\vendor\\laravel\\framework\\src\\Illuminate\\Foundation\\Application.php(1234): Illuminate\\Foundation\\Console\\Kernel->handle()
#38 C:\\Users\\rayan\\Desktop\\Radarleb coding\\artisan(16): Illuminate\\Foundation\\Application->handleCommand()
#39 {main}
"} 
[2025-12-25 18:06:12] local.ERROR: could not find driver (Connection: sqlite, SQL: select exists (select 1 from "main".sqlite_master where name = 'migrations' and type = 'table') as "exists") {"exception":"[object] (Illuminate\\Database\\QueryException(code: 0): could not find driver (Connection: sqlite, SQL: select exists (select 1 from \"main\".sqlite_master where name = 'migrations' and type = 'table') as \"exists\") at C:\\Users\\rayan\\Desktop\\Radarleb coding\\vendor\\laravel\\framework\\src\\Illuminate\\Database\\Connection.php:822)
[stacktrace]
#0 C:\\Users\\rayan\\Desktop\\Radarleb coding\\vendor\\laravel\\framework\\src\\Illuminate\\Database\\Connection.php(776): Illuminate\\Database\\Connection->runQueryCallback()
#1 C:\\Users\\rayan\\Desktop\\Radarleb coding\\vendor\\laravel\\framework\\src\\Illuminate\\Database\\Connection.php(395): Illuminate\\Database\\Connection->run()
#2 C:\\Users\\rayan\\Desktop\\Radarleb coding\\vendor\\laravel\\framework\\src\\Illuminate\\Database\\Connection.php(341): Illuminate\\Database\\Connection->select()
#3 C:\\Users\\rayan\\Desktop\\Radarleb coding\\vendor\\laravel\\framework\\src\\Illuminate\\Database\\Connection.php(358): Illuminate\\Database\\Connection->selectOne()
#4 C:\\Users\\rayan\\Desktop\\Radarleb coding\\vendor\\laravel\\framework\\src\\Illuminate\\Database\\Schema\\Builder.php(174): Illuminate\\Database\\Connection->scalar()
#5 C:\\Users\\rayan\\Desktop\\Radarleb coding\\vendor\\laravel\\framework\\src\\Illuminate\\Database\\Migrations\\DatabaseMigrationRepository.php(183): Illuminate\\Database\\Schema\\Builder->hasTable()
#6 C:\\Users\\rayan\\Desktop\\Radarleb coding\\vendor\\laravel\\framework\\src\\Illuminate\\Database\\Migrations\\Migrator.php(749): Illuminate\\Database\\Migrations\\DatabaseMigrationRepository->repositoryExists()
#7 C:\\Users\\rayan\\Desktop\\Radarleb coding\\vendor\\laravel\\framework\\src\\Illuminate\\Database\\Console\\Migrations\\MigrateCommand.php(164): Illuminate\\Database\\Migrations\\Migrator->repositoryExists()
#8 C:\\Users\\rayan\\Desktop\\Radarleb coding\\vendor\\laravel\\framework\\src\\Illuminate\\Support\\helpers.php(338): Illuminate\\Database\\Console\\Migrations\\MigrateCommand->{closure:Illuminate\\Database\\Console\\Migrations\\MigrateCommand::repositoryExists():164}()
#9 C:\\Users\\rayan\\Desktop\\Radarleb coding\\vendor\\laravel\\framework\\src\\Illuminate\\Database\\Console\\Migrations\\MigrateCommand.php(164): retry()
#10 C:\\Users\\rayan\\Desktop\\Radarleb coding\\vendor\\laravel\\framework\\src\\Illuminate\\Database\\Console\\Migrations\\MigrateCommand.php(140): Illuminate\\Database\\Console\\Migrations\\MigrateCommand->repositoryExists()
#11 C:\\Users\\rayan\\Desktop\\Radarleb coding\\vendor\\laravel\\framework\\src\\Illuminate\\Database\\Console\\Migrations\\MigrateCommand.php(110): Illuminate\\Database\\Console\\Migrations\\MigrateCommand->prepareDatabase()
#12 C:\\Users\\rayan\\Desktop\\Radarleb coding\\vendor\\laravel\\framework\\src\\Illuminate\\Database\\Migrations\\Migrator.php(665): Illuminate\\Database\\Console\\Migrations\\MigrateCommand->{closure:Illuminate\\Database\\Console\\Migrations\\MigrateCommand::runMigrations():109}()
#13 C:\\Users\\rayan\\Desktop\\Radarleb coding\\vendor\\laravel\\framework\\src\\Illuminate\\Database\\Console\\Migrations\\MigrateCommand.php(109): Illuminate\\Database\\Migrations\\Migrator->usingConnection()
#14 C:\\Users\\rayan\\Desktop\\Radarleb coding\\vendor\\laravel\\framework\\src\\Illuminate\\Database\\Console\\Migrations\\MigrateCommand.php(88): Illuminate\\Database\\Console\\Migrations\\MigrateCommand->runMigrations()
#15 C:\\Users\\rayan\\Desktop\\Radarleb coding\\vendor\\laravel\\framework\\src\\Illuminate\\Container\\BoundMethod.php(36): Illuminate\\Database\\Console\\Migrations\\MigrateCommand->handle()
#16 C:\\Users\\rayan\\Desktop\\Radarleb coding\\vendor\\laravel\\framework\\src\\Illuminate\\Container\\Util.php(43): Illuminate\\Container\\BoundMethod::{closure:Illuminate\\Container\\BoundMethod::call():35}()
#17 C:\\Users\\rayan\\Desktop\\Radarleb coding\\vendor\\laravel\\framework\\src\\Illuminate\\Container\\BoundMethod.php(96): Illuminate\\Container\\Util::unwrapIfClosure()
#18 C:\\Users\\rayan\\Desktop\\Radarleb coding\\vendor\\laravel\\framework\\src\\Illuminate\\Container\\BoundMethod.php(35): Illuminate\\Container\\BoundMethod::callBoundMethod()
#19 C:\\Users\\rayan\\Desktop\\Radarleb coding\\vendor\\laravel\\framework\\src\\Illuminate\\Container\\Container.php(754): Illuminate\\Container\\BoundMethod::call()
#20 C:\\Users\\rayan\\Desktop\\Radarleb coding\\vendor\\laravel\\framework\\src\\Illuminate\\Console\\Command.php(211): Illuminate\\Container\\Container->call()
#21 C:\\Users\\rayan\\Desktop\\Radarleb coding\\vendor\\symfony\\console\\Command\\Command.php(279): Illuminate\\Console\\Command->execute()
#22 C:\\Users\\rayan\\Desktop\\Radarleb coding\\vendor\\laravel\\framework\\src\\Illuminate\\Console\\Command.php(180): Symfony\\Component\\Console\\Command\\Command->run()
#23 C:\\Users\\rayan\\Desktop\\Radarleb coding\\vendor\\symfony\\console\\Application.php(1094): Illuminate\\Console\\Command->run()
#24 C:\\Users\\rayan\\Desktop\\Radarleb coding\\vendor\\symfony\\console\\Application.php(342): Symfony\\Component\\Console\\Application->doRunCommand()
#25 C:\\Users\\rayan\\Desktop\\Radarleb coding\\vendor\\symfony\\console\\Application.php(193): Symfony\\Component\\Console\\Application->doRun()
#26 C:\\Users\\rayan\\Desktop\\Radarleb coding\\vendor\\laravel\\framework\\src\\Illuminate\\Foundation\\Console\\Kernel.php(197): Symfony\\Component\\Console\\Application->run()
#27 C:\\Users\\rayan\\Desktop\\Radarleb coding\\vendor\\laravel\\framework\\src\\Illuminate\\Foundation\\Application.php(1234): Illuminate\\Foundation\\Console\\Kernel->handle()
#28 C:\\Users\\rayan\\Desktop\\Radarleb coding\\artisan(16): Illuminate\\Foundation\\Application->handleCommand()
#29 {main}

[previous exception] [object] (PDOException(code: 0): could not find driver at C:\\Users\\rayan\\Desktop\\Radarleb coding\\vendor\\laravel\\framework\\src\\Illuminate\\Database\\Connectors\\Connector.php:67)
[stacktrace]
#0 C:\\Users\\rayan\\Desktop\\Radarleb coding\\vendor\\laravel\\framework\\src\\Illuminate\\Database\\Connectors\\Connector.php(67): PDO::connect()
#1 C:\\Users\\rayan\\Desktop\\Radarleb coding\\vendor\\laravel\\framework\\src\\Illuminate\\Database\\Connectors\\Connector.php(44): Illuminate\\Database\\Connectors\\Connector->createPdoConnection()
#2 C:\\Users\\rayan\\Desktop\\Radarleb coding\\vendor\\laravel\\framework\\src\\Illuminate\\Database\\Connectors\\SQLiteConnector.php(21): Illuminate\\Database\\Connectors\\Connector->createConnection()
#3 C:\\Users\\rayan\\Desktop\\Radarleb coding\\vendor\\laravel\\framework\\src\\Illuminate\\Database\\Connectors\\ConnectionFactory.php(223): Illuminate\\Database\\Connectors\\SQLiteConnector->connect()
#4 [internal function]: Illuminate\\Database\\Connectors\\ConnectionFactory->{closure:Illuminate\\Database\\Connectors\\ConnectionFactory::createPdoResolverWithoutHosts():223}()
#5 C:\\Users\\rayan\\Desktop\\Radarleb coding\\vendor\\laravel\\framework\\src\\Illuminate\\Database\\Connection.php(1228): call_user_func()
#6 C:\\Users\\rayan\\Desktop\\Radarleb coding\\vendor\\laravel\\framework\\src\\Illuminate\\Database\\Connection.php(1264): Illuminate\\Database\\Connection->getPdo()
#7 C:\\Users\\rayan\\Desktop\\Radarleb coding\\vendor\\laravel\\framework\\src\\Illuminate\\Database\\Connection.php(509): Illuminate\\Database\\Connection->getReadPdo()
#8 C:\\Users\\rayan\\Desktop\\Radarleb coding\\vendor\\laravel\\framework\\src\\Illuminate\\Database\\Connection.php(404): Illuminate\\Database\\Connection->getPdoForSelect()
#9 C:\\Users\\rayan\\Desktop\\Radarleb coding\\vendor\\laravel\\framework\\src\\Illuminate\\Database\\Connection.php(809): Illuminate\\Database\\Connection->{closure:Illuminate\\Database\\Connection::select():395}()
#10 C:\\Users\\rayan\\Desktop\\Radarleb coding\\vendor\\laravel\\framework\\src\\Illuminate\\Database\\Connection.php(776): Illuminate\\Database\\Connection->runQueryCallback()
#11 C:\\Users\\rayan\\Desktop\\Radarleb coding\\vendor\\laravel\\framework\\src\\Illuminate\\Database\\Connection.php(395): Illuminate\\Database\\Connection->run()
#12 C:\\Users\\rayan\\Desktop\\Radarleb coding\\vendor\\laravel\\framework\\src\\Illuminate\\Database\\Connection.php(341): Illuminate\\Database\\Connection->select()
#13 C:\\Users\\rayan\\Desktop\\Radarleb coding\\vendor\\laravel\\framework\\src\\Illuminate\\Database\\Connection.php(358): Illuminate\\Database\\Connection->selectOne()
#14 C:\\Users\\rayan\\Desktop\\Radarleb coding\\vendor\\laravel\\framework\\src\\Illuminate\\Database\\Schema\\Builder.php(174): Illuminate\\Database\\Connection->scalar()
#15 C:\\Users\\rayan\\Desktop\\Radarleb coding\\vendor\\laravel\\framework\\src\\Illuminate\\Database\\Migrations\\DatabaseMigrationRepository.php(183): Illuminate\\Database\\Schema\\Builder->hasTable()
#16 C:\\Users\\rayan\\Desktop\\Radarleb coding\\vendor\\laravel\\framework\\src\\Illuminate\\Database\\Migrations\\Migrator.php(749): Illuminate\\Database\\Migrations\\DatabaseMigrationRepository->repositoryExists()
#17 C:\\Users\\rayan\\Desktop\\Radarleb coding\\vendor\\laravel\\framework\\src\\Illuminate\\Database\\Console\\Migrations\\MigrateCommand.php(164): Illuminate\\Database\\Migrations\\Migrator->repositoryExists()
#18 C:\\Users\\rayan\\Desktop\\Radarleb coding\\vendor\\laravel\\framework\\src\\Illuminate\\Support\\helpers.php(338): Illuminate\\Database\\Console\\Migrations\\MigrateCommand->{closure:Illuminate\\Database\\Console\\Migrations\\MigrateCommand::repositoryExists():164}()
#19 C:\\Users\\rayan\\Desktop\\Radarleb coding\\vendor\\laravel\\framework\\src\\Illuminate\\Database\\Console\\Migrations\\MigrateCommand.php(164): retry()
#20 C:\\Users\\rayan\\Desktop\\Radarleb coding\\vendor\\laravel\\framework\\src\\Illuminate\\Database\\Console\\Migrations\\MigrateCommand.php(140): Illuminate\\Database\\Console\\Migrations\\MigrateCommand->repositoryExists()
#21 C:\\Users\\rayan\\Desktop\\Radarleb coding\\vendor\\laravel\\framework\\src\\Illuminate\\Database\\Console\\Migrations\\MigrateCommand.php(110): Illuminate\\Database\\Console\\Migrations\\MigrateCommand->prepareDatabase()
#22 C:\\Users\\rayan\\Desktop\\Radarleb coding\\vendor\\laravel\\framework\\src\\Illuminate\\Database\\Migrations\\Migrator.php(665): Illuminate\\Database\\Console\\Migrations\\MigrateCommand->{closure:Illuminate\\Database\\Console\\Migrations\\MigrateCommand::runMigrations():109}()
#23 C:\\Users\\rayan\\Desktop\\Radarleb coding\\vendor\\laravel\\framework\\src\\Illuminate\\Database\\Console\\Migrations\\MigrateCommand.php(109): Illuminate\\Database\\Migrations\\Migrator->usingConnection()
#24 C:\\Users\\rayan\\Desktop\\Radarleb coding\\vendor\\laravel\\framework\\src\\Illuminate\\Database\\Console\\Migrations\\MigrateCommand.php(88): Illuminate\\Database\\Console\\Migrations\\MigrateCommand->runMigrations()
#25 C:\\Users\\rayan\\Desktop\\Radarleb coding\\vendor\\laravel\\framework\\src\\Illuminate\\Container\\BoundMethod.php(36): Illuminate\\Database\\Console\\Migrations\\MigrateCommand->handle()
#26 C:\\Users\\rayan\\Desktop\\Radarleb coding\\vendor\\laravel\\framework\\src\\Illuminate\\Container\\Util.php(43): Illuminate\\Container\\BoundMethod::{closure:Illuminate\\Container\\BoundMethod::call():35}()
#27 C:\\Users\\rayan\\Desktop\\Radarleb coding\\vendor\\laravel\\framework\\src\\Illuminate\\Container\\BoundMethod.php(96): Illuminate\\Container\\Util::unwrapIfClosure()
#28 C:\\Users\\rayan\\Desktop\\Radarleb coding\\vendor\\laravel\\framework\\src\\Illuminate\\Container\\BoundMethod.php(35): Illuminate\\Container\\BoundMethod::callBoundMethod()
#29 C:\\Users\\rayan\\Desktop\\Radarleb coding\\vendor\\laravel\\framework\\src\\Illuminate\\Container\\Container.php(754): Illuminate\\Container\\BoundMethod::call()
#30 C:\\Users\\rayan\\Desktop\\Radarleb coding\\vendor\\laravel\\framework\\src\\Illuminate\\Console\\Command.php(211): Illuminate\\Container\\Container->call()
#31 C:\\Users\\rayan\\Desktop\\Radarleb coding\\vendor\\symfony\\console\\Command\\Command.php(279): Illuminate\\Console\\Command->execute()
#32 C:\\Users\\rayan\\Desktop\\Radarleb coding\\vendor\\laravel\\framework\\src\\Illuminate\\Console\\Command.php(180): Symfony\\Component\\Console\\Command\\Command->run()
#33 C:\\Users\\rayan\\Desktop\\Radarleb coding\\vendor\\symfony\\console\\Application.php(1094): Illuminate\\Console\\Command->run()
#34 C:\\Users\\rayan\\Desktop\\Radarleb coding\\vendor\\symfony\\console\\Application.php(342): Symfony\\Component\\Console\\Application->doRunCommand()
#35 C:\\Users\\rayan\\Desktop\\Radarleb coding\\vendor\\symfony\\console\\Application.php(193): Symfony\\Component\\Console\\Application->doRun()
#36 C:\\Users\\rayan\\Desktop\\Radarleb coding\\vendor\\laravel\\framework\\src\\Illuminate\\Foundation\\Console\\Kernel.php(197): Symfony\\Component\\Console\\Application->run()
#37 C:\\Users\\rayan\\Desktop\\Radarleb coding\\vendor\\laravel\\framework\\src\\Illuminate\\Foundation\\Application.php(1234): Illuminate\\Foundation\\Console\\Kernel->handle()
#38 C:\\Users\\rayan\\Desktop\\Radarleb coding\\artisan(16): Illuminate\\Foundation\\Application->handleCommand()
#39 {main}
"} 
[2025-12-25 18:07:35] local.ERROR: The [pcntl] extension is required to run Pail. {"exception":"[object] (RuntimeException(code: 0): The [pcntl] extension is required to run Pail. at C:\\Users\\rayan\\Desktop\\Radarleb coding\\vendor\\laravel\\pail\\src\\Guards\\EnsurePcntlIsAvailable.php:15)
[stacktrace]
#0 C:\\Users\\rayan\\Desktop\\Radarleb coding\\vendor\\laravel\\pail\\src\\Console\\Commands\\PailCommand.php(46): Laravel\\Pail\\Guards\\EnsurePcntlIsAvailable::check()
#1 C:\\Users\\rayan\\Desktop\\Radarleb coding\\vendor\\laravel\\framework\\src\\Illuminate\\Container\\BoundMethod.php(36): Laravel\\Pail\\Console\\Commands\\PailCommand->handle()
#2 C:\\Users\\rayan\\Desktop\\Radarleb coding\\vendor\\laravel\\framework\\src\\Illuminate\\Container\\Util.php(43): Illuminate\\Container\\BoundMethod::{closure:Illuminate\\Container\\BoundMethod::call():35}()
#3 C:\\Users\\rayan\\Desktop\\Radarleb coding\\vendor\\laravel\\framework\\src\\Illuminate\\Container\\BoundMethod.php(96): Illuminate\\Container\\Util::unwrapIfClosure()
#4 C:\\Users\\rayan\\Desktop\\Radarleb coding\\vendor\\laravel\\framework\\src\\Illuminate\\Container\\BoundMethod.php(35): Illuminate\\Container\\BoundMethod::callBoundMethod()
#5 C:\\Users\\rayan\\Desktop\\Radarleb coding\\vendor\\laravel\\framework\\src\\Illuminate\\Container\\Container.php(754): Illuminate\\Container\\BoundMethod::call()
#6 C:\\Users\\rayan\\Desktop\\Radarleb coding\\vendor\\laravel\\framework\\src\\Illuminate\\Console\\Command.php(211): Illuminate\\Container\\Container->call()
#7 C:\\Users\\rayan\\Desktop\\Radarleb coding\\vendor\\symfony\\console\\Command\\Command.php(279): Illuminate\\Console\\Command->execute()
#8 C:\\Users\\rayan\\Desktop\\Radarleb coding\\vendor\\laravel\\framework\\src\\Illuminate\\Console\\Command.php(180): Symfony\\Component\\Console\\Command\\Command->run()
#9 C:\\Users\\rayan\\Desktop\\Radarleb coding\\vendor\\symfony\\console\\Application.php(1094): Illuminate\\Console\\Command->run()
#10 C:\\Users\\rayan\\Desktop\\Radarleb coding\\vendor\\symfony\\console\\Application.php(342): Symfony\\Component\\Console\\Application->doRunCommand()
#11 C:\\Users\\rayan\\Desktop\\Radarleb coding\\vendor\\symfony\\console\\Application.php(193): Symfony\\Component\\Console\\Application->doRun()
#12 C:\\Users\\rayan\\Desktop\\Radarleb coding\\vendor\\laravel\\framework\\src\\Illuminate\\Foundation\\Console\\Kernel.php(197): Symfony\\Component\\Console\\Application->run()
#13 C:\\Users\\rayan\\Desktop\\Radarleb coding\\vendor\\laravel\\framework\\src\\Illuminate\\Foundation\\Application.php(1234): Illuminate\\Foundation\\Console\\Kernel->handle()
#14 C:\\Users\\rayan\\Desktop\\Radarleb coding\\artisan(16): Illuminate\\Foundation\\Application->handleCommand()
#15 {main}
"} 
[2025-12-25 18:07:35] local.ERROR: SQLSTATE[HY000]: General error: 1 no such table: jobs (Connection: sqlite, SQL: select * from "jobs" where "queue" = default and (("reserved_at" is null and "available_at" <= 1766686055) or ("reserved_at" <= 1766685965)) order by "id" asc limit 1) {"exception":"[object] (Illuminate\\Database\\QueryException(code: HY000): SQLSTATE[HY000]: General error: 1 no such table: jobs (Connection: sqlite, SQL: select * from \"jobs\" where \"queue\" = default and ((\"reserved_at\" is null and \"available_at\" <= 1766686055) or (\"reserved_at\" <= 1766685965)) order by \"id\" asc limit 1) at C:\\Users\\rayan\\Desktop\\Radarleb coding\\vendor\\laravel\\framework\\src\\Illuminate\\Database\\Connection.php:822)
[stacktrace]
#0 C:\\Users\\rayan\\Desktop\\Radarleb coding\\vendor\\laravel\\framework\\src\\Illuminate\\Database\\Connection.php(776): Illuminate\\Database\\Connection->runQueryCallback()
#1 C:\\Users\\rayan\\Desktop\\Radarleb coding\\vendor\\laravel\\framework\\src\\Illuminate\\Database\\Connection.php(395): Illuminate\\Database\\Connection->run()
#2 C:\\Users\\rayan\\Desktop\\Radarleb coding\\vendor\\laravel\\framework\\src\\Illuminate\\Database\\Query\\Builder.php(3117): Illuminate\\Database\\Connection->select()
#3 C:\\Users\\rayan\\Desktop\\Radarleb coding\\vendor\\laravel\\framework\\src\\Illuminate\\Database\\Query\\Builder.php(3102): Illuminate\\Database\\Query\\Builder->runSelect()
#4 C:\\Users\\rayan\\Desktop\\Radarleb coding\\vendor\\laravel\\framework\\src\\Illuminate\\Database\\Query\\Builder.php(3689): Illuminate\\Database\\Query\\Builder->{closure:Illuminate\\Database\\Query\\Builder::get():3101}()
#5 C:\\Users\\rayan\\Desktop\\Radarleb coding\\vendor\\laravel\\framework\\src\\Illuminate\\Database\\Query\\Builder.php(3101): Illuminate\\Database\\Query\\Builder->onceWithColumns()
#6 C:\\Users\\rayan\\Desktop\\Radarleb coding\\vendor\\laravel\\framework\\src\\Illuminate\\Database\\Concerns\\BuildsQueries.php(366): Illuminate\\Database\\Query\\Builder->get()
#7 C:\\Users\\rayan\\Desktop\\Radarleb coding\\vendor\\laravel\\framework\\src\\Illuminate\\Queue\\DatabaseQueue.php(248): Illuminate\\Database\\Query\\Builder->first()
#8 C:\\Users\\rayan\\Desktop\\Radarleb coding\\vendor\\laravel\\framework\\src\\Illuminate\\Queue\\DatabaseQueue.php(226): Illuminate\\Queue\\DatabaseQueue->getNextAvailableJob()
#9 C:\\Users\\rayan\\Desktop\\Radarleb coding\\vendor\\laravel\\framework\\src\\Illuminate\\Database\\Concerns\\ManagesTransactions.php(32): Illuminate\\Queue\\DatabaseQueue->{closure:Illuminate\\Queue\\DatabaseQueue::pop():225}()
#10 C:\\Users\\rayan\\Desktop\\Radarleb coding\\vendor\\laravel\\framework\\src\\Illuminate\\Queue\\DatabaseQueue.php(225): Illuminate\\Database\\Connection->transaction()
#11 C:\\Users\\rayan\\Desktop\\Radarleb coding\\vendor\\laravel\\framework\\src\\Illuminate\\Queue\\Worker.php(350): Illuminate\\Queue\\DatabaseQueue->pop()
#12 C:\\Users\\rayan\\Desktop\\Radarleb coding\\vendor\\laravel\\framework\\src\\Illuminate\\Queue\\Worker.php(365): Illuminate\\Queue\\Worker->{closure:Illuminate\\Queue\\Worker::getNextJob():349}()
#13 C:\\Users\\rayan\\Desktop\\Radarleb coding\\vendor\\laravel\\framework\\src\\Illuminate\\Queue\\Worker.php(326): Illuminate\\Queue\\Worker->getNextJob()
#14 C:\\Users\\rayan\\Desktop\\Radarleb coding\\vendor\\laravel\\framework\\src\\Illuminate\\Queue\\Console\\WorkCommand.php(148): Illuminate\\Queue\\Worker->runNextJob()
#15 C:\\Users\\rayan\\Desktop\\Radarleb coding\\vendor\\laravel\\framework\\src\\Illuminate\\Queue\\Console\\WorkCommand.php(131): Illuminate\\Queue\\Console\\WorkCommand->runWorker()
#16 C:\\Users\\rayan\\Desktop\\Radarleb coding\\vendor\\laravel\\framework\\src\\Illuminate\\Container\\BoundMethod.php(36): Illuminate\\Queue\\Console\\WorkCommand->handle()
#17 C:\\Users\\rayan\\Desktop\\Radarleb coding\\vendor\\laravel\\framework\\src\\Illuminate\\Container\\Util.php(43): Illuminate\\Container\\BoundMethod::{closure:Illuminate\\Container\\BoundMethod::call():35}()
#18 C:\\Users\\rayan\\Desktop\\Radarleb coding\\vendor\\laravel\\framework\\src\\Illuminate\\Container\\BoundMethod.php(96): Illuminate\\Container\\Util::unwrapIfClosure()
#19 C:\\Users\\rayan\\Desktop\\Radarleb coding\\vendor\\laravel\\framework\\src\\Illuminate\\Container\\BoundMethod.php(35): Illuminate\\Container\\BoundMethod::callBoundMethod()
#20 C:\\Users\\rayan\\Desktop\\Radarleb coding\\vendor\\laravel\\framework\\src\\Illuminate\\Container\\Container.php(754): Illuminate\\Container\\BoundMethod::call()
#21 C:\\Users\\rayan\\Desktop\\Radarleb coding\\vendor\\laravel\\framework\\src\\Illuminate\\Console\\Command.php(211): Illuminate\\Container\\Container->call()
#22 C:\\Users\\rayan\\Desktop\\Radarleb coding\\vendor\\symfony\\console\\Command\\Command.php(279): Illuminate\\Console\\Command->execute()
#23 C:\\Users\\rayan\\Desktop\\Radarleb coding\\vendor\\laravel\\framework\\src\\Illuminate\\Console\\Command.php(180): Symfony\\Component\\Console\\Command\\Command->run()
#24 C:\\Users\\rayan\\Desktop\\Radarleb coding\\vendor\\symfony\\console\\Application.php(1094): Illuminate\\Console\\Command->run()
#25 C:\\Users\\rayan\\Desktop\\Radarleb coding\\vendor\\symfony\\console\\Application.php(342): Symfony\\Component\\Console\\Application->doRunCommand()
#26 C:\\Users\\rayan\\Desktop\\Radarleb coding\\vendor\\symfony\\console\\Application.php(193): Symfony\\Component\\Console\\Application->doRun()
#27 C:\\Users\\rayan\\Desktop\\Radarleb coding\\vendor\\laravel\\framework\\src\\Illuminate\\Foundation\\Console\\Kernel.php(197): Symfony\\Component\\Console\\Application->run()
#28 C:\\Users\\rayan\\Desktop\\Radarleb coding\\vendor\\laravel\\framework\\src\\Illuminate\\Foundation\\Application.php(1234): Illuminate\\Foundation\\Console\\Kernel->handle()
#29 C:\\Users\\rayan\\Desktop\\Radarleb coding\\artisan(16): Illuminate\\Foundation\\Application->handleCommand()
#30 {main}

[previous exception] [object] (PDOException(code: HY000): SQLSTATE[HY000]: General error: 1 no such table: jobs at C:\\Users\\rayan\\Desktop\\Radarleb coding\\vendor\\laravel\\framework\\src\\Illuminate\\Database\\Connection.php:404)
[stacktrace]
#0 C:\\Users\\rayan\\Desktop\\Radarleb coding\\vendor\\laravel\\framework\\src\\Illuminate\\Database\\Connection.php(404): PDO->prepare()
#1 C:\\Users\\rayan\\Desktop\\Radarleb coding\\vendor\\laravel\\framework\\src\\Illuminate\\Database\\Connection.php(809): Illuminate\\Database\\Connection->{closure:Illuminate\\Database\\Connection::select():395}()
#2 C:\\Users\\rayan\\Desktop\\Radarleb coding\\vendor\\laravel\\framework\\src\\Illuminate\\Database\\Connection.php(776): Illuminate\\Database\\Connection->runQueryCallback()
#3 C:\\Users\\rayan\\Desktop\\Radarleb coding\\vendor\\laravel\\framework\\src\\Illuminate\\Database\\Connection.php(395): Illuminate\\Database\\Connection->run()
#4 C:\\Users\\rayan\\Desktop\\Radarleb coding\\vendor\\laravel\\framework\\src\\Illuminate\\Database\\Query\\Builder.php(3117): Illuminate\\Database\\Connection->select()
#5 C:\\Users\\rayan\\Desktop\\Radarleb coding\\vendor\\laravel\\framework\\src\\Illuminate\\Database\\Query\\Builder.php(3102): Illuminate\\Database\\Query\\Builder->runSelect()
#6 C:\\Users\\rayan\\Desktop\\Radarleb coding\\vendor\\laravel\\framework\\src\\Illuminate\\Database\\Query\\Builder.php(3689): Illuminate\\Database\\Query\\Builder->{closure:Illuminate\\Database\\Query\\Builder::get():3101}()
#7 C:\\Users\\rayan\\Desktop\\Radarleb coding\\vendor\\laravel\\framework\\src\\Illuminate\\Database\\Query\\Builder.php(3101): Illuminate\\Database\\Query\\Builder->onceWithColumns()
#8 C:\\Users\\rayan\\Desktop\\Radarleb coding\\vendor\\laravel\\framework\\src\\Illuminate\\Database\\Concerns\\BuildsQueries.php(366): Illuminate\\Database\\Query\\Builder->get()
#9 C:\\Users\\rayan\\Desktop\\Radarleb coding\\vendor\\laravel\\framework\\src\\Illuminate\\Queue\\DatabaseQueue.php(248): Illuminate\\Database\\Query\\Builder->first()
#10 C:\\Users\\rayan\\Desktop\\Radarleb coding\\vendor\\laravel\\framework\\src\\Illuminate\\Queue\\DatabaseQueue.php(226): Illuminate\\Queue\\DatabaseQueue->getNextAvailableJob()
#11 C:\\Users\\rayan\\Desktop\\Radarleb coding\\vendor\\laravel\\framework\\src\\Illuminate\\Database\\Concerns\\ManagesTransactions.php(32): Illuminate\\Queue\\DatabaseQueue->{closure:Illuminate\\Queue\\DatabaseQueue::pop():225}()
#12 C:\\Users\\rayan\\Desktop\\Radarleb coding\\vendor\\laravel\\framework\\src\\Illuminate\\Queue\\DatabaseQueue.php(225): Illuminate\\Database\\Connection->transaction()
#13 C:\\Users\\rayan\\Desktop\\Radarleb coding\\vendor\\laravel\\framework\\src\\Illuminate\\Queue\\Worker.php(350): Illuminate\\Queue\\DatabaseQueue->pop()
#14 C:\\Users\\rayan\\Desktop\\Radarleb coding\\vendor\\laravel\\framework\\src\\Illuminate\\Queue\\Worker.php(365): Illuminate\\Queue\\Worker->{closure:Illuminate\\Queue\\Worker::getNextJob():349}()
#15 C:\\Users\\rayan\\Desktop\\Radarleb coding\\vendor\\laravel\\framework\\src\\Illuminate\\Queue\\Worker.php(326): Illuminate\\Queue\\Worker->getNextJob()
#16 C:\\Users\\rayan\\Desktop\\Radarleb coding\\vendor\\laravel\\framework\\src\\Illuminate\\Queue\\Console\\WorkCommand.php(148): Illuminate\\Queue\\Worker->runNextJob()
#17 C:\\Users\\rayan\\Desktop\\Radarleb coding\\vendor\\laravel\\framework\\src\\Illuminate\\Queue\\Console\\WorkCommand.php(131): Illuminate\\Queue\\Console\\WorkCommand->runWorker()
#18 C:\\Users\\rayan\\Desktop\\Radarleb coding\\vendor\\laravel\\framework\\src\\Illuminate\\Container\\BoundMethod.php(36): Illuminate\\Queue\\Console\\WorkCommand->handle()
#19 C:\\Users\\rayan\\Desktop\\Radarleb coding\\vendor\\laravel\\framework\\src\\Illuminate\\Container\\Util.php(43): Illuminate\\Container\\BoundMethod::{closure:Illuminate\\Container\\BoundMethod::call():35}()
#20 C:\\Users\\rayan\\Desktop\\Radarleb coding\\vendor\\laravel\\framework\\src\\Illuminate\\Container\\BoundMethod.php(96): Illuminate\\Container\\Util::unwrapIfClosure()
#21 C:\\Users\\rayan\\Desktop\\Radarleb coding\\vendor\\laravel\\framework\\src\\Illuminate\\Container\\BoundMethod.php(35): Illuminate\\Container\\BoundMethod::callBoundMethod()
#22 C:\\Users\\rayan\\Desktop\\Radarleb coding\\vendor\\laravel\\framework\\src\\Illuminate\\Container\\Container.php(754): Illuminate\\Container\\BoundMethod::call()
#23 C:\\Users\\rayan\\Desktop\\Radarleb coding\\vendor\\laravel\\framework\\src\\Illuminate\\Console\\Command.php(211): Illuminate\\Container\\Container->call()
#24 C:\\Users\\rayan\\Desktop\\Radarleb coding\\vendor\\symfony\\console\\Command\\Command.php(279): Illuminate\\Console\\Command->execute()
#25 C:\\Users\\rayan\\Desktop\\Radarleb coding\\vendor\\laravel\\framework\\src\\Illuminate\\Console\\Command.php(180): Symfony\\Component\\Console\\Command\\Command->run()
#26 C:\\Users\\rayan\\Desktop\\Radarleb coding\\vendor\\symfony\\console\\Application.php(1094): Illuminate\\Console\\Command->run()
#27 C:\\Users\\rayan\\Desktop\\Radarleb coding\\vendor\\symfony\\console\\Application.php(342): Symfony\\Component\\Console\\Application->doRunCommand()
#28 C:\\Users\\rayan\\Desktop\\Radarleb coding\\vendor\\symfony\\console\\Application.php(193): Symfony\\Component\\Console\\Application->doRun()
#29 C:\\Users\\rayan\\Desktop\\Radarleb coding\\vendor\\laravel\\framework\\src\\Illuminate\\Foundation\\Console\\Kernel.php(197): Symfony\\Component\\Console\\Application->run()
#30 C:\\Users\\rayan\\Desktop\\Radarleb coding\\vendor\\laravel\\framework\\src\\Illuminate\\Foundation\\Application.php(1234): Illuminate\\Foundation\\Console\\Kernel->handle()
#31 C:\\Users\\rayan\\Desktop\\Radarleb coding\\artisan(16): Illuminate\\Foundation\\Application->handleCommand()
#32 {main}
"} 
[2025-12-25 18:07:40] local.ERROR: SQLSTATE[HY000]: General error: 1 no such table: jobs (Connection: sqlite, SQL: select * from "jobs" where "queue" = default and (("reserved_at" is null and "available_at" <= 1766686060) or ("reserved_at" <= 1766685970)) order by "id" asc limit 1) {"exception":"[object] (Illuminate\\Database\\QueryException(code: HY000): SQLSTATE[HY000]: General error: 1 no such table: jobs (Connection: sqlite, SQL: select * from \"jobs\" where \"queue\" = default and ((\"reserved_at\" is null and \"available_at\" <= 1766686060) or (\"reserved_at\" <= 1766685970)) order by \"id\" asc limit 1) at C:\\Users\\rayan\\Desktop\\Radarleb coding\\vendor\\laravel\\framework\\src\\Illuminate\\Database\\Connection.php:822)
[stacktrace]
#0 C:\\Users\\rayan\\Desktop\\Radarleb coding\\vendor\\laravel\\framework\\src\\Illuminate\\Database\\Connection.php(776): Illuminate\\Database\\Connection->runQueryCallback()
#1 C:\\Users\\rayan\\Desktop\\Radarleb coding\\vendor\\laravel\\framework\\src\\Illuminate\\Database\\Connection.php(395): Illuminate\\Database\\Connection->run()
#2 C:\\Users\\rayan\\Desktop\\Radarleb coding\\vendor\\laravel\\framework\\src\\Illuminate\\Database\\Query\\Builder.php(3117): Illuminate\\Database\\Connection->select()
#3 C:\\Users\\rayan\\Desktop\\Radarleb coding\\vendor\\laravel\\framework\\src\\Illuminate\\Database\\Query\\Builder.php(3102): Illuminate\\Database\\Query\\Builder->runSelect()
#4 C:\\Users\\rayan\\Desktop\\Radarleb coding\\vendor\\laravel\\framework\\src\\Illuminate\\Database\\Query\\Builder.php(3689): Illuminate\\Database\\Query\\Builder->{closure:Illuminate\\Database\\Query\\Builder::get():3101}()
#5 C:\\Users\\rayan\\Desktop\\Radarleb coding\\vendor\\laravel\\framework\\src\\Illuminate\\Database\\Query\\Builder.php(3101): Illuminate\\Database\\Query\\Builder->onceWithColumns()
#6 C:\\Users\\rayan\\Desktop\\Radarleb coding\\vendor\\laravel\\framework\\src\\Illuminate\\Database\\Concerns\\BuildsQueries.php(366): Illuminate\\Database\\Query\\Builder->get()
#7 C:\\Users\\rayan\\Desktop\\Radarleb coding\\vendor\\laravel\\framework\\src\\Illuminate\\Queue\\DatabaseQueue.php(248): Illuminate\\Database\\Query\\Builder->first()
#8 C:\\Users\\rayan\\Desktop\\Radarleb coding\\vendor\\laravel\\framework\\src\\Illuminate\\Queue\\DatabaseQueue.php(226): Illuminate\\Queue\\DatabaseQueue->getNextAvailableJob()
#9 C:\\Users\\rayan\\Desktop\\Radarleb coding\\vendor\\laravel\\framework\\src\\Illuminate\\Database\\Concerns\\ManagesTransactions.php(32): Illuminate\\Queue\\DatabaseQueue->{closure:Illuminate\\Queue\\DatabaseQueue::pop():225}()
#10 C:\\Users\\rayan\\Desktop\\Radarleb coding\\vendor\\laravel\\framework\\src\\Illuminate\\Queue\\DatabaseQueue.php(225): Illuminate\\Database\\Connection->transaction()
#11 C:\\Users\\rayan\\Desktop\\Radarleb coding\\vendor\\laravel\\framework\\src\\Illuminate\\Queue\\Worker.php(350): Illuminate\\Queue\\DatabaseQueue->pop()
#12 C:\\Users\\rayan\\Desktop\\Radarleb coding\\vendor\\laravel\\framework\\src\\Illuminate\\Queue\\Worker.php(365): Illuminate\\Queue\\Worker->{closure:Illuminate\\Queue\\Worker::getNextJob():349}()
#13 C:\\Users\\rayan\\Desktop\\Radarleb coding\\vendor\\laravel\\framework\\src\\Illuminate\\Queue\\Worker.php(326): Illuminate\\Queue\\Worker->getNextJob()
#14 C:\\Users\\rayan\\Desktop\\Radarleb coding\\vendor\\laravel\\framework\\src\\Illuminate\\Queue\\Console\\WorkCommand.php(148): Illuminate\\Queue\\Worker->runNextJob()
#15 C:\\Users\\rayan\\Desktop\\Radarleb coding\\vendor\\laravel\\framework\\src\\Illuminate\\Queue\\Console\\WorkCommand.php(131): Illuminate\\Queue\\Console\\WorkCommand->runWorker()
#16 C:\\Users\\rayan\\Desktop\\Radarleb coding\\vendor\\laravel\\framework\\src\\Illuminate\\Container\\BoundMethod.php(36): Illuminate\\Queue\\Console\\WorkCommand->handle()
#17 C:\\Users\\rayan\\Desktop\\Radarleb coding\\vendor\\laravel\\framework\\src\\Illuminate\\Container\\Util.php(43): Illuminate\\Container\\BoundMethod::{closure:Illuminate\\Container\\BoundMethod::call():35}()
#18 C:\\Users\\rayan\\Desktop\\Radarleb coding\\vendor\\laravel\\framework\\src\\Illuminate\\Container\\BoundMethod.php(96): Illuminate\\Container\\Util::unwrapIfClosure()
#19 C:\\Users\\rayan\\Desktop\\Radarleb coding\\vendor\\laravel\\framework\\src\\Illuminate\\Container\\BoundMethod.php(35): Illuminate\\Container\\BoundMethod::callBoundMethod()
#20 C:\\Users\\rayan\\Desktop\\Radarleb coding\\vendor\\laravel\\framework\\src\\Illuminate\\Container\\Container.php(754): Illuminate\\Container\\BoundMethod::call()
#21 C:\\Users\\rayan\\Desktop\\Radarleb coding\\vendor\\laravel\\framework\\src\\Illuminate\\Console\\Command.php(211): Illuminate\\Container\\Container->call()
#22 C:\\Users\\rayan\\Desktop\\Radarleb coding\\vendor\\symfony\\console\\Command\\Command.php(279): Illuminate\\Console\\Command->execute()
#23 C:\\Users\\rayan\\Desktop\\Radarleb coding\\vendor\\laravel\\framework\\src\\Illuminate\\Console\\Command.php(180): Symfony\\Component\\Console\\Command\\Command->run()
#24 C:\\Users\\rayan\\Desktop\\Radarleb coding\\vendor\\symfony\\console\\Application.php(1094): Illuminate\\Console\\Command->run()
#25 C:\\Users\\rayan\\Desktop\\Radarleb coding\\vendor\\symfony\\console\\Application.php(342): Symfony\\Component\\Console\\Application->doRunCommand()
#26 C:\\Users\\rayan\\Desktop\\Radarleb coding\\vendor\\symfony\\console\\Application.php(193): Symfony\\Component\\Console\\Application->doRun()
#27 C:\\Users\\rayan\\Desktop\\Radarleb coding\\vendor\\laravel\\framework\\src\\Illuminate\\Foundation\\Console\\Kernel.php(197): Symfony\\Component\\Console\\Application->run()
#28 C:\\Users\\rayan\\Desktop\\Radarleb coding\\vendor\\laravel\\framework\\src\\Illuminate\\Foundation\\Application.php(1234): Illuminate\\Foundation\\Console\\Kernel->handle()
#29 C:\\Users\\rayan\\Desktop\\Radarleb coding\\artisan(16): Illuminate\\Foundation\\Application->handleCommand()
#30 {main}

[previous exception] [object] (PDOException(code: HY000): SQLSTATE[HY000]: General error: 1 no such table: jobs at C:\\Users\\rayan\\Desktop\\Radarleb coding\\vendor\\laravel\\framework\\src\\Illuminate\\Database\\Connection.php:404)
[stacktrace]
#0 C:\\Users\\rayan\\Desktop\\Radarleb coding\\vendor\\laravel\\framework\\src\\Illuminate\\Database\\Connection.php(404): PDO->prepare()
#1 C:\\Users\\rayan\\Desktop\\Radarleb coding\\vendor\\laravel\\framework\\src\\Illuminate\\Database\\Connection.php(809): Illuminate\\Database\\Connection->{closure:Illuminate\\Database\\Connection::select():395}()
#2 C:\\Users\\rayan\\Desktop\\Radarleb coding\\vendor\\laravel\\framework\\src\\Illuminate\\Database\\Connection.php(776): Illuminate\\Database\\Connection->runQueryCallback()
#3 C:\\Users\\rayan\\Desktop\\Radarleb coding\\vendor\\laravel\\framework\\src\\Illuminate\\Database\\Connection.php(395): Illuminate\\Database\\Connection->run()
#4 C:\\Users\\rayan\\Desktop\\Radarleb coding\\vendor\\laravel\\framework\\src\\Illuminate\\Database\\Query\\Builder.php(3117): Illuminate\\Database\\Connection->select()
#5 C:\\Users\\rayan\\Desktop\\Radarleb coding\\vendor\\laravel\\framework\\src\\Illuminate\\Database\\Query\\Builder.php(3102): Illuminate\\Database\\Query\\Builder->runSelect()
#6 C:\\Users\\rayan\\Desktop\\Radarleb coding\\vendor\\laravel\\framework\\src\\Illuminate\\Database\\Query\\Builder.php(3689): Illuminate\\Database\\Query\\Builder->{closure:Illuminate\\Database\\Query\\Builder::get():3101}()
#7 C:\\Users\\rayan\\Desktop\\Radarleb coding\\vendor\\laravel\\framework\\src\\Illuminate\\Database\\Query\\Builder.php(3101): Illuminate\\Database\\Query\\Builder->onceWithColumns()
#8 C:\\Users\\rayan\\Desktop\\Radarleb coding\\vendor\\laravel\\framework\\src\\Illuminate\\Database\\Concerns\\BuildsQueries.php(366): Illuminate\\Database\\Query\\Builder->get()
#9 C:\\Users\\rayan\\Desktop\\Radarleb coding\\vendor\\laravel\\framework\\src\\Illuminate\\Queue\\DatabaseQueue.php(248): Illuminate\\Database\\Query\\Builder->first()
#10 C:\\Users\\rayan\\Desktop\\Radarleb coding\\vendor\\laravel\\framework\\src\\Illuminate\\Queue\\DatabaseQueue.php(226): Illuminate\\Queue\\DatabaseQueue->getNextAvailableJob()
#11 C:\\Users\\rayan\\Desktop\\Radarleb coding\\vendor\\laravel\\framework\\src\\Illuminate\\Database\\Concerns\\ManagesTransactions.php(32): Illuminate\\Queue\\DatabaseQueue->{closure:Illuminate\\Queue\\DatabaseQueue::pop():225}()
#12 C:\\Users\\rayan\\Desktop\\Radarleb coding\\vendor\\laravel\\framework\\src\\Illuminate\\Queue\\DatabaseQueue.php(225): Illuminate\\Database\\Connection->transaction()
#13 C:\\Users\\rayan\\Desktop\\Radarleb coding\\vendor\\laravel\\framework\\src\\Illuminate\\Queue\\Worker.php(350): Illuminate\\Queue\\DatabaseQueue->pop()
#14 C:\\Users\\rayan\\Desktop\\Radarleb coding\\vendor\\laravel\\framework\\src\\Illuminate\\Queue\\Worker.php(365): Illuminate\\Queue\\Worker->{closure:Illuminate\\Queue\\Worker::getNextJob():349}()
#15 C:\\Users\\rayan\\Desktop\\Radarleb coding\\vendor\\laravel\\framework\\src\\Illuminate\\Queue\\Worker.php(326): Illuminate\\Queue\\Worker->getNextJob()
#16 C:\\Users\\rayan\\Desktop\\Radarleb coding\\vendor\\laravel\\framework\\src\\Illuminate\\Queue\\Console\\WorkCommand.php(148): Illuminate\\Queue\\Worker->runNextJob()
#17 C:\\Users\\rayan\\Desktop\\Radarleb coding\\vendor\\laravel\\framework\\src\\Illuminate\\Queue\\Console\\WorkCommand.php(131): Illuminate\\Queue\\Console\\WorkCommand->runWorker()
#18 C:\\Users\\rayan\\Desktop\\Radarleb coding\\vendor\\laravel\\framework\\src\\Illuminate\\Container\\BoundMethod.php(36): Illuminate\\Queue\\Console\\WorkCommand->handle()
#19 C:\\Users\\rayan\\Desktop\\Radarleb coding\\vendor\\laravel\\framework\\src\\Illuminate\\Container\\Util.php(43): Illuminate\\Container\\BoundMethod::{closure:Illuminate\\Container\\BoundMethod::call():35}()
#20 C:\\Users\\rayan\\Desktop\\Radarleb coding\\vendor\\laravel\\framework\\src\\Illuminate\\Container\\BoundMethod.php(96): Illuminate\\Container\\Util::unwrapIfClosure()
#21 C:\\Users\\rayan\\Desktop\\Radarleb coding\\vendor\\laravel\\framework\\src\\Illuminate\\Container\\BoundMethod.php(35): Illuminate\\Container\\BoundMethod::callBoundMethod()
#22 C:\\Users\\rayan\\Desktop\\Radarleb coding\\vendor\\laravel\\framework\\src\\Illuminate\\Container\\Container.php(754): Illuminate\\Container\\BoundMethod::call()
#23 C:\\Users\\rayan\\Desktop\\Radarleb coding\\vendor\\laravel\\framework\\src\\Illuminate\\Console\\Command.php(211): Illuminate\\Container\\Container->call()
#24 C:\\Users\\rayan\\Desktop\\Radarleb coding\\vendor\\symfony\\console\\Command\\Command.php(279): Illuminate\\Console\\Command->execute()
#25 C:\\Users\\rayan\\Desktop\\Radarleb coding\\vendor\\laravel\\framework\\src\\Illuminate\\Console\\Command.php(180): Symfony\\Component\\Console\\Command\\Command->run()
#26 C:\\Users\\rayan\\Desktop\\Radarleb coding\\vendor\\symfony\\console\\Application.php(1094): Illuminate\\Console\\Command->run()
#27 C:\\Users\\rayan\\Desktop\\Radarleb coding\\vendor\\symfony\\console\\Application.php(342): Symfony\\Component\\Console\\Application->doRunCommand()
#28 C:\\Users\\rayan\\Desktop\\Radarleb coding\\vendor\\symfony\\console\\Application.php(193): Symfony\\Component\\Console\\Application->doRun()
#29 C:\\Users\\rayan\\Desktop\\Radarleb coding\\vendor\\laravel\\framework\\src\\Illuminate\\Foundation\\Console\\Kernel.php(197): Symfony\\Component\\Console\\Application->run()
#30 C:\\Users\\rayan\\Desktop\\Radarleb coding\\vendor\\laravel\\framework\\src\\Illuminate\\Foundation\\Application.php(1234): Illuminate\\Foundation\\Console\\Kernel->handle()
#31 C:\\Users\\rayan\\Desktop\\Radarleb coding\\artisan(16): Illuminate\\Foundation\\Application->handleCommand()
#32 {main}
"} 
[2025-12-25 18:07:45] local.ERROR: SQLSTATE[HY000]: General error: 1 no such table: jobs (Connection: sqlite, SQL: select * from "jobs" where "queue" = default and (("reserved_at" is null and "available_at" <= 1766686065) or ("reserved_at" <= 1766685975)) order by "id" asc limit 1) {"exception":"[object] (Illuminate\\Database\\QueryException(code: HY000): SQLSTATE[HY000]: General error: 1 no such table: jobs (Connection: sqlite, SQL: select * from \"jobs\" where \"queue\" = default and ((\"reserved_at\" is null and \"available_at\" <= 1766686065) or (\"reserved_at\" <= 1766685975)) order by \"id\" asc limit 1) at C:\\Users\\rayan\\Desktop\\Radarleb coding\\vendor\\laravel\\framework\\src\\Illuminate\\Database\\Connection.php:822)
[stacktrace]
#0 C:\\Users\\rayan\\Desktop\\Radarleb coding\\vendor\\laravel\\framework\\src\\Illuminate\\Database\\Connection.php(776): Illuminate\\Database\\Connection->runQueryCallback()
#1 C:\\Users\\rayan\\Desktop\\Radarleb coding\\vendor\\laravel\\framework\\src\\Illuminate\\Database\\Connection.php(395): Illuminate\\Database\\Connection->run()
#2 C:\\Users\\rayan\\Desktop\\Radarleb coding\\vendor\\laravel\\framework\\src\\Illuminate\\Database\\Query\\Builder.php(3117): Illuminate\\Database\\Connection->select()
#3 C:\\Users\\rayan\\Desktop\\Radarleb coding\\vendor\\laravel\\framework\\src\\Illuminate\\Database\\Query\\Builder.php(3102): Illuminate\\Database\\Query\\Builder->runSelect()
#4 C:\\Users\\rayan\\Desktop\\Radarleb coding\\vendor\\laravel\\framework\\src\\Illuminate\\Database\\Query\\Builder.php(3689): Illuminate\\Database\\Query\\Builder->{closure:Illuminate\\Database\\Query\\Builder::get():3101}()
#5 C:\\Users\\rayan\\Desktop\\Radarleb coding\\vendor\\laravel\\framework\\src\\Illuminate\\Database\\Query\\Builder.php(3101): Illuminate\\Database\\Query\\Builder->onceWithColumns()
#6 C:\\Users\\rayan\\Desktop\\Radarleb coding\\vendor\\laravel\\framework\\src\\Illuminate\\Database\\Concerns\\BuildsQueries.php(366): Illuminate\\Database\\Query\\Builder->get()
#7 C:\\Users\\rayan\\Desktop\\Radarleb coding\\vendor\\laravel\\framework\\src\\Illuminate\\Queue\\DatabaseQueue.php(248): Illuminate\\Database\\Query\\Builder->first()
#8 C:\\Users\\rayan\\Desktop\\Radarleb coding\\vendor\\laravel\\framework\\src\\Illuminate\\Queue\\DatabaseQueue.php(226): Illuminate\\Queue\\DatabaseQueue->getNextAvailableJob()
#9 C:\\Users\\rayan\\Desktop\\Radarleb coding\\vendor\\laravel\\framework\\src\\Illuminate\\Database\\Concerns\\ManagesTransactions.php(32): Illuminate\\Queue\\DatabaseQueue->{closure:Illuminate\\Queue\\DatabaseQueue::pop():225}()
#10 C:\\Users\\rayan\\Desktop\\Radarleb coding\\vendor\\laravel\\framework\\src\\Illuminate\\Queue\\DatabaseQueue.php(225): Illuminate\\Database\\Connection->transaction()
#11 C:\\Users\\rayan\\Desktop\\Radarleb coding\\vendor\\laravel\\framework\\src\\Illuminate\\Queue\\Worker.php(350): Illuminate\\Queue\\DatabaseQueue->pop()
#12 C:\\Users\\rayan\\Desktop\\Radarleb coding\\vendor\\laravel\\framework\\src\\Illuminate\\Queue\\Worker.php(365): Illuminate\\Queue\\Worker->{closure:Illuminate\\Queue\\Worker::getNextJob():349}()
#13 C:\\Users\\rayan\\Desktop\\Radarleb coding\\vendor\\laravel\\framework\\src\\Illuminate\\Queue\\Worker.php(326): Illuminate\\Queue\\Worker->getNextJob()
#14 C:\\Users\\rayan\\Desktop\\Radarleb coding\\vendor\\laravel\\framework\\src\\Illuminate\\Queue\\Console\\WorkCommand.php(148): Illuminate\\Queue\\Worker->runNextJob()
#15 C:\\Users\\rayan\\Desktop\\Radarleb coding\\vendor\\laravel\\framework\\src\\Illuminate\\Queue\\Console\\WorkCommand.php(131): Illuminate\\Queue\\Console\\WorkCommand->runWorker()
#16 C:\\Users\\rayan\\Desktop\\Radarleb coding\\vendor\\laravel\\framework\\src\\Illuminate\\Container\\BoundMethod.php(36): Illuminate\\Queue\\Console\\WorkCommand->handle()
#17 C:\\Users\\rayan\\Desktop\\Radarleb coding\\vendor\\laravel\\framework\\src\\Illuminate\\Container\\Util.php(43): Illuminate\\Container\\BoundMethod::{closure:Illuminate\\Container\\BoundMethod::call():35}()
#18 C:\\Users\\rayan\\Desktop\\Radarleb coding\\vendor\\laravel\\framework\\src\\Illuminate\\Container\\BoundMethod.php(96): Illuminate\\Container\\Util::unwrapIfClosure()
#19 C:\\Users\\rayan\\Desktop\\Radarleb coding\\vendor\\laravel\\framework\\src\\Illuminate\\Container\\BoundMethod.php(35): Illuminate\\Container\\BoundMethod::callBoundMethod()
#20 C:\\Users\\rayan\\Desktop\\Radarleb coding\\vendor\\laravel\\framework\\src\\Illuminate\\Container\\Container.php(754): Illuminate\\Container\\BoundMethod::call()
#21 C:\\Users\\rayan\\Desktop\\Radarleb coding\\vendor\\laravel\\framework\\src\\Illuminate\\Console\\Command.php(211): Illuminate\\Container\\Container->call()
#22 C:\\Users\\rayan\\Desktop\\Radarleb coding\\vendor\\symfony\\console\\Command\\Command.php(279): Illuminate\\Console\\Command->execute()
#23 C:\\Users\\rayan\\Desktop\\Radarleb coding\\vendor\\laravel\\framework\\src\\Illuminate\\Console\\Command.php(180): Symfony\\Component\\Console\\Command\\Command->run()
#24 C:\\Users\\rayan\\Desktop\\Radarleb coding\\vendor\\symfony\\console\\Application.php(1094): Illuminate\\Console\\Command->run()
#25 C:\\Users\\rayan\\Desktop\\Radarleb coding\\vendor\\symfony\\console\\Application.php(342): Symfony\\Component\\Console\\Application->doRunCommand()
#26 C:\\Users\\rayan\\Desktop\\Radarleb coding\\vendor\\symfony\\console\\Application.php(193): Symfony\\Component\\Console\\Application->doRun()
#27 C:\\Users\\rayan\\Desktop\\Radarleb coding\\vendor\\laravel\\framework\\src\\Illuminate\\Foundation\\Console\\Kernel.php(197): Symfony\\Component\\Console\\Application->run()
#28 C:\\Users\\rayan\\Desktop\\Radarleb coding\\vendor\\laravel\\framework\\src\\Illuminate\\Foundation\\Application.php(1234): Illuminate\\Foundation\\Console\\Kernel->handle()
#29 C:\\Users\\rayan\\Desktop\\Radarleb coding\\artisan(16): Illuminate\\Foundation\\Application->handleCommand()
#30 {main}

[previous exception] [object] (PDOException(code: HY000): SQLSTATE[HY000]: General error: 1 no such table: jobs at C:\\Users\\rayan\\Desktop\\Radarleb coding\\vendor\\laravel\\framework\\src\\Illuminate\\Database\\Connection.php:404)
[stacktrace]
#0 C:\\Users\\rayan\\Desktop\\Radarleb coding\\vendor\\laravel\\framework\\src\\Illuminate\\Database\\Connection.php(404): PDO->prepare()
#1 C:\\Users\\rayan\\Desktop\\Radarleb coding\\vendor\\laravel\\framework\\src\\Illuminate\\Database\\Connection.php(809): Illuminate\\Database\\Connection->{closure:Illuminate\\Database\\Connection::select():395}()
#2 C:\\Users\\rayan\\Desktop\\Radarleb coding\\vendor\\laravel\\framework\\src\\Illuminate\\Database\\Connection.php(776): Illuminate\\Database\\Connection->runQueryCallback()
#3 C:\\Users\\rayan\\Desktop\\Radarleb coding\\vendor\\laravel\\framework\\src\\Illuminate\\Database\\Connection.php(395): Illuminate\\Database\\Connection->run()
#4 C:\\Users\\rayan\\Desktop\\Radarleb coding\\vendor\\laravel\\framework\\src\\Illuminate\\Database\\Query\\Builder.php(3117): Illuminate\\Database\\Connection->select()
#5 C:\\Users\\rayan\\Desktop\\Radarleb coding\\vendor\\laravel\\framework\\src\\Illuminate\\Database\\Query\\Builder.php(3102): Illuminate\\Database\\Query\\Builder->runSelect()
#6 C:\\Users\\rayan\\Desktop\\Radarleb coding\\vendor\\laravel\\framework\\src\\Illuminate\\Database\\Query\\Builder.php(3689): Illuminate\\Database\\Query\\Builder->{closure:Illuminate\\Database\\Query\\Builder::get():3101}()
#7 C:\\Users\\rayan\\Desktop\\Radarleb coding\\vendor\\laravel\\framework\\src\\Illuminate\\Database\\Query\\Builder.php(3101): Illuminate\\Database\\Query\\Builder->onceWithColumns()
#8 C:\\Users\\rayan\\Desktop\\Radarleb coding\\vendor\\laravel\\framework\\src\\Illuminate\\Database\\Concerns\\BuildsQueries.php(366): Illuminate\\Database\\Query\\Builder->get()
#9 C:\\Users\\rayan\\Desktop\\Radarleb coding\\vendor\\laravel\\framework\\src\\Illuminate\\Queue\\DatabaseQueue.php(248): Illuminate\\Database\\Query\\Builder->first()
#10 C:\\Users\\rayan\\Desktop\\Radarleb coding\\vendor\\laravel\\framework\\src\\Illuminate\\Queue\\DatabaseQueue.php(226): Illuminate\\Queue\\DatabaseQueue->getNextAvailableJob()
#11 C:\\Users\\rayan\\Desktop\\Radarleb coding\\vendor\\laravel\\framework\\src\\Illuminate\\Database\\Concerns\\ManagesTransactions.php(32): Illuminate\\Queue\\DatabaseQueue->{closure:Illuminate\\Queue\\DatabaseQueue::pop():225}()
#12 C:\\Users\\rayan\\Desktop\\Radarleb coding\\vendor\\laravel\\framework\\src\\Illuminate\\Queue\\DatabaseQueue.php(225): Illuminate\\Database\\Connection->transaction()
#13 C:\\Users\\rayan\\Desktop\\Radarleb coding\\vendor\\laravel\\framework\\src\\Illuminate\\Queue\\Worker.php(350): Illuminate\\Queue\\DatabaseQueue->pop()
#14 C:\\Users\\rayan\\Desktop\\Radarleb coding\\vendor\\laravel\\framework\\src\\Illuminate\\Queue\\Worker.php(365): Illuminate\\Queue\\Worker->{closure:Illuminate\\Queue\\Worker::getNextJob():349}()
#15 C:\\Users\\rayan\\Desktop\\Radarleb coding\\vendor\\laravel\\framework\\src\\Illuminate\\Queue\\Worker.php(326): Illuminate\\Queue\\Worker->getNextJob()
#16 C:\\Users\\rayan\\Desktop\\Radarleb coding\\vendor\\laravel\\framework\\src\\Illuminate\\Queue\\Console\\WorkCommand.php(148): Illuminate\\Queue\\Worker->runNextJob()
#17 C:\\Users\\rayan\\Desktop\\Radarleb coding\\vendor\\laravel\\framework\\src\\Illuminate\\Queue\\Console\\WorkCommand.php(131): Illuminate\\Queue\\Console\\WorkCommand->runWorker()
#18 C:\\Users\\rayan\\Desktop\\Radarleb coding\\vendor\\laravel\\framework\\src\\Illuminate\\Container\\BoundMethod.php(36): Illuminate\\Queue\\Console\\WorkCommand->handle()
#19 C:\\Users\\rayan\\Desktop\\Radarleb coding\\vendor\\laravel\\framework\\src\\Illuminate\\Container\\Util.php(43): Illuminate\\Container\\BoundMethod::{closure:Illuminate\\Container\\BoundMethod::call():35}()
#20 C:\\Users\\rayan\\Desktop\\Radarleb coding\\vendor\\laravel\\framework\\src\\Illuminate\\Container\\BoundMethod.php(96): Illuminate\\Container\\Util::unwrapIfClosure()
#21 C:\\Users\\rayan\\Desktop\\Radarleb coding\\vendor\\laravel\\framework\\src\\Illuminate\\Container\\BoundMethod.php(35): Illuminate\\Container\\BoundMethod::callBoundMethod()
#22 C:\\Users\\rayan\\Desktop\\Radarleb coding\\vendor\\laravel\\framework\\src\\Illuminate\\Container\\Container.php(754): Illuminate\\Container\\BoundMethod::call()
#23 C:\\Users\\rayan\\Desktop\\Radarleb coding\\vendor\\laravel\\framework\\src\\Illuminate\\Console\\Command.php(211): Illuminate\\Container\\Container->call()
#24 C:\\Users\\rayan\\Desktop\\Radarleb coding\\vendor\\symfony\\console\\Command\\Command.php(279): Illuminate\\Console\\Command->execute()
#25 C:\\Users\\rayan\\Desktop\\Radarleb coding\\vendor\\laravel\\framework\\src\\Illuminate\\Console\\Command.php(180): Symfony\\Component\\Console\\Command\\Command->run()
#26 C:\\Users\\rayan\\Desktop\\Radarleb coding\\vendor\\symfony\\console\\Application.php(1094): Illuminate\\Console\\Command->run()
#27 C:\\Users\\rayan\\Desktop\\Radarleb coding\\vendor\\symfony\\console\\Application.php(342): Symfony\\Component\\Console\\Application->doRunCommand()
#28 C:\\Users\\rayan\\Desktop\\Radarleb coding\\vendor\\symfony\\console\\Application.php(193): Symfony\\Component\\Console\\Application->doRun()
#29 C:\\Users\\rayan\\Desktop\\Radarleb coding\\vendor\\laravel\\framework\\src\\Illuminate\\Foundation\\Console\\Kernel.php(197): Symfony\\Component\\Console\\Application->run()
#30 C:\\Users\\rayan\\Desktop\\Radarleb coding\\vendor\\laravel\\framework\\src\\Illuminate\\Foundation\\Application.php(1234): Illuminate\\Foundation\\Console\\Kernel->handle()
#31 C:\\Users\\rayan\\Desktop\\Radarleb coding\\artisan(16): Illuminate\\Foundation\\Application->handleCommand()
#32 {main}
"} 
[2025-12-25 18:07:50] local.ERROR: SQLSTATE[HY000]: General error: 1 no such table: jobs (Connection: sqlite, SQL: select * from "jobs" where "queue" = default and (("reserved_at" is null and "available_at" <= 1766686070) or ("reserved_at" <= 1766685980)) order by "id" asc limit 1) {"exception":"[object] (Illuminate\\Database\\QueryException(code: HY000): SQLSTATE[HY000]: General error: 1 no such table: jobs (Connection: sqlite, SQL: select * from \"jobs\" where \"queue\" = default and ((\"reserved_at\" is null and \"available_at\" <= 1766686070) or (\"reserved_at\" <= 1766685980)) order by \"id\" asc limit 1) at C:\\Users\\rayan\\Desktop\\Radarleb coding\\vendor\\laravel\\framework\\src\\Illuminate\\Database\\Connection.php:822)
[stacktrace]
#0 C:\\Users\\rayan\\Desktop\\Radarleb coding\\vendor\\laravel\\framework\\src\\Illuminate\\Database\\Connection.php(776): Illuminate\\Database\\Connection->runQueryCallback()
#1 C:\\Users\\rayan\\Desktop\\Radarleb coding\\vendor\\laravel\\framework\\src\\Illuminate\\Database\\Connection.php(395): Illuminate\\Database\\Connection->run()
#2 C:\\Users\\rayan\\Desktop\\Radarleb coding\\vendor\\laravel\\framework\\src\\Illuminate\\Database\\Query\\Builder.php(3117): Illuminate\\Database\\Connection->select()
#3 C:\\Users\\rayan\\Desktop\\Radarleb coding\\vendor\\laravel\\framework\\src\\Illuminate\\Database\\Query\\Builder.php(3102): Illuminate\\Database\\Query\\Builder->runSelect()
#4 C:\\Users\\rayan\\Desktop\\Radarleb coding\\vendor\\laravel\\framework\\src\\Illuminate\\Database\\Query\\Builder.php(3689): Illuminate\\Database\\Query\\Builder->{closure:Illuminate\\Database\\Query\\Builder::get():3101}()
#5 C:\\Users\\rayan\\Desktop\\Radarleb coding\\vendor\\laravel\\framework\\src\\Illuminate\\Database\\Query\\Builder.php(3101): Illuminate\\Database\\Query\\Builder->onceWithColumns()
#6 C:\\Users\\rayan\\Desktop\\Radarleb coding\\vendor\\laravel\\framework\\src\\Illuminate\\Database\\Concerns\\BuildsQueries.php(366): Illuminate\\Database\\Query\\Builder->get()
#7 C:\\Users\\rayan\\Desktop\\Radarleb coding\\vendor\\laravel\\framework\\src\\Illuminate\\Queue\\DatabaseQueue.php(248): Illuminate\\Database\\Query\\Builder->first()
#8 C:\\Users\\rayan\\Desktop\\Radarleb coding\\vendor\\laravel\\framework\\src\\Illuminate\\Queue\\DatabaseQueue.php(226): Illuminate\\Queue\\DatabaseQueue->getNextAvailableJob()
#9 C:\\Users\\rayan\\Desktop\\Radarleb coding\\vendor\\laravel\\framework\\src\\Illuminate\\Database\\Concerns\\ManagesTransactions.php(32): Illuminate\\Queue\\DatabaseQueue->{closure:Illuminate\\Queue\\DatabaseQueue::pop():225}()
#10 C:\\Users\\rayan\\Desktop\\Radarleb coding\\vendor\\laravel\\framework\\src\\Illuminate\\Queue\\DatabaseQueue.php(225): Illuminate\\Database\\Connection->transaction()
#11 C:\\Users\\rayan\\Desktop\\Radarleb coding\\vendor\\laravel\\framework\\src\\Illuminate\\Queue\\Worker.php(350): Illuminate\\Queue\\DatabaseQueue->pop()
#12 C:\\Users\\rayan\\Desktop\\Radarleb coding\\vendor\\laravel\\framework\\src\\Illuminate\\Queue\\Worker.php(365): Illuminate\\Queue\\Worker->{closure:Illuminate\\Queue\\Worker::getNextJob():349}()
#13 C:\\Users\\rayan\\Desktop\\Radarleb coding\\vendor\\laravel\\framework\\src\\Illuminate\\Queue\\Worker.php(326): Illuminate\\Queue\\Worker->getNextJob()
#14 C:\\Users\\rayan\\Desktop\\Radarleb coding\\vendor\\laravel\\framework\\src\\Illuminate\\Queue\\Console\\WorkCommand.php(148): Illuminate\\Queue\\Worker->runNextJob()
#15 C:\\Users\\rayan\\Desktop\\Radarleb coding\\vendor\\laravel\\framework\\src\\Illuminate\\Queue\\Console\\WorkCommand.php(131): Illuminate\\Queue\\Console\\WorkCommand->runWorker()
#16 C:\\Users\\rayan\\Desktop\\Radarleb coding\\vendor\\laravel\\framework\\src\\Illuminate\\Container\\BoundMethod.php(36): Illuminate\\Queue\\Console\\WorkCommand->handle()
#17 C:\\Users\\rayan\\Desktop\\Radarleb coding\\vendor\\laravel\\framework\\src\\Illuminate\\Container\\Util.php(43): Illuminate\\Container\\BoundMethod::{closure:Illuminate\\Container\\BoundMethod::call():35}()
#18 C:\\Users\\rayan\\Desktop\\Radarleb coding\\vendor\\laravel\\framework\\src\\Illuminate\\Container\\BoundMethod.php(96): Illuminate\\Container\\Util::unwrapIfClosure()
#19 C:\\Users\\rayan\\Desktop\\Radarleb coding\\vendor\\laravel\\framework\\src\\Illuminate\\Container\\BoundMethod.php(35): Illuminate\\Container\\BoundMethod::callBoundMethod()
#20 C:\\Users\\rayan\\Desktop\\Radarleb coding\\vendor\\laravel\\framework\\src\\Illuminate\\Container\\Container.php(754): Illuminate\\Container\\BoundMethod::call()
#21 C:\\Users\\rayan\\Desktop\\Radarleb coding\\vendor\\laravel\\framework\\src\\Illuminate\\Console\\Command.php(211): Illuminate\\Container\\Container->call()
#22 C:\\Users\\rayan\\Desktop\\Radarleb coding\\vendor\\symfony\\console\\Command\\Command.php(279): Illuminate\\Console\\Command->execute()
#23 C:\\Users\\rayan\\Desktop\\Radarleb coding\\vendor\\laravel\\framework\\src\\Illuminate\\Console\\Command.php(180): Symfony\\Component\\Console\\Command\\Command->run()
#24 C:\\Users\\rayan\\Desktop\\Radarleb coding\\vendor\\symfony\\console\\Application.php(1094): Illuminate\\Console\\Command->run()
#25 C:\\Users\\rayan\\Desktop\\Radarleb coding\\vendor\\symfony\\console\\Application.php(342): Symfony\\Component\\Console\\Application->doRunCommand()
#26 C:\\Users\\rayan\\Desktop\\Radarleb coding\\vendor\\symfony\\console\\Application.php(193): Symfony\\Component\\Console\\Application->doRun()
#27 C:\\Users\\rayan\\Desktop\\Radarleb coding\\vendor\\laravel\\framework\\src\\Illuminate\\Foundation\\Console\\Kernel.php(197): Symfony\\Component\\Console\\Application->run()
#28 C:\\Users\\rayan\\Desktop\\Radarleb coding\\vendor\\laravel\\framework\\src\\Illuminate\\Foundation\\Application.php(1234): Illuminate\\Foundation\\Console\\Kernel->handle()
#29 C:\\Users\\rayan\\Desktop\\Radarleb coding\\artisan(16): Illuminate\\Foundation\\Application->handleCommand()
#30 {main}

[previous exception] [object] (PDOException(code: HY000): SQLSTATE[HY000]: General error: 1 no such table: jobs at C:\\Users\\rayan\\Desktop\\Radarleb coding\\vendor\\laravel\\framework\\src\\Illuminate\\Database\\Connection.php:404)
[stacktrace]
#0 C:\\Users\\rayan\\Desktop\\Radarleb coding\\vendor\\laravel\\framework\\src\\Illuminate\\Database\\Connection.php(404): PDO->prepare()
#1 C:\\Users\\rayan\\Desktop\\Radarleb coding\\vendor\\laravel\\framework\\src\\Illuminate\\Database\\Connection.php(809): Illuminate\\Database\\Connection->{closure:Illuminate\\Database\\Connection::select():395}()
#2 C:\\Users\\rayan\\Desktop\\Radarleb coding\\vendor\\laravel\\framework\\src\\Illuminate\\Database\\Connection.php(776): Illuminate\\Database\\Connection->runQueryCallback()
#3 C:\\Users\\rayan\\Desktop\\Radarleb coding\\vendor\\laravel\\framework\\src\\Illuminate\\Database\\Connection.php(395): Illuminate\\Database\\Connection->run()
#4 C:\\Users\\rayan\\Desktop\\Radarleb coding\\vendor\\laravel\\framework\\src\\Illuminate\\Database\\Query\\Builder.php(3117): Illuminate\\Database\\Connection->select()
#5 C:\\Users\\rayan\\Desktop\\Radarleb coding\\vendor\\laravel\\framework\\src\\Illuminate\\Database\\Query\\Builder.php(3102): Illuminate\\Database\\Query\\Builder->runSelect()
#6 C:\\Users\\rayan\\Desktop\\Radarleb coding\\vendor\\laravel\\framework\\src\\Illuminate\\Database\\Query\\Builder.php(3689): Illuminate\\Database\\Query\\Builder->{closure:Illuminate\\Database\\Query\\Builder::get():3101}()
#7 C:\\Users\\rayan\\Desktop\\Radarleb coding\\vendor\\laravel\\framework\\src\\Illuminate\\Database\\Query\\Builder.php(3101): Illuminate\\Database\\Query\\Builder->onceWithColumns()
#8 C:\\Users\\rayan\\Desktop\\Radarleb coding\\vendor\\laravel\\framework\\src\\Illuminate\\Database\\Concerns\\BuildsQueries.php(366): Illuminate\\Database\\Query\\Builder->get()
#9 C:\\Users\\rayan\\Desktop\\Radarleb coding\\vendor\\laravel\\framework\\src\\Illuminate\\Queue\\DatabaseQueue.php(248): Illuminate\\Database\\Query\\Builder->first()
#10 C:\\Users\\rayan\\Desktop\\Radarleb coding\\vendor\\laravel\\framework\\src\\Illuminate\\Queue\\DatabaseQueue.php(226): Illuminate\\Queue\\DatabaseQueue->getNextAvailableJob()
#11 C:\\Users\\rayan\\Desktop\\Radarleb coding\\vendor\\laravel\\framework\\src\\Illuminate\\Database\\Concerns\\ManagesTransactions.php(32): Illuminate\\Queue\\DatabaseQueue->{closure:Illuminate\\Queue\\DatabaseQueue::pop():225}()
#12 C:\\Users\\rayan\\Desktop\\Radarleb coding\\vendor\\laravel\\framework\\src\\Illuminate\\Queue\\DatabaseQueue.php(225): Illuminate\\Database\\Connection->transaction()
#13 C:\\Users\\rayan\\Desktop\\Radarleb coding\\vendor\\laravel\\framework\\src\\Illuminate\\Queue\\Worker.php(350): Illuminate\\Queue\\DatabaseQueue->pop()
#14 C:\\Users\\rayan\\Desktop\\Radarleb coding\\vendor\\laravel\\framework\\src\\Illuminate\\Queue\\Worker.php(365): Illuminate\\Queue\\Worker->{closure:Illuminate\\Queue\\Worker::getNextJob():349}()
#15 C:\\Users\\rayan\\Desktop\\Radarleb coding\\vendor\\laravel\\framework\\src\\Illuminate\\Queue\\Worker.php(326): Illuminate\\Queue\\Worker->getNextJob()
#16 C:\\Users\\rayan\\Desktop\\Radarleb coding\\vendor\\laravel\\framework\\src\\Illuminate\\Queue\\Console\\WorkCommand.php(148): Illuminate\\Queue\\Worker->runNextJob()
#17 C:\\Users\\rayan\\Desktop\\Radarleb coding\\vendor\\laravel\\framework\\src\\Illuminate\\Queue\\Console\\WorkCommand.php(131): Illuminate\\Queue\\Console\\WorkCommand->runWorker()
#18 C:\\Users\\rayan\\Desktop\\Radarleb coding\\vendor\\laravel\\framework\\src\\Illuminate\\Container\\BoundMethod.php(36): Illuminate\\Queue\\Console\\WorkCommand->handle()
#19 C:\\Users\\rayan\\Desktop\\Radarleb coding\\vendor\\laravel\\framework\\src\\Illuminate\\Container\\Util.php(43): Illuminate\\Container\\BoundMethod::{closure:Illuminate\\Container\\BoundMethod::call():35}()
#20 C:\\Users\\rayan\\Desktop\\Radarleb coding\\vendor\\laravel\\framework\\src\\Illuminate\\Container\\BoundMethod.php(96): Illuminate\\Container\\Util::unwrapIfClosure()
#21 C:\\Users\\rayan\\Desktop\\Radarleb coding\\vendor\\laravel\\framework\\src\\Illuminate\\Container\\BoundMethod.php(35): Illuminate\\Container\\BoundMethod::callBoundMethod()
#22 C:\\Users\\rayan\\Desktop\\Radarleb coding\\vendor\\laravel\\framework\\src\\Illuminate\\Container\\Container.php(754): Illuminate\\Container\\BoundMethod::call()
#23 C:\\Users\\rayan\\Desktop\\Radarleb coding\\vendor\\laravel\\framework\\src\\Illuminate\\Console\\Command.php(211): Illuminate\\Container\\Container->call()
#24 C:\\Users\\rayan\\Desktop\\Radarleb coding\\vendor\\symfony\\console\\Command\\Command.php(279): Illuminate\\Console\\Command->execute()
#25 C:\\Users\\rayan\\Desktop\\Radarleb coding\\vendor\\laravel\\framework\\src\\Illuminate\\Console\\Command.php(180): Symfony\\Component\\Console\\Command\\Command->run()
#26 C:\\Users\\rayan\\Desktop\\Radarleb coding\\vendor\\symfony\\console\\Application.php(1094): Illuminate\\Console\\Command->run()
#27 C:\\Users\\rayan\\Desktop\\Radarleb coding\\vendor\\symfony\\console\\Application.php(342): Symfony\\Component\\Console\\Application->doRunCommand()
#28 C:\\Users\\rayan\\Desktop\\Radarleb coding\\vendor\\symfony\\console\\Application.php(193): Symfony\\Component\\Console\\Application->doRun()
#29 C:\\Users\\rayan\\Desktop\\Radarleb coding\\vendor\\laravel\\framework\\src\\Illuminate\\Foundation\\Console\\Kernel.php(197): Symfony\\Component\\Console\\Application->run()
#30 C:\\Users\\rayan\\Desktop\\Radarleb coding\\vendor\\laravel\\framework\\src\\Illuminate\\Foundation\\Application.php(1234): Illuminate\\Foundation\\Console\\Kernel->handle()
#31 C:\\Users\\rayan\\Desktop\\Radarleb coding\\artisan(16): Illuminate\\Foundation\\Application->handleCommand()
#32 {main}
"} 
[2025-12-25 18:07:52] local.ERROR: Target class [App\Http\Middleware\HandleInertiaRequests] does not exist. {"exception":"[object] (Illuminate\\Contracts\\Container\\BindingResolutionException(code: 0): Target class [App\\Http\\Middleware\\HandleInertiaRequests] does not exist. at C:\\Users\\rayan\\Desktop\\Radarleb coding\\vendor\\laravel\\framework\\src\\Illuminate\\Container\\Container.php:1019)
[stacktrace]
#0 C:\\Users\\rayan\\Desktop\\Radarleb coding\\vendor\\laravel\\framework\\src\\Illuminate\\Container\\Container.php(890): Illuminate\\Container\\Container->build()
#1 C:\\Users\\rayan\\Desktop\\Radarleb coding\\vendor\\laravel\\framework\\src\\Illuminate\\Foundation\\Application.php(1077): Illuminate\\Container\\Container->resolve()
#2 C:\\Users\\rayan\\Desktop\\Radarleb coding\\vendor\\laravel\\framework\\src\\Illuminate\\Container\\Container.php(821): Illuminate\\Foundation\\Application->resolve()
#3 C:\\Users\\rayan\\Desktop\\Radarleb coding\\vendor\\laravel\\framework\\src\\Illuminate\\Foundation\\Application.php(1057): Illuminate\\Container\\Container->make()
#4 C:\\Users\\rayan\\Desktop\\Radarleb coding\\vendor\\laravel\\framework\\src\\Illuminate\\Foundation\\Http\\Kernel.php(257): Illuminate\\Foundation\\Application->make()
#5 C:\\Users\\rayan\\Desktop\\Radarleb coding\\vendor\\laravel\\framework\\src\\Illuminate\\Foundation\\Http\\Kernel.php(215): Illuminate\\Foundation\\Http\\Kernel->terminateMiddleware()
#6 C:\\Users\\rayan\\Desktop\\Radarleb coding\\vendor\\laravel\\framework\\src\\Illuminate\\Foundation\\Application.php(1221): Illuminate\\Foundation\\Http\\Kernel->terminate()
#7 C:\\Users\\rayan\\Desktop\\Radarleb coding\\public\\index.php(20): Illuminate\\Foundation\\Application->handleRequest()
#8 C:\\Users\\rayan\\Desktop\\Radarleb coding\\vendor\\laravel\\framework\\src\\Illuminate\\Foundation\\resources\\server.php(23): require_once('...')
#9 {main}

[previous exception] [object] (ReflectionException(code: -1): Class \"App\\Http\\Middleware\\HandleInertiaRequests\" does not exist at C:\\Users\\rayan\\Desktop\\Radarleb coding\\vendor\\laravel\\framework\\src\\Illuminate\\Container\\Container.php:1017)
[stacktrace]
#0 C:\\Users\\rayan\\Desktop\\Radarleb coding\\vendor\\laravel\\framework\\src\\Illuminate\\Container\\Container.php(1017): ReflectionClass->__construct()
#1 C:\\Users\\rayan\\Desktop\\Radarleb coding\\vendor\\laravel\\framework\\src\\Illuminate\\Container\\Container.php(890): Illuminate\\Container\\Container->build()
#2 C:\\Users\\rayan\\Desktop\\Radarleb coding\\vendor\\laravel\\framework\\src\\Illuminate\\Foundation\\Application.php(1077): Illuminate\\Container\\Container->resolve()
#3 C:\\Users\\rayan\\Desktop\\Radarleb coding\\vendor\\laravel\\framework\\src\\Illuminate\\Container\\Container.php(821): Illuminate\\Foundation\\Application->resolve()
#4 C:\\Users\\rayan\\Desktop\\Radarleb coding\\vendor\\laravel\\framework\\src\\Illuminate\\Foundation\\Application.php(1057): Illuminate\\Container\\Container->make()
#5 C:\\Users\\rayan\\Desktop\\Radarleb coding\\vendor\\laravel\\framework\\src\\Illuminate\\Foundation\\Http\\Kernel.php(257): Illuminate\\Foundation\\Application->make()
#6 C:\\Users\\rayan\\Desktop\\Radarleb coding\\vendor\\laravel\\framework\\src\\Illuminate\\Foundation\\Http\\Kernel.php(215): Illuminate\\Foundation\\Http\\Kernel->terminateMiddleware()
#7 C:\\Users\\rayan\\Desktop\\Radarleb coding\\vendor\\laravel\\framework\\src\\Illuminate\\Foundation\\Application.php(1221): Illuminate\\Foundation\\Http\\Kernel->terminate()
#8 C:\\Users\\rayan\\Desktop\\Radarleb coding\\public\\index.php(20): Illuminate\\Foundation\\Application->handleRequest()
#9 C:\\Users\\rayan\\Desktop\\Radarleb coding\\vendor\\laravel\\framework\\src\\Illuminate\\Foundation\\resources\\server.php(23): require_once('...')
#10 {main}
"} 
[2025-12-25 18:07:54] local.ERROR: SQLSTATE[HY000]: General error: 1 no such table: jobs (Connection: sqlite, SQL: select * from "jobs" where "queue" = default and (("reserved_at" is null and "available_at" <= 1766686074) or ("reserved_at" <= 1766685984)) order by "id" asc limit 1) {"exception":"[object] (Illuminate\\Database\\QueryException(code: HY000): SQLSTATE[HY000]: General error: 1 no such table: jobs (Connection: sqlite, SQL: select * from \"jobs\" where \"queue\" = default and ((\"reserved_at\" is null and \"available_at\" <= 1766686074) or (\"reserved_at\" <= 1766685984)) order by \"id\" asc limit 1) at C:\\Users\\rayan\\Desktop\\Radarleb coding\\vendor\\laravel\\framework\\src\\Illuminate\\Database\\Connection.php:822)
[stacktrace]
#0 C:\\Users\\rayan\\Desktop\\Radarleb coding\\vendor\\laravel\\framework\\src\\Illuminate\\Database\\Connection.php(776): Illuminate\\Database\\Connection->runQueryCallback()
#1 C:\\Users\\rayan\\Desktop\\Radarleb coding\\vendor\\laravel\\framework\\src\\Illuminate\\Database\\Connection.php(395): Illuminate\\Database\\Connection->run()
#2 C:\\Users\\rayan\\Desktop\\Radarleb coding\\vendor\\laravel\\framework\\src\\Illuminate\\Database\\Query\\Builder.php(3117): Illuminate\\Database\\Connection->select()
#3 C:\\Users\\rayan\\Desktop\\Radarleb coding\\vendor\\laravel\\framework\\src\\Illuminate\\Database\\Query\\Builder.php(3102): Illuminate\\Database\\Query\\Builder->runSelect()
#4 C:\\Users\\rayan\\Desktop\\Radarleb coding\\vendor\\laravel\\framework\\src\\Illuminate\\Database\\Query\\Builder.php(3689): Illuminate\\Database\\Query\\Builder->{closure:Illuminate\\Database\\Query\\Builder::get():3101}()
#5 C:\\Users\\rayan\\Desktop\\Radarleb coding\\vendor\\laravel\\framework\\src\\Illuminate\\Database\\Query\\Builder.php(3101): Illuminate\\Database\\Query\\Builder->onceWithColumns()
#6 C:\\Users\\rayan\\Desktop\\Radarleb coding\\vendor\\laravel\\framework\\src\\Illuminate\\Database\\Concerns\\BuildsQueries.php(366): Illuminate\\Database\\Query\\Builder->get()
#7 C:\\Users\\rayan\\Desktop\\Radarleb coding\\vendor\\laravel\\framework\\src\\Illuminate\\Queue\\DatabaseQueue.php(248): Illuminate\\Database\\Query\\Builder->first()
#8 C:\\Users\\rayan\\Desktop\\Radarleb coding\\vendor\\laravel\\framework\\src\\Illuminate\\Queue\\DatabaseQueue.php(226): Illuminate\\Queue\\DatabaseQueue->getNextAvailableJob()
#9 C:\\Users\\rayan\\Desktop\\Radarleb coding\\vendor\\laravel\\framework\\src\\Illuminate\\Database\\Concerns\\ManagesTransactions.php(32): Illuminate\\Queue\\DatabaseQueue->{closure:Illuminate\\Queue\\DatabaseQueue::pop():225}()
#10 C:\\Users\\rayan\\Desktop\\Radarleb coding\\vendor\\laravel\\framework\\src\\Illuminate\\Queue\\DatabaseQueue.php(225): Illuminate\\Database\\Connection->transaction()
#11 C:\\Users\\rayan\\Desktop\\Radarleb coding\\vendor\\laravel\\framework\\src\\Illuminate\\Queue\\Worker.php(350): Illuminate\\Queue\\DatabaseQueue->pop()
#12 C:\\Users\\rayan\\Desktop\\Radarleb coding\\vendor\\laravel\\framework\\src\\Illuminate\\Queue\\Worker.php(365): Illuminate\\Queue\\Worker->{closure:Illuminate\\Queue\\Worker::getNextJob():349}()
#13 C:\\Users\\rayan\\Desktop\\Radarleb coding\\vendor\\laravel\\framework\\src\\Illuminate\\Queue\\Worker.php(326): Illuminate\\Queue\\Worker->getNextJob()
#14 C:\\Users\\rayan\\Desktop\\Radarleb coding\\vendor\\laravel\\framework\\src\\Illuminate\\Queue\\Console\\WorkCommand.php(148): Illuminate\\Queue\\Worker->runNextJob()
#15 C:\\Users\\rayan\\Desktop\\Radarleb coding\\vendor\\laravel\\framework\\src\\Illuminate\\Queue\\Console\\WorkCommand.php(131): Illuminate\\Queue\\Console\\WorkCommand->runWorker()
#16 C:\\Users\\rayan\\Desktop\\Radarleb coding\\vendor\\laravel\\framework\\src\\Illuminate\\Container\\BoundMethod.php(36): Illuminate\\Queue\\Console\\WorkCommand->handle()
#17 C:\\Users\\rayan\\Desktop\\Radarleb coding\\vendor\\laravel\\framework\\src\\Illuminate\\Container\\Util.php(43): Illuminate\\Container\\BoundMethod::{closure:Illuminate\\Container\\BoundMethod::call():35}()
#18 C:\\Users\\rayan\\Desktop\\Radarleb coding\\vendor\\laravel\\framework\\src\\Illuminate\\Container\\BoundMethod.php(96): Illuminate\\Container\\Util::unwrapIfClosure()
#19 C:\\Users\\rayan\\Desktop\\Radarleb coding\\vendor\\laravel\\framework\\src\\Illuminate\\Container\\BoundMethod.php(35): Illuminate\\Container\\BoundMethod::callBoundMethod()
#20 C:\\Users\\rayan\\Desktop\\Radarleb coding\\vendor\\laravel\\framework\\src\\Illuminate\\Container\\Container.php(754): Illuminate\\Container\\BoundMethod::call()
#21 C:\\Users\\rayan\\Desktop\\Radarleb coding\\vendor\\laravel\\framework\\src\\Illuminate\\Console\\Command.php(211): Illuminate\\Container\\Container->call()
#22 C:\\Users\\rayan\\Desktop\\Radarleb coding\\vendor\\symfony\\console\\Command\\Command.php(279): Illuminate\\Console\\Command->execute()
#23 C:\\Users\\rayan\\Desktop\\Radarleb coding\\vendor\\laravel\\framework\\src\\Illuminate\\Console\\Command.php(180): Symfony\\Component\\Console\\Command\\Command->run()
#24 C:\\Users\\rayan\\Desktop\\Radarleb coding\\vendor\\symfony\\console\\Application.php(1094): Illuminate\\Console\\Command->run()
#25 C:\\Users\\rayan\\Desktop\\Radarleb coding\\vendor\\symfony\\console\\Application.php(342): Symfony\\Component\\Console\\Application->doRunCommand()
#26 C:\\Users\\rayan\\Desktop\\Radarleb coding\\vendor\\symfony\\console\\Application.php(193): Symfony\\Component\\Console\\Application->doRun()
#27 C:\\Users\\rayan\\Desktop\\Radarleb coding\\vendor\\laravel\\framework\\src\\Illuminate\\Foundation\\Console\\Kernel.php(197): Symfony\\Component\\Console\\Application->run()
#28 C:\\Users\\rayan\\Desktop\\Radarleb coding\\vendor\\laravel\\framework\\src\\Illuminate\\Foundation\\Application.php(1234): Illuminate\\Foundation\\Console\\Kernel->handle()
#29 C:\\Users\\rayan\\Desktop\\Radarleb coding\\artisan(16): Illuminate\\Foundation\\Application->handleCommand()
#30 {main}

[previous exception] [object] (PDOException(code: HY000): SQLSTATE[HY000]: General error: 1 no such table: jobs at C:\\Users\\rayan\\Desktop\\Radarleb coding\\vendor\\laravel\\framework\\src\\Illuminate\\Database\\Connection.php:404)
[stacktrace]
#0 C:\\Users\\rayan\\Desktop\\Radarleb coding\\vendor\\laravel\\framework\\src\\Illuminate\\Database\\Connection.php(404): PDO->prepare()
#1 C:\\Users\\rayan\\Desktop\\Radarleb coding\\vendor\\laravel\\framework\\src\\Illuminate\\Database\\Connection.php(809): Illuminate\\Database\\Connection->{closure:Illuminate\\Database\\Connection::select():395}()
#2 C:\\Users\\rayan\\Desktop\\Radarleb coding\\vendor\\laravel\\framework\\src\\Illuminate\\Database\\Connection.php(776): Illuminate\\Database\\Connection->runQueryCallback()
#3 C:\\Users\\rayan\\Desktop\\Radarleb coding\\vendor\\laravel\\framework\\src\\Illuminate\\Database\\Connection.php(395): Illuminate\\Database\\Connection->run()
#4 C:\\Users\\rayan\\Desktop\\Radarleb coding\\vendor\\laravel\\framework\\src\\Illuminate\\Database\\Query\\Builder.php(3117): Illuminate\\Database\\Connection->select()
#5 C:\\Users\\rayan\\Desktop\\Radarleb coding\\vendor\\laravel\\framework\\src\\Illuminate\\Database\\Query\\Builder.php(3102): Illuminate\\Database\\Query\\Builder->runSelect()
#6 C:\\Users\\rayan\\Desktop\\Radarleb coding\\vendor\\laravel\\framework\\src\\Illuminate\\Database\\Query\\Builder.php(3689): Illuminate\\Database\\Query\\Builder->{closure:Illuminate\\Database\\Query\\Builder::get():3101}()
#7 C:\\Users\\rayan\\Desktop\\Radarleb coding\\vendor\\laravel\\framework\\src\\Illuminate\\Database\\Query\\Builder.php(3101): Illuminate\\Database\\Query\\Builder->onceWithColumns()
#8 C:\\Users\\rayan\\Desktop\\Radarleb coding\\vendor\\laravel\\framework\\src\\Illuminate\\Database\\Concerns\\BuildsQueries.php(366): Illuminate\\Database\\Query\\Builder->get()
#9 C:\\Users\\rayan\\Desktop\\Radarleb coding\\vendor\\laravel\\framework\\src\\Illuminate\\Queue\\DatabaseQueue.php(248): Illuminate\\Database\\Query\\Builder->first()
#10 C:\\Users\\rayan\\Desktop\\Radarleb coding\\vendor\\laravel\\framework\\src\\Illuminate\\Queue\\DatabaseQueue.php(226): Illuminate\\Queue\\DatabaseQueue->getNextAvailableJob()
#11 C:\\Users\\rayan\\Desktop\\Radarleb coding\\vendor\\laravel\\framework\\src\\Illuminate\\Database\\Concerns\\ManagesTransactions.php(32): Illuminate\\Queue\\DatabaseQueue->{closure:Illuminate\\Queue\\DatabaseQueue::pop():225}()
#12 C:\\Users\\rayan\\Desktop\\Radarleb coding\\vendor\\laravel\\framework\\src\\Illuminate\\Queue\\DatabaseQueue.php(225): Illuminate\\Database\\Connection->transaction()
#13 C:\\Users\\rayan\\Desktop\\Radarleb coding\\vendor\\laravel\\framework\\src\\Illuminate\\Queue\\Worker.php(350): Illuminate\\Queue\\DatabaseQueue->pop()
#14 C:\\Users\\rayan\\Desktop\\Radarleb coding\\vendor\\laravel\\framework\\src\\Illuminate\\Queue\\Worker.php(365): Illuminate\\Queue\\Worker->{closure:Illuminate\\Queue\\Worker::getNextJob():349}()
#15 C:\\Users\\rayan\\Desktop\\Radarleb coding\\vendor\\laravel\\framework\\src\\Illuminate\\Queue\\Worker.php(326): Illuminate\\Queue\\Worker->getNextJob()
#16 C:\\Users\\rayan\\Desktop\\Radarleb coding\\vendor\\laravel\\framework\\src\\Illuminate\\Queue\\Console\\WorkCommand.php(148): Illuminate\\Queue\\Worker->runNextJob()
#17 C:\\Users\\rayan\\Desktop\\Radarleb coding\\vendor\\laravel\\framework\\src\\Illuminate\\Queue\\Console\\WorkCommand.php(131): Illuminate\\Queue\\Console\\WorkCommand->runWorker()
#18 C:\\Users\\rayan\\Desktop\\Radarleb coding\\vendor\\laravel\\framework\\src\\Illuminate\\Container\\BoundMethod.php(36): Illuminate\\Queue\\Console\\WorkCommand->handle()
#19 C:\\Users\\rayan\\Desktop\\Radarleb coding\\vendor\\laravel\\framework\\src\\Illuminate\\Container\\Util.php(43): Illuminate\\Container\\BoundMethod::{closure:Illuminate\\Container\\BoundMethod::call():35}()
#20 C:\\Users\\rayan\\Desktop\\Radarleb coding\\vendor\\laravel\\framework\\src\\Illuminate\\Container\\BoundMethod.php(96): Illuminate\\Container\\Util::unwrapIfClosure()
#21 C:\\Users\\rayan\\Desktop\\Radarleb coding\\vendor\\laravel\\framework\\src\\Illuminate\\Container\\BoundMethod.php(35): Illuminate\\Container\\BoundMethod::callBoundMethod()
#22 C:\\Users\\rayan\\Desktop\\Radarleb coding\\vendor\\laravel\\framework\\src\\Illuminate\\Container\\Container.php(754): Illuminate\\Container\\BoundMethod::call()
#23 C:\\Users\\rayan\\Desktop\\Radarleb coding\\vendor\\laravel\\framework\\src\\Illuminate\\Console\\Command.php(211): Illuminate\\Container\\Container->call()
#24 C:\\Users\\rayan\\Desktop\\Radarleb coding\\vendor\\symfony\\console\\Command\\Command.php(279): Illuminate\\Console\\Command->execute()
#25 C:\\Users\\rayan\\Desktop\\Radarleb coding\\vendor\\laravel\\framework\\src\\Illuminate\\Console\\Command.php(180): Symfony\\Component\\Console\\Command\\Command->run()
#26 C:\\Users\\rayan\\Desktop\\Radarleb coding\\vendor\\symfony\\console\\Application.php(1094): Illuminate\\Console\\Command->run()
#27 C:\\Users\\rayan\\Desktop\\Radarleb coding\\vendor\\symfony\\console\\Application.php(342): Symfony\\Component\\Console\\Application->doRunCommand()
#28 C:\\Users\\rayan\\Desktop\\Radarleb coding\\vendor\\symfony\\console\\Application.php(193): Symfony\\Component\\Console\\Application->doRun()
#29 C:\\Users\\rayan\\Desktop\\Radarleb coding\\vendor\\laravel\\framework\\src\\Illuminate\\Foundation\\Console\\Kernel.php(197): Symfony\\Component\\Console\\Application->run()
#30 C:\\Users\\rayan\\Desktop\\Radarleb coding\\vendor\\laravel\\framework\\src\\Illuminate\\Foundation\\Application.php(1234): Illuminate\\Foundation\\Console\\Kernel->handle()
#31 C:\\Users\\rayan\\Desktop\\Radarleb coding\\artisan(16): Illuminate\\Foundation\\Application->handleCommand()
#32 {main}
"} 
[2025-12-25 18:07:59] local.ERROR: SQLSTATE[HY000]: General error: 1 no such table: jobs (Connection: sqlite, SQL: select * from "jobs" where "queue" = default and (("reserved_at" is null and "available_at" <= 1766686079) or ("reserved_at" <= 1766685989)) order by "id" asc limit 1) {"exception":"[object] (Illuminate\\Database\\QueryException(code: HY000): SQLSTATE[HY000]: General error: 1 no such table: jobs (Connection: sqlite, SQL: select * from \"jobs\" where \"queue\" = default and ((\"reserved_at\" is null and \"available_at\" <= 1766686079) or (\"reserved_at\" <= 1766685989)) order by \"id\" asc limit 1) at C:\\Users\\rayan\\Desktop\\Radarleb coding\\vendor\\laravel\\framework\\src\\Illuminate\\Database\\Connection.php:822)
[stacktrace]
#0 C:\\Users\\rayan\\Desktop\\Radarleb coding\\vendor\\laravel\\framework\\src\\Illuminate\\Database\\Connection.php(776): Illuminate\\Database\\Connection->runQueryCallback()
#1 C:\\Users\\rayan\\Desktop\\Radarleb coding\\vendor\\laravel\\framework\\src\\Illuminate\\Database\\Connection.php(395): Illuminate\\Database\\Connection->run()
#2 C:\\Users\\rayan\\Desktop\\Radarleb coding\\vendor\\laravel\\framework\\src\\Illuminate\\Database\\Query\\Builder.php(3117): Illuminate\\Database\\Connection->select()
#3 C:\\Users\\rayan\\Desktop\\Radarleb coding\\vendor\\laravel\\framework\\src\\Illuminate\\Database\\Query\\Builder.php(3102): Illuminate\\Database\\Query\\Builder->runSelect()
#4 C:\\Users\\rayan\\Desktop\\Radarleb coding\\vendor\\laravel\\framework\\src\\Illuminate\\Database\\Query\\Builder.php(3689): Illuminate\\Database\\Query\\Builder->{closure:Illuminate\\Database\\Query\\Builder::get():3101}()
#5 C:\\Users\\rayan\\Desktop\\Radarleb coding\\vendor\\laravel\\framework\\src\\Illuminate\\Database\\Query\\Builder.php(3101): Illuminate\\Database\\Query\\Builder->onceWithColumns()
#6 C:\\Users\\rayan\\Desktop\\Radarleb coding\\vendor\\laravel\\framework\\src\\Illuminate\\Database\\Concerns\\BuildsQueries.php(366): Illuminate\\Database\\Query\\Builder->get()
#7 C:\\Users\\rayan\\Desktop\\Radarleb coding\\vendor\\laravel\\framework\\src\\Illuminate\\Queue\\DatabaseQueue.php(248): Illuminate\\Database\\Query\\Builder->first()
#8 C:\\Users\\rayan\\Desktop\\Radarleb coding\\vendor\\laravel\\framework\\src\\Illuminate\\Queue\\DatabaseQueue.php(226): Illuminate\\Queue\\DatabaseQueue->getNextAvailableJob()
#9 C:\\Users\\rayan\\Desktop\\Radarleb coding\\vendor\\laravel\\framework\\src\\Illuminate\\Database\\Concerns\\ManagesTransactions.php(32): Illuminate\\Queue\\DatabaseQueue->{closure:Illuminate\\Queue\\DatabaseQueue::pop():225}()
#10 C:\\Users\\rayan\\Desktop\\Radarleb coding\\vendor\\laravel\\framework\\src\\Illuminate\\Queue\\DatabaseQueue.php(225): Illuminate\\Database\\Connection->transaction()
#11 C:\\Users\\rayan\\Desktop\\Radarleb coding\\vendor\\laravel\\framework\\src\\Illuminate\\Queue\\Worker.php(350): Illuminate\\Queue\\DatabaseQueue->pop()
#12 C:\\Users\\rayan\\Desktop\\Radarleb coding\\vendor\\laravel\\framework\\src\\Illuminate\\Queue\\Worker.php(365): Illuminate\\Queue\\Worker->{closure:Illuminate\\Queue\\Worker::getNextJob():349}()
#13 C:\\Users\\rayan\\Desktop\\Radarleb coding\\vendor\\laravel\\framework\\src\\Illuminate\\Queue\\Worker.php(326): Illuminate\\Queue\\Worker->getNextJob()
#14 C:\\Users\\rayan\\Desktop\\Radarleb coding\\vendor\\laravel\\framework\\src\\Illuminate\\Queue\\Console\\WorkCommand.php(148): Illuminate\\Queue\\Worker->runNextJob()
#15 C:\\Users\\rayan\\Desktop\\Radarleb coding\\vendor\\laravel\\framework\\src\\Illuminate\\Queue\\Console\\WorkCommand.php(131): Illuminate\\Queue\\Console\\WorkCommand->runWorker()
#16 C:\\Users\\rayan\\Desktop\\Radarleb coding\\vendor\\laravel\\framework\\src\\Illuminate\\Container\\BoundMethod.php(36): Illuminate\\Queue\\Console\\WorkCommand->handle()
#17 C:\\Users\\rayan\\Desktop\\Radarleb coding\\vendor\\laravel\\framework\\src\\Illuminate\\Container\\Util.php(43): Illuminate\\Container\\BoundMethod::{closure:Illuminate\\Container\\BoundMethod::call():35}()
#18 C:\\Users\\rayan\\Desktop\\Radarleb coding\\vendor\\laravel\\framework\\src\\Illuminate\\Container\\BoundMethod.php(96): Illuminate\\Container\\Util::unwrapIfClosure()
#19 C:\\Users\\rayan\\Desktop\\Radarleb coding\\vendor\\laravel\\framework\\src\\Illuminate\\Container\\BoundMethod.php(35): Illuminate\\Container\\BoundMethod::callBoundMethod()
#20 C:\\Users\\rayan\\Desktop\\Radarleb coding\\vendor\\laravel\\framework\\src\\Illuminate\\Container\\Container.php(754): Illuminate\\Container\\BoundMethod::call()
#21 C:\\Users\\rayan\\Desktop\\Radarleb coding\\vendor\\laravel\\framework\\src\\Illuminate\\Console\\Command.php(211): Illuminate\\Container\\Container->call()
#22 C:\\Users\\rayan\\Desktop\\Radarleb coding\\vendor\\symfony\\console\\Command\\Command.php(279): Illuminate\\Console\\Command->execute()
#23 C:\\Users\\rayan\\Desktop\\Radarleb coding\\vendor\\laravel\\framework\\src\\Illuminate\\Console\\Command.php(180): Symfony\\Component\\Console\\Command\\Command->run()
#24 C:\\Users\\rayan\\Desktop\\Radarleb coding\\vendor\\symfony\\console\\Application.php(1094): Illuminate\\Console\\Command->run()
#25 C:\\Users\\rayan\\Desktop\\Radarleb coding\\vendor\\symfony\\console\\Application.php(342): Symfony\\Component\\Console\\Application->doRunCommand()
#26 C:\\Users\\rayan\\Desktop\\Radarleb coding\\vendor\\symfony\\console\\Application.php(193): Symfony\\Component\\Console\\Application->doRun()
#27 C:\\Users\\rayan\\Desktop\\Radarleb coding\\vendor\\laravel\\framework\\src\\Illuminate\\Foundation\\Console\\Kernel.php(197): Symfony\\Component\\Console\\Application->run()
#28 C:\\Users\\rayan\\Desktop\\Radarleb coding\\vendor\\laravel\\framework\\src\\Illuminate\\Foundation\\Application.php(1234): Illuminate\\Foundation\\Console\\Kernel->handle()
#29 C:\\Users\\rayan\\Desktop\\Radarleb coding\\artisan(16): Illuminate\\Foundation\\Application->handleCommand()
#30 {main}

[previous exception] [object] (PDOException(code: HY000): SQLSTATE[HY000]: General error: 1 no such table: jobs at C:\\Users\\rayan\\Desktop\\Radarleb coding\\vendor\\laravel\\framework\\src\\Illuminate\\Database\\Connection.php:404)
[stacktrace]
#0 C:\\Users\\rayan\\Desktop\\Radarleb coding\\vendor\\laravel\\framework\\src\\Illuminate\\Database\\Connection.php(404): PDO->prepare()
#1 C:\\Users\\rayan\\Desktop\\Radarleb coding\\vendor\\laravel\\framework\\src\\Illuminate\\Database\\Connection.php(809): Illuminate\\Database\\Connection->{closure:Illuminate\\Database\\Connection::select():395}()
#2 C:\\Users\\rayan\\Desktop\\Radarleb coding\\vendor\\laravel\\framework\\src\\Illuminate\\Database\\Connection.php(776): Illuminate\\Database\\Connection->runQueryCallback()
#3 C:\\Users\\rayan\\Desktop\\Radarleb coding\\vendor\\laravel\\framework\\src\\Illuminate\\Database\\Connection.php(395): Illuminate\\Database\\Connection->run()
#4 C:\\Users\\rayan\\Desktop\\Radarleb coding\\vendor\\laravel\\framework\\src\\Illuminate\\Database\\Query\\Builder.php(3117): Illuminate\\Database\\Connection->select()
#5 C:\\Users\\rayan\\Desktop\\Radarleb coding\\vendor\\laravel\\framework\\src\\Illuminate\\Database\\Query\\Builder.php(3102): Illuminate\\Database\\Query\\Builder->runSelect()
#6 C:\\Users\\rayan\\Desktop\\Radarleb coding\\vendor\\laravel\\framework\\src\\Illuminate\\Database\\Query\\Builder.php(3689): Illuminate\\Database\\Query\\Builder->{closure:Illuminate\\Database\\Query\\Builder::get():3101}()
#7 C:\\Users\\rayan\\Desktop\\Radarleb coding\\vendor\\laravel\\framework\\src\\Illuminate\\Database\\Query\\Builder.php(3101): Illuminate\\Database\\Query\\Builder->onceWithColumns()
#8 C:\\Users\\rayan\\Desktop\\Radarleb coding\\vendor\\laravel\\framework\\src\\Illuminate\\Database\\Concerns\\BuildsQueries.php(366): Illuminate\\Database\\Query\\Builder->get()
#9 C:\\Users\\rayan\\Desktop\\Radarleb coding\\vendor\\laravel\\framework\\src\\Illuminate\\Queue\\DatabaseQueue.php(248): Illuminate\\Database\\Query\\Builder->first()
#10 C:\\Users\\rayan\\Desktop\\Radarleb coding\\vendor\\laravel\\framework\\src\\Illuminate\\Queue\\DatabaseQueue.php(226): Illuminate\\Queue\\DatabaseQueue->getNextAvailableJob()
#11 C:\\Users\\rayan\\Desktop\\Radarleb coding\\vendor\\laravel\\framework\\src\\Illuminate\\Database\\Concerns\\ManagesTransactions.php(32): Illuminate\\Queue\\DatabaseQueue->{closure:Illuminate\\Queue\\DatabaseQueue::pop():225}()
#12 C:\\Users\\rayan\\Desktop\\Radarleb coding\\vendor\\laravel\\framework\\src\\Illuminate\\Queue\\DatabaseQueue.php(225): Illuminate\\Database\\Connection->transaction()
#13 C:\\Users\\rayan\\Desktop\\Radarleb coding\\vendor\\laravel\\framework\\src\\Illuminate\\Queue\\Worker.php(350): Illuminate\\Queue\\DatabaseQueue->pop()
#14 C:\\Users\\rayan\\Desktop\\Radarleb coding\\vendor\\laravel\\framework\\src\\Illuminate\\Queue\\Worker.php(365): Illuminate\\Queue\\Worker->{closure:Illuminate\\Queue\\Worker::getNextJob():349}()
#15 C:\\Users\\rayan\\Desktop\\Radarleb coding\\vendor\\laravel\\framework\\src\\Illuminate\\Queue\\Worker.php(326): Illuminate\\Queue\\Worker->getNextJob()
#16 C:\\Users\\rayan\\Desktop\\Radarleb coding\\vendor\\laravel\\framework\\src\\Illuminate\\Queue\\Console\\WorkCommand.php(148): Illuminate\\Queue\\Worker->runNextJob()
#17 C:\\Users\\rayan\\Desktop\\Radarleb coding\\vendor\\laravel\\framework\\src\\Illuminate\\Queue\\Console\\WorkCommand.php(131): Illuminate\\Queue\\Console\\WorkCommand->runWorker()
#18 C:\\Users\\rayan\\Desktop\\Radarleb coding\\vendor\\laravel\\framework\\src\\Illuminate\\Container\\BoundMethod.php(36): Illuminate\\Queue\\Console\\WorkCommand->handle()
#19 C:\\Users\\rayan\\Desktop\\Radarleb coding\\vendor\\laravel\\framework\\src\\Illuminate\\Container\\Util.php(43): Illuminate\\Container\\BoundMethod::{closure:Illuminate\\Container\\BoundMethod::call():35}()
#20 C:\\Users\\rayan\\Desktop\\Radarleb coding\\vendor\\laravel\\framework\\src\\Illuminate\\Container\\BoundMethod.php(96): Illuminate\\Container\\Util::unwrapIfClosure()
#21 C:\\Users\\rayan\\Desktop\\Radarleb coding\\vendor\\laravel\\framework\\src\\Illuminate\\Container\\BoundMethod.php(35): Illuminate\\Container\\BoundMethod::callBoundMethod()
#22 C:\\Users\\rayan\\Desktop\\Radarleb coding\\vendor\\laravel\\framework\\src\\Illuminate\\Container\\Container.php(754): Illuminate\\Container\\BoundMethod::call()
#23 C:\\Users\\rayan\\Desktop\\Radarleb coding\\vendor\\laravel\\framework\\src\\Illuminate\\Console\\Command.php(211): Illuminate\\Container\\Container->call()
#24 C:\\Users\\rayan\\Desktop\\Radarleb coding\\vendor\\symfony\\console\\Command\\Command.php(279): Illuminate\\Console\\Command->execute()
#25 C:\\Users\\rayan\\Desktop\\Radarleb coding\\vendor\\laravel\\framework\\src\\Illuminate\\Console\\Command.php(180): Symfony\\Component\\Console\\Command\\Command->run()
#26 C:\\Users\\rayan\\Desktop\\Radarleb coding\\vendor\\symfony\\console\\Application.php(1094): Illuminate\\Console\\Command->run()
#27 C:\\Users\\rayan\\Desktop\\Radarleb coding\\vendor\\symfony\\console\\Application.php(342): Symfony\\Component\\Console\\Application->doRunCommand()
#28 C:\\Users\\rayan\\Desktop\\Radarleb coding\\vendor\\symfony\\console\\Application.php(193): Symfony\\Component\\Console\\Application->doRun()
#29 C:\\Users\\rayan\\Desktop\\Radarleb coding\\vendor\\laravel\\framework\\src\\Illuminate\\Foundation\\Console\\Kernel.php(197): Symfony\\Component\\Console\\Application->run()
#30 C:\\Users\\rayan\\Desktop\\Radarleb coding\\vendor\\laravel\\framework\\src\\Illuminate\\Foundation\\Application.php(1234): Illuminate\\Foundation\\Console\\Kernel->handle()
#31 C:\\Users\\rayan\\Desktop\\Radarleb coding\\artisan(16): Illuminate\\Foundation\\Application->handleCommand()
#32 {main}
"} 
[2025-12-25 18:08:01] local.ERROR: Target class [App\Http\Middleware\HandleInertiaRequests] does not exist. {"exception":"[object] (Illuminate\\Contracts\\Container\\BindingResolutionException(code: 0): Target class [App\\Http\\Middleware\\HandleInertiaRequests] does not exist. at C:\\Users\\rayan\\Desktop\\Radarleb coding\\vendor\\laravel\\framework\\src\\Illuminate\\Container\\Container.php:1019)
[stacktrace]
#0 C:\\Users\\rayan\\Desktop\\Radarleb coding\\vendor\\laravel\\framework\\src\\Illuminate\\Container\\Container.php(890): Illuminate\\Container\\Container->build()
#1 C:\\Users\\rayan\\Desktop\\Radarleb coding\\vendor\\laravel\\framework\\src\\Illuminate\\Foundation\\Application.php(1077): Illuminate\\Container\\Container->resolve()
#2 C:\\Users\\rayan\\Desktop\\Radarleb coding\\vendor\\laravel\\framework\\src\\Illuminate\\Container\\Container.php(821): Illuminate\\Foundation\\Application->resolve()
#3 C:\\Users\\rayan\\Desktop\\Radarleb coding\\vendor\\laravel\\framework\\src\\Illuminate\\Foundation\\Application.php(1057): Illuminate\\Container\\Container->make()
#4 C:\\Users\\rayan\\Desktop\\Radarleb coding\\vendor\\laravel\\framework\\src\\Illuminate\\Pipeline\\Pipeline.php(197): Illuminate\\Foundation\\Application->make()
#5 C:\\Users\\rayan\\Desktop\\Radarleb coding\\vendor\\laravel\\framework\\src\\Illuminate\\Routing\\Middleware\\SubstituteBindings.php(50): Illuminate\\Pipeline\\Pipeline->{closure:{closure:Illuminate\\Pipeline\\Pipeline::carry():183}:184}()
#6 C:\\Users\\rayan\\Desktop\\Radarleb coding\\vendor\\laravel\\framework\\src\\Illuminate\\Pipeline\\Pipeline.php(208): Illuminate\\Routing\\Middleware\\SubstituteBindings->handle()
#7 C:\\Users\\rayan\\Desktop\\Radarleb coding\\vendor\\laravel\\framework\\src\\Illuminate\\Foundation\\Http\\Middleware\\VerifyCsrfToken.php(87): Illuminate\\Pipeline\\Pipeline->{closure:{closure:Illuminate\\Pipeline\\Pipeline::carry():183}:184}()
#8 C:\\Users\\rayan\\Desktop\\Radarleb coding\\vendor\\laravel\\framework\\src\\Illuminate\\Pipeline\\Pipeline.php(208): Illuminate\\Foundation\\Http\\Middleware\\VerifyCsrfToken->handle()
#9 C:\\Users\\rayan\\Desktop\\Radarleb coding\\vendor\\laravel\\framework\\src\\Illuminate\\View\\Middleware\\ShareErrorsFromSession.php(48): Illuminate\\Pipeline\\Pipeline->{closure:{closure:Illuminate\\Pipeline\\Pipeline::carry():183}:184}()
#10 C:\\Users\\rayan\\Desktop\\Radarleb coding\\vendor\\laravel\\framework\\src\\Illuminate\\Pipeline\\Pipeline.php(208): Illuminate\\View\\Middleware\\ShareErrorsFromSession->handle()
#11 C:\\Users\\rayan\\Desktop\\Radarleb coding\\vendor\\laravel\\framework\\src\\Illuminate\\Session\\Middleware\\StartSession.php(120): Illuminate\\Pipeline\\Pipeline->{closure:{closure:Illuminate\\Pipeline\\Pipeline::carry():183}:184}()
#12 C:\\Users\\rayan\\Desktop\\Radarleb coding\\vendor\\laravel\\framework\\src\\Illuminate\\Session\\Middleware\\StartSession.php(63): Illuminate\\Session\\Middleware\\StartSession->handleStatefulRequest()
#13 C:\\Users\\rayan\\Desktop\\Radarleb coding\\vendor\\laravel\\framework\\src\\Illuminate\\Pipeline\\Pipeline.php(208): Illuminate\\Session\\Middleware\\StartSession->handle()
#14 C:\\Users\\rayan\\Desktop\\Radarleb coding\\vendor\\laravel\\framework\\src\\Illuminate\\Cookie\\Middleware\\AddQueuedCookiesToResponse.php(36): Illuminate\\Pipeline\\Pipeline->{closure:{closure:Illuminate\\Pipeline\\Pipeline::carry():183}:184}()
#15 C:\\Users\\rayan\\Desktop\\Radarleb coding\\vendor\\laravel\\framework\\src\\Illuminate\\Pipeline\\Pipeline.php(208): Illuminate\\Cookie\\Middleware\\AddQueuedCookiesToResponse->handle()
#16 C:\\Users\\rayan\\Desktop\\Radarleb coding\\vendor\\laravel\\framework\\src\\Illuminate\\Cookie\\Middleware\\EncryptCookies.php(74): Illuminate\\Pipeline\\Pipeline->{closure:{closure:Illuminate\\Pipeline\\Pipeline::carry():183}:184}()
#17 C:\\Users\\rayan\\Desktop\\Radarleb coding\\vendor\\laravel\\framework\\src\\Illuminate\\Pipeline\\Pipeline.php(208): Illuminate\\Cookie\\Middleware\\EncryptCookies->handle()
#18 C:\\Users\\rayan\\Desktop\\Radarleb coding\\vendor\\laravel\\framework\\src\\Illuminate\\Pipeline\\Pipeline.php(126): Illuminate\\Pipeline\\Pipeline->{closure:{closure:Illuminate\\Pipeline\\Pipeline::carry():183}:184}()
#19 C:\\Users\\rayan\\Desktop\\Radarleb coding\\vendor\\laravel\\framework\\src\\Illuminate\\Routing\\Router.php(807): Illuminate\\Pipeline\\Pipeline->then()
#20 C:\\Users\\rayan\\Desktop\\Radarleb coding\\vendor\\laravel\\framework\\src\\Illuminate\\Routing\\Router.php(786): Illuminate\\Routing\\Router->runRouteWithinStack()
#21 C:\\Users\\rayan\\Desktop\\Radarleb coding\\vendor\\laravel\\framework\\src\\Illuminate\\Routing\\Router.php(750): Illuminate\\Routing\\Router->runRoute()
#22 C:\\Users\\rayan\\Desktop\\Radarleb coding\\vendor\\laravel\\framework\\src\\Illuminate\\Routing\\Router.php(739): Illuminate\\Routing\\Router->dispatchToRoute()
#23 C:\\Users\\rayan\\Desktop\\Radarleb coding\\vendor\\laravel\\framework\\src\\Illuminate\\Foundation\\Http\\Kernel.php(200): Illuminate\\Routing\\Router->dispatch()
#24 C:\\Users\\rayan\\Desktop\\Radarleb coding\\vendor\\laravel\\framework\\src\\Illuminate\\Pipeline\\Pipeline.php(169): Illuminate\\Foundation\\Http\\Kernel->{closure:Illuminate\\Foundation\\Http\\Kernel::dispatchToRouter():197}()
#25 C:\\Users\\rayan\\Desktop\\Radarleb coding\\vendor\\livewire\\livewire\\src\\Features\\SupportDisablingBackButtonCache\\DisableBackButtonCacheMiddleware.php(19): Illuminate\\Pipeline\\Pipeline->{closure:Illuminate\\Pipeline\\Pipeline::prepareDestination():167}()
#26 C:\\Users\\rayan\\Desktop\\Radarleb coding\\vendor\\laravel\\framework\\src\\Illuminate\\Pipeline\\Pipeline.php(208): Livewire\\Features\\SupportDisablingBackButtonCache\\DisableBackButtonCacheMiddleware->handle()
#27 C:\\Users\\rayan\\Desktop\\Radarleb coding\\vendor\\laravel\\framework\\src\\Illuminate\\Foundation\\Http\\Middleware\\TransformsRequest.php(21): Illuminate\\Pipeline\\Pipeline->{closure:{closure:Illuminate\\Pipeline\\Pipeline::carry():183}:184}()
#28 C:\\Users\\rayan\\Desktop\\Radarleb coding\\vendor\\laravel\\framework\\src\\Illuminate\\Foundation\\Http\\Middleware\\ConvertEmptyStringsToNull.php(31): Illuminate\\Foundation\\Http\\Middleware\\TransformsRequest->handle()
#29 C:\\Users\\rayan\\Desktop\\Radarleb coding\\vendor\\laravel\\framework\\src\\Illuminate\\Pipeline\\Pipeline.php(208): Illuminate\\Foundation\\Http\\Middleware\\ConvertEmptyStringsToNull->handle()
#30 C:\\Users\\rayan\\Desktop\\Radarleb coding\\vendor\\laravel\\framework\\src\\Illuminate\\Foundation\\Http\\Middleware\\TransformsRequest.php(21): Illuminate\\Pipeline\\Pipeline->{closure:{closure:Illuminate\\Pipeline\\Pipeline::carry():183}:184}()
#31 C:\\Users\\rayan\\Desktop\\Radarleb coding\\vendor\\laravel\\framework\\src\\Illuminate\\Foundation\\Http\\Middleware\\TrimStrings.php(51): Illuminate\\Foundation\\Http\\Middleware\\TransformsRequest->handle()
#32 C:\\Users\\rayan\\Desktop\\Radarleb coding\\vendor\\laravel\\framework\\src\\Illuminate\\Pipeline\\Pipeline.php(208): Illuminate\\Foundation\\Http\\Middleware\\TrimStrings->handle()
#33 C:\\Users\\rayan\\Desktop\\Radarleb coding\\vendor\\laravel\\framework\\src\\Illuminate\\Http\\Middleware\\ValidatePostSize.php(27): Illuminate\\Pipeline\\Pipeline->{closure:{closure:Illuminate\\Pipeline\\Pipeline::carry():183}:184}()
#34 C:\\Users\\rayan\\Desktop\\Radarleb coding\\vendor\\laravel\\framework\\src\\Illuminate\\Pipeline\\Pipeline.php(208): Illuminate\\Http\\Middleware\\ValidatePostSize->handle()
#35 C:\\Users\\rayan\\Desktop\\Radarleb coding\\vendor\\laravel\\framework\\src\\Illuminate\\Foundation\\Http\\Middleware\\PreventRequestsDuringMaintenance.php(109): Illuminate\\Pipeline\\Pipeline->{closure:{closure:Illuminate\\Pipeline\\Pipeline::carry():183}:184}()
#36 C:\\Users\\rayan\\Desktop\\Radarleb coding\\vendor\\laravel\\framework\\src\\Illuminate\\Pipeline\\Pipeline.php(208): Illuminate\\Foundation\\Http\\Middleware\\PreventRequestsDuringMaintenance->handle()
#37 C:\\Users\\rayan\\Desktop\\Radarleb coding\\vendor\\laravel\\framework\\src\\Illuminate\\Http\\Middleware\\HandleCors.php(48): Illuminate\\Pipeline\\Pipeline->{closure:{closure:Illuminate\\Pipeline\\Pipeline::carry():183}:184}()
#38 C:\\Users\\rayan\\Desktop\\Radarleb coding\\vendor\\laravel\\framework\\src\\Illuminate\\Pipeline\\Pipeline.php(208): Illuminate\\Http\\Middleware\\HandleCors->handle()
#39 C:\\Users\\rayan\\Desktop\\Radarleb coding\\vendor\\laravel\\framework\\src\\Illuminate\\Http\\Middleware\\TrustProxies.php(58): Illuminate\\Pipeline\\Pipeline->{closure:{closure:Illuminate\\Pipeline\\Pipeline::carry():183}:184}()
#40 C:\\Users\\rayan\\Desktop\\Radarleb coding\\vendor\\laravel\\framework\\src\\Illuminate\\Pipeline\\Pipeline.php(208): Illuminate\\Http\\Middleware\\TrustProxies->handle()
#41 C:\\Users\\rayan\\Desktop\\Radarleb coding\\vendor\\laravel\\framework\\src\\Illuminate\\Foundation\\Http\\Middleware\\InvokeDeferredCallbacks.php(22): Illuminate\\Pipeline\\Pipeline->{closure:{closure:Illuminate\\Pipeline\\Pipeline::carry():183}:184}()
#42 C:\\Users\\rayan\\Desktop\\Radarleb coding\\vendor\\laravel\\framework\\src\\Illuminate\\Pipeline\\Pipeline.php(208): Illuminate\\Foundation\\Http\\Middleware\\InvokeDeferredCallbacks->handle()
#43 C:\\Users\\rayan\\Desktop\\Radarleb coding\\vendor\\laravel\\framework\\src\\Illuminate\\Http\\Middleware\\ValidatePathEncoding.php(26): Illuminate\\Pipeline\\Pipeline->{closure:{closure:Illuminate\\Pipeline\\Pipeline::carry():183}:184}()
#44 C:\\Users\\rayan\\Desktop\\Radarleb coding\\vendor\\laravel\\framework\\src\\Illuminate\\Pipeline\\Pipeline.php(208): Illuminate\\Http\\Middleware\\ValidatePathEncoding->handle()
#45 C:\\Users\\rayan\\Desktop\\Radarleb coding\\vendor\\laravel\\framework\\src\\Illuminate\\Pipeline\\Pipeline.php(126): Illuminate\\Pipeline\\Pipeline->{closure:{closure:Illuminate\\Pipeline\\Pipeline::carry():183}:184}()
#46 C:\\Users\\rayan\\Desktop\\Radarleb coding\\vendor\\laravel\\framework\\src\\Illuminate\\Foundation\\Http\\Kernel.php(175): Illuminate\\Pipeline\\Pipeline->then()
#47 C:\\Users\\rayan\\Desktop\\Radarleb coding\\vendor\\laravel\\framework\\src\\Illuminate\\Foundation\\Http\\Kernel.php(144): Illuminate\\Foundation\\Http\\Kernel->sendRequestThroughRouter()
#48 C:\\Users\\rayan\\Desktop\\Radarleb coding\\vendor\\laravel\\framework\\src\\Illuminate\\Foundation\\Application.php(1219): Illuminate\\Foundation\\Http\\Kernel->handle()
#49 C:\\Users\\rayan\\Desktop\\Radarleb coding\\public\\index.php(20): Illuminate\\Foundation\\Application->handleRequest()
#50 C:\\Users\\rayan\\Desktop\\Radarleb coding\\vendor\\laravel\\framework\\src\\Illuminate\\Foundation\\resources\\server.php(23): require_once('...')
#51 {main}

[previous exception] [object] (ReflectionException(code: -1): Class \"App\\Http\\Middleware\\HandleInertiaRequests\" does not exist at C:\\Users\\rayan\\Desktop\\Radarleb coding\\vendor\\laravel\\framework\\src\\Illuminate\\Container\\Container.php:1017)
[stacktrace]
#0 C:\\Users\\rayan\\Desktop\\Radarleb coding\\vendor\\laravel\\framework\\src\\Illuminate\\Container\\Container.php(1017): ReflectionClass->__construct()
#1 C:\\Users\\rayan\\Desktop\\Radarleb coding\\vendor\\laravel\\framework\\src\\Illuminate\\Container\\Container.php(890): Illuminate\\Container\\Container->build()
#2 C:\\Users\\rayan\\Desktop\\Radarleb coding\\vendor\\laravel\\framework\\src\\Illuminate\\Foundation\\Application.php(1077): Illuminate\\Container\\Container->resolve()
#3 C:\\Users\\rayan\\Desktop\\Radarleb coding\\vendor\\laravel\\framework\\src\\Illuminate\\Container\\Container.php(821): Illuminate\\Foundation\\Application->resolve()
#4 C:\\Users\\rayan\\Desktop\\Radarleb coding\\vendor\\laravel\\framework\\src\\Illuminate\\Foundation\\Application.php(1057): Illuminate\\Container\\Container->make()
#5 C:\\Users\\rayan\\Desktop\\Radarleb coding\\vendor\\laravel\\framework\\src\\Illuminate\\Pipeline\\Pipeline.php(197): Illuminate\\Foundation\\Application->make()
#6 C:\\Users\\rayan\\Desktop\\Radarleb coding\\vendor\\laravel\\framework\\src\\Illuminate\\Routing\\Middleware\\SubstituteBindings.php(50): Illuminate\\Pipeline\\Pipeline->{closure:{closure:Illuminate\\Pipeline\\Pipeline::carry():183}:184}()
#7 C:\\Users\\rayan\\Desktop\\Radarleb coding\\vendor\\laravel\\framework\\src\\Illuminate\\Pipeline\\Pipeline.php(208): Illuminate\\Routing\\Middleware\\SubstituteBindings->handle()
#8 C:\\Users\\rayan\\Desktop\\Radarleb coding\\vendor\\laravel\\framework\\src\\Illuminate\\Foundation\\Http\\Middleware\\VerifyCsrfToken.php(87): Illuminate\\Pipeline\\Pipeline->{closure:{closure:Illuminate\\Pipeline\\Pipeline::carry():183}:184}()
#9 C:\\Users\\rayan\\Desktop\\Radarleb coding\\vendor\\laravel\\framework\\src\\Illuminate\\Pipeline\\Pipeline.php(208): Illuminate\\Foundation\\Http\\Middleware\\VerifyCsrfToken->handle()
#10 C:\\Users\\rayan\\Desktop\\Radarleb coding\\vendor\\laravel\\framework\\src\\Illuminate\\View\\Middleware\\ShareErrorsFromSession.php(48): Illuminate\\Pipeline\\Pipeline->{closure:{closure:Illuminate\\Pipeline\\Pipeline::carry():183}:184}()
#11 C:\\Users\\rayan\\Desktop\\Radarleb coding\\vendor\\laravel\\framework\\src\\Illuminate\\Pipeline\\Pipeline.php(208): Illuminate\\View\\Middleware\\ShareErrorsFromSession->handle()
#12 C:\\Users\\rayan\\Desktop\\Radarleb coding\\vendor\\laravel\\framework\\src\\Illuminate\\Session\\Middleware\\StartSession.php(120): Illuminate\\Pipeline\\Pipeline->{closure:{closure:Illuminate\\Pipeline\\Pipeline::carry():183}:184}()
#13 C:\\Users\\rayan\\Desktop\\Radarleb coding\\vendor\\laravel\\framework\\src\\Illuminate\\Session\\Middleware\\StartSession.php(63): Illuminate\\Session\\Middleware\\StartSession->handleStatefulRequest()
#14 C:\\Users\\rayan\\Desktop\\Radarleb coding\\vendor\\laravel\\framework\\src\\Illuminate\\Pipeline\\Pipeline.php(208): Illuminate\\Session\\Middleware\\StartSession->handle()
#15 C:\\Users\\rayan\\Desktop\\Radarleb coding\\vendor\\laravel\\framework\\src\\Illuminate\\Cookie\\Middleware\\AddQueuedCookiesToResponse.php(36): Illuminate\\Pipeline\\Pipeline->{closure:{closure:Illuminate\\Pipeline\\Pipeline::carry():183}:184}()
#16 C:\\Users\\rayan\\Desktop\\Radarleb coding\\vendor\\laravel\\framework\\src\\Illuminate\\Pipeline\\Pipeline.php(208): Illuminate\\Cookie\\Middleware\\AddQueuedCookiesToResponse->handle()
#17 C:\\Users\\rayan\\Desktop\\Radarleb coding\\vendor\\laravel\\framework\\src\\Illuminate\\Cookie\\Middleware\\EncryptCookies.php(74): Illuminate\\Pipeline\\Pipeline->{closure:{closure:Illuminate\\Pipeline\\Pipeline::carry():183}:184}()
#18 C:\\Users\\rayan\\Desktop\\Radarleb coding\\vendor\\laravel\\framework\\src\\Illuminate\\Pipeline\\Pipeline.php(208): Illuminate\\Cookie\\Middleware\\EncryptCookies->handle()
#19 C:\\Users\\rayan\\Desktop\\Radarleb coding\\vendor\\laravel\\framework\\src\\Illuminate\\Pipeline\\Pipeline.php(126): Illuminate\\Pipeline\\Pipeline->{closure:{closure:Illuminate\\Pipeline\\Pipeline::carry():183}:184}()
#20 C:\\Users\\rayan\\Desktop\\Radarleb coding\\vendor\\laravel\\framework\\src\\Illuminate\\Routing\\Router.php(807): Illuminate\\Pipeline\\Pipeline->then()
#21 C:\\Users\\rayan\\Desktop\\Radarleb coding\\vendor\\laravel\\framework\\src\\Illuminate\\Routing\\Router.php(786): Illuminate\\Routing\\Router->runRouteWithinStack()
#22 C:\\Users\\rayan\\Desktop\\Radarleb coding\\vendor\\laravel\\framework\\src\\Illuminate\\Routing\\Router.php(750): Illuminate\\Routing\\Router->runRoute()
#23 C:\\Users\\rayan\\Desktop\\Radarleb coding\\vendor\\laravel\\framework\\src\\Illuminate\\Routing\\Router.php(739): Illuminate\\Routing\\Router->dispatchToRoute()
#24 C:\\Users\\rayan\\Desktop\\Radarleb coding\\vendor\\laravel\\framework\\src\\Illuminate\\Foundation\\Http\\Kernel.php(200): Illuminate\\Routing\\Router->dispatch()
#25 C:\\Users\\rayan\\Desktop\\Radarleb coding\\vendor\\laravel\\framework\\src\\Illuminate\\Pipeline\\Pipeline.php(169): Illuminate\\Foundation\\Http\\Kernel->{closure:Illuminate\\Foundation\\Http\\Kernel::dispatchToRouter():197}()
#26 C:\\Users\\rayan\\Desktop\\Radarleb coding\\vendor\\livewire\\livewire\\src\\Features\\SupportDisablingBackButtonCache\\DisableBackButtonCacheMiddleware.php(19): Illuminate\\Pipeline\\Pipeline->{closure:Illuminate\\Pipeline\\Pipeline::prepareDestination():167}()
#27 C:\\Users\\rayan\\Desktop\\Radarleb coding\\vendor\\laravel\\framework\\src\\Illuminate\\Pipeline\\Pipeline.php(208): Livewire\\Features\\SupportDisablingBackButtonCache\\DisableBackButtonCacheMiddleware->handle()
#28 C:\\Users\\rayan\\Desktop\\Radarleb coding\\vendor\\laravel\\framework\\src\\Illuminate\\Foundation\\Http\\Middleware\\TransformsRequest.php(21): Illuminate\\Pipeline\\Pipeline->{closure:{closure:Illuminate\\Pipeline\\Pipeline::carry():183}:184}()
#29 C:\\Users\\rayan\\Desktop\\Radarleb coding\\vendor\\laravel\\framework\\src\\Illuminate\\Foundation\\Http\\Middleware\\ConvertEmptyStringsToNull.php(31): Illuminate\\Foundation\\Http\\Middleware\\TransformsRequest->handle()
#30 C:\\Users\\rayan\\Desktop\\Radarleb coding\\vendor\\laravel\\framework\\src\\Illuminate\\Pipeline\\Pipeline.php(208): Illuminate\\Foundation\\Http\\Middleware\\ConvertEmptyStringsToNull->handle()
#31 C:\\Users\\rayan\\Desktop\\Radarleb coding\\vendor\\laravel\\framework\\src\\Illuminate\\Foundation\\Http\\Middleware\\TransformsRequest.php(21): Illuminate\\Pipeline\\Pipeline->{closure:{closure:Illuminate\\Pipeline\\Pipeline::carry():183}:184}()
#32 C:\\Users\\rayan\\Desktop\\Radarleb coding\\vendor\\laravel\\framework\\src\\Illuminate\\Foundation\\Http\\Middleware\\TrimStrings.php(51): Illuminate\\Foundation\\Http\\Middleware\\TransformsRequest->handle()
#33 C:\\Users\\rayan\\Desktop\\Radarleb coding\\vendor\\laravel\\framework\\src\\Illuminate\\Pipeline\\Pipeline.php(208): Illuminate\\Foundation\\Http\\Middleware\\TrimStrings->handle()
#34 C:\\Users\\rayan\\Desktop\\Radarleb coding\\vendor\\laravel\\framework\\src\\Illuminate\\Http\\Middleware\\ValidatePostSize.php(27): Illuminate\\Pipeline\\Pipeline->{closure:{closure:Illuminate\\Pipeline\\Pipeline::carry():183}:184}()
#35 C:\\Users\\rayan\\Desktop\\Radarleb coding\\vendor\\laravel\\framework\\src\\Illuminate\\Pipeline\\Pipeline.php(208): Illuminate\\Http\\Middleware\\ValidatePostSize->handle()
#36 C:\\Users\\rayan\\Desktop\\Radarleb coding\\vendor\\laravel\\framework\\src\\Illuminate\\Foundation\\Http\\Middleware\\PreventRequestsDuringMaintenance.php(109): Illuminate\\Pipeline\\Pipeline->{closure:{closure:Illuminate\\Pipeline\\Pipeline::carry():183}:184}()
#37 C:\\Users\\rayan\\Desktop\\Radarleb coding\\vendor\\laravel\\framework\\src\\Illuminate\\Pipeline\\Pipeline.php(208): Illuminate\\Foundation\\Http\\Middleware\\PreventRequestsDuringMaintenance->handle()
#38 C:\\Users\\rayan\\Desktop\\Radarleb coding\\vendor\\laravel\\framework\\src\\Illuminate\\Http\\Middleware\\HandleCors.php(48): Illuminate\\Pipeline\\Pipeline->{closure:{closure:Illuminate\\Pipeline\\Pipeline::carry():183}:184}()
#39 C:\\Users\\rayan\\Desktop\\Radarleb coding\\vendor\\laravel\\framework\\src\\Illuminate\\Pipeline\\Pipeline.php(208): Illuminate\\Http\\Middleware\\HandleCors->handle()
#40 C:\\Users\\rayan\\Desktop\\Radarleb coding\\vendor\\laravel\\framework\\src\\Illuminate\\Http\\Middleware\\TrustProxies.php(58): Illuminate\\Pipeline\\Pipeline->{closure:{closure:Illuminate\\Pipeline\\Pipeline::carry():183}:184}()
#41 C:\\Users\\rayan\\Desktop\\Radarleb coding\\vendor\\laravel\\framework\\src\\Illuminate\\Pipeline\\Pipeline.php(208): Illuminate\\Http\\Middleware\\TrustProxies->handle()
#42 C:\\Users\\rayan\\Desktop\\Radarleb coding\\vendor\\laravel\\framework\\src\\Illuminate\\Foundation\\Http\\Middleware\\InvokeDeferredCallbacks.php(22): Illuminate\\Pipeline\\Pipeline->{closure:{closure:Illuminate\\Pipeline\\Pipeline::carry():183}:184}()
#43 C:\\Users\\rayan\\Desktop\\Radarleb coding\\vendor\\laravel\\framework\\src\\Illuminate\\Pipeline\\Pipeline.php(208): Illuminate\\Foundation\\Http\\Middleware\\InvokeDeferredCallbacks->handle()
#44 C:\\Users\\rayan\\Desktop\\Radarleb coding\\vendor\\laravel\\framework\\src\\Illuminate\\Http\\Middleware\\ValidatePathEncoding.php(26): Illuminate\\Pipeline\\Pipeline->{closure:{closure:Illuminate\\Pipeline\\Pipeline::carry():183}:184}()
#45 C:\\Users\\rayan\\Desktop\\Radarleb coding\\vendor\\laravel\\framework\\src\\Illuminate\\Pipeline\\Pipeline.php(208): Illuminate\\Http\\Middleware\\ValidatePathEncoding->handle()
#46 C:\\Users\\rayan\\Desktop\\Radarleb coding\\vendor\\laravel\\framework\\src\\Illuminate\\Pipeline\\Pipeline.php(126): Illuminate\\Pipeline\\Pipeline->{closure:{closure:Illuminate\\Pipeline\\Pipeline::carry():183}:184}()
#47 C:\\Users\\rayan\\Desktop\\Radarleb coding\\vendor\\laravel\\framework\\src\\Illuminate\\Foundation\\Http\\Kernel.php(175): Illuminate\\Pipeline\\Pipeline->then()
#48 C:\\Users\\rayan\\Desktop\\Radarleb coding\\vendor\\laravel\\framework\\src\\Illuminate\\Foundation\\Http\\Kernel.php(144): Illuminate\\Foundation\\Http\\Kernel->sendRequestThroughRouter()
#49 C:\\Users\\rayan\\Desktop\\Radarleb coding\\vendor\\laravel\\framework\\src\\Illuminate\\Foundation\\Application.php(1219): Illuminate\\Foundation\\Http\\Kernel->handle()
#50 C:\\Users\\rayan\\Desktop\\Radarleb coding\\public\\index.php(20): Illuminate\\Foundation\\Application->handleRequest()
#51 C:\\Users\\rayan\\Desktop\\Radarleb coding\\vendor\\laravel\\framework\\src\\Illuminate\\Foundation\\resources\\server.php(23): require_once('...')
#52 {main}
"} 
[2025-12-25 18:08:04] local.ERROR: SQLSTATE[HY000]: General error: 1 no such table: jobs (Connection: sqlite, SQL: select * from "jobs" where "queue" = default and (("reserved_at" is null and "available_at" <= 1766686084) or ("reserved_at" <= 1766685994)) order by "id" asc limit 1) {"exception":"[object] (Illuminate\\Database\\QueryException(code: HY000): SQLSTATE[HY000]: General error: 1 no such table: jobs (Connection: sqlite, SQL: select * from \"jobs\" where \"queue\" = default and ((\"reserved_at\" is null and \"available_at\" <= 1766686084) or (\"reserved_at\" <= 1766685994)) order by \"id\" asc limit 1) at C:\\Users\\rayan\\Desktop\\Radarleb coding\\vendor\\laravel\\framework\\src\\Illuminate\\Database\\Connection.php:822)
[stacktrace]
#0 C:\\Users\\rayan\\Desktop\\Radarleb coding\\vendor\\laravel\\framework\\src\\Illuminate\\Database\\Connection.php(776): Illuminate\\Database\\Connection->runQueryCallback()
#1 C:\\Users\\rayan\\Desktop\\Radarleb coding\\vendor\\laravel\\framework\\src\\Illuminate\\Database\\Connection.php(395): Illuminate\\Database\\Connection->run()
#2 C:\\Users\\rayan\\Desktop\\Radarleb coding\\vendor\\laravel\\framework\\src\\Illuminate\\Database\\Query\\Builder.php(3117): Illuminate\\Database\\Connection->select()
#3 C:\\Users\\rayan\\Desktop\\Radarleb coding\\vendor\\laravel\\framework\\src\\Illuminate\\Database\\Query\\Builder.php(3102): Illuminate\\Database\\Query\\Builder->runSelect()
#4 C:\\Users\\rayan\\Desktop\\Radarleb coding\\vendor\\laravel\\framework\\src\\Illuminate\\Database\\Query\\Builder.php(3689): Illuminate\\Database\\Query\\Builder->{closure:Illuminate\\Database\\Query\\Builder::get():3101}()
#5 C:\\Users\\rayan\\Desktop\\Radarleb coding\\vendor\\laravel\\framework\\src\\Illuminate\\Database\\Query\\Builder.php(3101): Illuminate\\Database\\Query\\Builder->onceWithColumns()
#6 C:\\Users\\rayan\\Desktop\\Radarleb coding\\vendor\\laravel\\framework\\src\\Illuminate\\Database\\Concerns\\BuildsQueries.php(366): Illuminate\\Database\\Query\\Builder->get()
#7 C:\\Users\\rayan\\Desktop\\Radarleb coding\\vendor\\laravel\\framework\\src\\Illuminate\\Queue\\DatabaseQueue.php(248): Illuminate\\Database\\Query\\Builder->first()
#8 C:\\Users\\rayan\\Desktop\\Radarleb coding\\vendor\\laravel\\framework\\src\\Illuminate\\Queue\\DatabaseQueue.php(226): Illuminate\\Queue\\DatabaseQueue->getNextAvailableJob()
#9 C:\\Users\\rayan\\Desktop\\Radarleb coding\\vendor\\laravel\\framework\\src\\Illuminate\\Database\\Concerns\\ManagesTransactions.php(32): Illuminate\\Queue\\DatabaseQueue->{closure:Illuminate\\Queue\\DatabaseQueue::pop():225}()
#10 C:\\Users\\rayan\\Desktop\\Radarleb coding\\vendor\\laravel\\framework\\src\\Illuminate\\Queue\\DatabaseQueue.php(225): Illuminate\\Database\\Connection->transaction()
#11 C:\\Users\\rayan\\Desktop\\Radarleb coding\\vendor\\laravel\\framework\\src\\Illuminate\\Queue\\Worker.php(350): Illuminate\\Queue\\DatabaseQueue->pop()
#12 C:\\Users\\rayan\\Desktop\\Radarleb coding\\vendor\\laravel\\framework\\src\\Illuminate\\Queue\\Worker.php(365): Illuminate\\Queue\\Worker->{closure:Illuminate\\Queue\\Worker::getNextJob():349}()
#13 C:\\Users\\rayan\\Desktop\\Radarleb coding\\vendor\\laravel\\framework\\src\\Illuminate\\Queue\\Worker.php(326): Illuminate\\Queue\\Worker->getNextJob()
#14 C:\\Users\\rayan\\Desktop\\Radarleb coding\\vendor\\laravel\\framework\\src\\Illuminate\\Queue\\Console\\WorkCommand.php(148): Illuminate\\Queue\\Worker->runNextJob()
#15 C:\\Users\\rayan\\Desktop\\Radarleb coding\\vendor\\laravel\\framework\\src\\Illuminate\\Queue\\Console\\WorkCommand.php(131): Illuminate\\Queue\\Console\\WorkCommand->runWorker()
#16 C:\\Users\\rayan\\Desktop\\Radarleb coding\\vendor\\laravel\\framework\\src\\Illuminate\\Container\\BoundMethod.php(36): Illuminate\\Queue\\Console\\WorkCommand->handle()
#17 C:\\Users\\rayan\\Desktop\\Radarleb coding\\vendor\\laravel\\framework\\src\\Illuminate\\Container\\Util.php(43): Illuminate\\Container\\BoundMethod::{closure:Illuminate\\Container\\BoundMethod::call():35}()
#18 C:\\Users\\rayan\\Desktop\\Radarleb coding\\vendor\\laravel\\framework\\src\\Illuminate\\Container\\BoundMethod.php(96): Illuminate\\Container\\Util::unwrapIfClosure()
#19 C:\\Users\\rayan\\Desktop\\Radarleb coding\\vendor\\laravel\\framework\\src\\Illuminate\\Container\\BoundMethod.php(35): Illuminate\\Container\\BoundMethod::callBoundMethod()
#20 C:\\Users\\rayan\\Desktop\\Radarleb coding\\vendor\\laravel\\framework\\src\\Illuminate\\Container\\Container.php(754): Illuminate\\Container\\BoundMethod::call()
#21 C:\\Users\\rayan\\Desktop\\Radarleb coding\\vendor\\laravel\\framework\\src\\Illuminate\\Console\\Command.php(211): Illuminate\\Container\\Container->call()
#22 C:\\Users\\rayan\\Desktop\\Radarleb coding\\vendor\\symfony\\console\\Command\\Command.php(279): Illuminate\\Console\\Command->execute()
#23 C:\\Users\\rayan\\Desktop\\Radarleb coding\\vendor\\laravel\\framework\\src\\Illuminate\\Console\\Command.php(180): Symfony\\Component\\Console\\Command\\Command->run()
#24 C:\\Users\\rayan\\Desktop\\Radarleb coding\\vendor\\symfony\\console\\Application.php(1094): Illuminate\\Console\\Command->run()
#25 C:\\Users\\rayan\\Desktop\\Radarleb coding\\vendor\\symfony\\console\\Application.php(342): Symfony\\Component\\Console\\Application->doRunCommand()
#26 C:\\Users\\rayan\\Desktop\\Radarleb coding\\vendor\\symfony\\console\\Application.php(193): Symfony\\Component\\Console\\Application->doRun()
#27 C:\\Users\\rayan\\Desktop\\Radarleb coding\\vendor\\laravel\\framework\\src\\Illuminate\\Foundation\\Console\\Kernel.php(197): Symfony\\Component\\Console\\Application->run()
#28 C:\\Users\\rayan\\Desktop\\Radarleb coding\\vendor\\laravel\\framework\\src\\Illuminate\\Foundation\\Application.php(1234): Illuminate\\Foundation\\Console\\Kernel->handle()
#29 C:\\Users\\rayan\\Desktop\\Radarleb coding\\artisan(16): Illuminate\\Foundation\\Application->handleCommand()
#30 {main}

[previous exception] [object] (PDOException(code: HY000): SQLSTATE[HY000]: General error: 1 no such table: jobs at C:\\Users\\rayan\\Desktop\\Radarleb coding\\vendor\\laravel\\framework\\src\\Illuminate\\Database\\Connection.php:404)
[stacktrace]
#0 C:\\Users\\rayan\\Desktop\\Radarleb coding\\vendor\\laravel\\framework\\src\\Illuminate\\Database\\Connection.php(404): PDO->prepare()
#1 C:\\Users\\rayan\\Desktop\\Radarleb coding\\vendor\\laravel\\framework\\src\\Illuminate\\Database\\Connection.php(809): Illuminate\\Database\\Connection->{closure:Illuminate\\Database\\Connection::select():395}()
#2 C:\\Users\\rayan\\Desktop\\Radarleb coding\\vendor\\laravel\\framework\\src\\Illuminate\\Database\\Connection.php(776): Illuminate\\Database\\Connection->runQueryCallback()
#3 C:\\Users\\rayan\\Desktop\\Radarleb coding\\vendor\\laravel\\framework\\src\\Illuminate\\Database\\Connection.php(395): Illuminate\\Database\\Connection->run()
#4 C:\\Users\\rayan\\Desktop\\Radarleb coding\\vendor\\laravel\\framework\\src\\Illuminate\\Database\\Query\\Builder.php(3117): Illuminate\\Database\\Connection->select()
#5 C:\\Users\\rayan\\Desktop\\Radarleb coding\\vendor\\laravel\\framework\\src\\Illuminate\\Database\\Query\\Builder.php(3102): Illuminate\\Database\\Query\\Builder->runSelect()
#6 C:\\Users\\rayan\\Desktop\\Radarleb coding\\vendor\\laravel\\framework\\src\\Illuminate\\Database\\Query\\Builder.php(3689): Illuminate\\Database\\Query\\Builder->{closure:Illuminate\\Database\\Query\\Builder::get():3101}()
#7 C:\\Users\\rayan\\Desktop\\Radarleb coding\\vendor\\laravel\\framework\\src\\Illuminate\\Database\\Query\\Builder.php(3101): Illuminate\\Database\\Query\\Builder->onceWithColumns()
#8 C:\\Users\\rayan\\Desktop\\Radarleb coding\\vendor\\laravel\\framework\\src\\Illuminate\\Database\\Concerns\\BuildsQueries.php(366): Illuminate\\Database\\Query\\Builder->get()
#9 C:\\Users\\rayan\\Desktop\\Radarleb coding\\vendor\\laravel\\framework\\src\\Illuminate\\Queue\\DatabaseQueue.php(248): Illuminate\\Database\\Query\\Builder->first()
#10 C:\\Users\\rayan\\Desktop\\Radarleb coding\\vendor\\laravel\\framework\\src\\Illuminate\\Queue\\DatabaseQueue.php(226): Illuminate\\Queue\\DatabaseQueue->getNextAvailableJob()
#11 C:\\Users\\rayan\\Desktop\\Radarleb coding\\vendor\\laravel\\framework\\src\\Illuminate\\Database\\Concerns\\ManagesTransactions.php(32): Illuminate\\Queue\\DatabaseQueue->{closure:Illuminate\\Queue\\DatabaseQueue::pop():225}()
#12 C:\\Users\\rayan\\Desktop\\Radarleb coding\\vendor\\laravel\\framework\\src\\Illuminate\\Queue\\DatabaseQueue.php(225): Illuminate\\Database\\Connection->transaction()
#13 C:\\Users\\rayan\\Desktop\\Radarleb coding\\vendor\\laravel\\framework\\src\\Illuminate\\Queue\\Worker.php(350): Illuminate\\Queue\\DatabaseQueue->pop()
#14 C:\\Users\\rayan\\Desktop\\Radarleb coding\\vendor\\laravel\\framework\\src\\Illuminate\\Queue\\Worker.php(365): Illuminate\\Queue\\Worker->{closure:Illuminate\\Queue\\Worker::getNextJob():349}()
#15 C:\\Users\\rayan\\Desktop\\Radarleb coding\\vendor\\laravel\\framework\\src\\Illuminate\\Queue\\Worker.php(326): Illuminate\\Queue\\Worker->getNextJob()
#16 C:\\Users\\rayan\\Desktop\\Radarleb coding\\vendor\\laravel\\framework\\src\\Illuminate\\Queue\\Console\\WorkCommand.php(148): Illuminate\\Queue\\Worker->runNextJob()
#17 C:\\Users\\rayan\\Desktop\\Radarleb coding\\vendor\\laravel\\framework\\src\\Illuminate\\Queue\\Console\\WorkCommand.php(131): Illuminate\\Queue\\Console\\WorkCommand->runWorker()
#18 C:\\Users\\rayan\\Desktop\\Radarleb coding\\vendor\\laravel\\framework\\src\\Illuminate\\Container\\BoundMethod.php(36): Illuminate\\Queue\\Console\\WorkCommand->handle()
#19 C:\\Users\\rayan\\Desktop\\Radarleb coding\\vendor\\laravel\\framework\\src\\Illuminate\\Container\\Util.php(43): Illuminate\\Container\\BoundMethod::{closure:Illuminate\\Container\\BoundMethod::call():35}()
#20 C:\\Users\\rayan\\Desktop\\Radarleb coding\\vendor\\laravel\\framework\\src\\Illuminate\\Container\\BoundMethod.php(96): Illuminate\\Container\\Util::unwrapIfClosure()
#21 C:\\Users\\rayan\\Desktop\\Radarleb coding\\vendor\\laravel\\framework\\src\\Illuminate\\Container\\BoundMethod.php(35): Illuminate\\Container\\BoundMethod::callBoundMethod()
#22 C:\\Users\\rayan\\Desktop\\Radarleb coding\\vendor\\laravel\\framework\\src\\Illuminate\\Container\\Container.php(754): Illuminate\\Container\\BoundMethod::call()
#23 C:\\Users\\rayan\\Desktop\\Radarleb coding\\vendor\\laravel\\framework\\src\\Illuminate\\Console\\Command.php(211): Illuminate\\Container\\Container->call()
#24 C:\\Users\\rayan\\Desktop\\Radarleb coding\\vendor\\symfony\\console\\Command\\Command.php(279): Illuminate\\Console\\Command->execute()
#25 C:\\Users\\rayan\\Desktop\\Radarleb coding\\vendor\\laravel\\framework\\src\\Illuminate\\Console\\Command.php(180): Symfony\\Component\\Console\\Command\\Command->run()
#26 C:\\Users\\rayan\\Desktop\\Radarleb coding\\vendor\\symfony\\console\\Application.php(1094): Illuminate\\Console\\Command->run()
#27 C:\\Users\\rayan\\Desktop\\Radarleb coding\\vendor\\symfony\\console\\Application.php(342): Symfony\\Component\\Console\\Application->doRunCommand()
#28 C:\\Users\\rayan\\Desktop\\Radarleb coding\\vendor\\symfony\\console\\Application.php(193): Symfony\\Component\\Console\\Application->doRun()
#29 C:\\Users\\rayan\\Desktop\\Radarleb coding\\vendor\\laravel\\framework\\src\\Illuminate\\Foundation\\Console\\Kernel.php(197): Symfony\\Component\\Console\\Application->run()
#30 C:\\Users\\rayan\\Desktop\\Radarleb coding\\vendor\\laravel\\framework\\src\\Illuminate\\Foundation\\Application.php(1234): Illuminate\\Foundation\\Console\\Kernel->handle()
#31 C:\\Users\\rayan\\Desktop\\Radarleb coding\\artisan(16): Illuminate\\Foundation\\Application->handleCommand()
#32 {main}
"} 
[2025-12-25 18:08:28] local.ERROR: Target class [App\Http\Controllers\Auth\AuthenticatedSessionController] does not exist. {"exception":"[object] (Illuminate\\Contracts\\Container\\BindingResolutionException(code: 0): Target class [App\\Http\\Controllers\\Auth\\AuthenticatedSessionController] does not exist. at C:\\Users\\rayan\\Desktop\\Radarleb coding\\vendor\\laravel\\framework\\src\\Illuminate\\Container\\Container.php:1019)
[stacktrace]
#0 C:\\Users\\rayan\\Desktop\\Radarleb coding\\vendor\\laravel\\framework\\src\\Illuminate\\Container\\Container.php(890): Illuminate\\Container\\Container->build()
#1 C:\\Users\\rayan\\Desktop\\Radarleb coding\\vendor\\laravel\\framework\\src\\Illuminate\\Foundation\\Application.php(1077): Illuminate\\Container\\Container->resolve()
#2 C:\\Users\\rayan\\Desktop\\Radarleb coding\\vendor\\laravel\\framework\\src\\Illuminate\\Container\\Container.php(821): Illuminate\\Foundation\\Application->resolve()
#3 C:\\Users\\rayan\\Desktop\\Radarleb coding\\vendor\\laravel\\framework\\src\\Illuminate\\Foundation\\Application.php(1057): Illuminate\\Container\\Container->make()
#4 C:\\Users\\rayan\\Desktop\\Radarleb coding\\vendor\\laravel\\framework\\src\\Illuminate\\Routing\\Route.php(286): Illuminate\\Foundation\\Application->make()
#5 C:\\Users\\rayan\\Desktop\\Radarleb coding\\vendor\\laravel\\framework\\src\\Illuminate\\Routing\\Route.php(266): Illuminate\\Routing\\Route->getController()
#6 C:\\Users\\rayan\\Desktop\\Radarleb coding\\vendor\\laravel\\framework\\src\\Illuminate\\Routing\\Route.php(211): Illuminate\\Routing\\Route->runController()
#7 C:\\Users\\rayan\\Desktop\\Radarleb coding\\vendor\\laravel\\framework\\src\\Illuminate\\Routing\\Router.php(808): Illuminate\\Routing\\Route->run()
#8 C:\\Users\\rayan\\Desktop\\Radarleb coding\\vendor\\laravel\\framework\\src\\Illuminate\\Pipeline\\Pipeline.php(169): Illuminate\\Routing\\Router->{closure:Illuminate\\Routing\\Router::runRouteWithinStack():807}()
#9 C:\\Users\\rayan\\Desktop\\Radarleb coding\\vendor\\laravel\\framework\\src\\Illuminate\\Auth\\Middleware\\RedirectIfAuthenticated.php(35): Illuminate\\Pipeline\\Pipeline->{closure:Illuminate\\Pipeline\\Pipeline::prepareDestination():167}()
#10 C:\\Users\\rayan\\Desktop\\Radarleb coding\\vendor\\laravel\\framework\\src\\Illuminate\\Pipeline\\Pipeline.php(208): Illuminate\\Auth\\Middleware\\RedirectIfAuthenticated->handle()
#11 C:\\Users\\rayan\\Desktop\\Radarleb coding\\vendor\\inertiajs\\inertia-laravel\\src\\Middleware.php(86): Illuminate\\Pipeline\\Pipeline->{closure:{closure:Illuminate\\Pipeline\\Pipeline::carry():183}:184}()
#12 C:\\Users\\rayan\\Desktop\\Radarleb coding\\vendor\\laravel\\framework\\src\\Illuminate\\Pipeline\\Pipeline.php(208): Inertia\\Middleware->handle()
#13 C:\\Users\\rayan\\Desktop\\Radarleb coding\\vendor\\laravel\\framework\\src\\Illuminate\\Routing\\Middleware\\SubstituteBindings.php(50): Illuminate\\Pipeline\\Pipeline->{closure:{closure:Illuminate\\Pipeline\\Pipeline::carry():183}:184}()
#14 C:\\Users\\rayan\\Desktop\\Radarleb coding\\vendor\\laravel\\framework\\src\\Illuminate\\Pipeline\\Pipeline.php(208): Illuminate\\Routing\\Middleware\\SubstituteBindings->handle()
#15 C:\\Users\\rayan\\Desktop\\Radarleb coding\\vendor\\laravel\\framework\\src\\Illuminate\\Foundation\\Http\\Middleware\\VerifyCsrfToken.php(87): Illuminate\\Pipeline\\Pipeline->{closure:{closure:Illuminate\\Pipeline\\Pipeline::carry():183}:184}()
#16 C:\\Users\\rayan\\Desktop\\Radarleb coding\\vendor\\laravel\\framework\\src\\Illuminate\\Pipeline\\Pipeline.php(208): Illuminate\\Foundation\\Http\\Middleware\\VerifyCsrfToken->handle()
#17 C:\\Users\\rayan\\Desktop\\Radarleb coding\\vendor\\laravel\\framework\\src\\Illuminate\\View\\Middleware\\ShareErrorsFromSession.php(48): Illuminate\\Pipeline\\Pipeline->{closure:{closure:Illuminate\\Pipeline\\Pipeline::carry():183}:184}()
#18 C:\\Users\\rayan\\Desktop\\Radarleb coding\\vendor\\laravel\\framework\\src\\Illuminate\\Pipeline\\Pipeline.php(208): Illuminate\\View\\Middleware\\ShareErrorsFromSession->handle()
#19 C:\\Users\\rayan\\Desktop\\Radarleb coding\\vendor\\laravel\\framework\\src\\Illuminate\\Session\\Middleware\\StartSession.php(120): Illuminate\\Pipeline\\Pipeline->{closure:{closure:Illuminate\\Pipeline\\Pipeline::carry():183}:184}()
#20 C:\\Users\\rayan\\Desktop\\Radarleb coding\\vendor\\laravel\\framework\\src\\Illuminate\\Session\\Middleware\\StartSession.php(63): Illuminate\\Session\\Middleware\\StartSession->handleStatefulRequest()
#21 C:\\Users\\rayan\\Desktop\\Radarleb coding\\vendor\\laravel\\framework\\src\\Illuminate\\Pipeline\\Pipeline.php(208): Illuminate\\Session\\Middleware\\StartSession->handle()
#22 C:\\Users\\rayan\\Desktop\\Radarleb coding\\vendor\\laravel\\framework\\src\\Illuminate\\Cookie\\Middleware\\AddQueuedCookiesToResponse.php(36): Illuminate\\Pipeline\\Pipeline->{closure:{closure:Illuminate\\Pipeline\\Pipeline::carry():183}:184}()
#23 C:\\Users\\rayan\\Desktop\\Radarleb coding\\vendor\\laravel\\framework\\src\\Illuminate\\Pipeline\\Pipeline.php(208): Illuminate\\Cookie\\Middleware\\AddQueuedCookiesToResponse->handle()
#24 C:\\Users\\rayan\\Desktop\\Radarleb coding\\vendor\\laravel\\framework\\src\\Illuminate\\Cookie\\Middleware\\EncryptCookies.php(74): Illuminate\\Pipeline\\Pipeline->{closure:{closure:Illuminate\\Pipeline\\Pipeline::carry():183}:184}()
#25 C:\\Users\\rayan\\Desktop\\Radarleb coding\\vendor\\laravel\\framework\\src\\Illuminate\\Pipeline\\Pipeline.php(208): Illuminate\\Cookie\\Middleware\\EncryptCookies->handle()
#26 C:\\Users\\rayan\\Desktop\\Radarleb coding\\vendor\\laravel\\framework\\src\\Illuminate\\Pipeline\\Pipeline.php(126): Illuminate\\Pipeline\\Pipeline->{closure:{closure:Illuminate\\Pipeline\\Pipeline::carry():183}:184}()
#27 C:\\Users\\rayan\\Desktop\\Radarleb coding\\vendor\\laravel\\framework\\src\\Illuminate\\Routing\\Router.php(807): Illuminate\\Pipeline\\Pipeline->then()
#28 C:\\Users\\rayan\\Desktop\\Radarleb coding\\vendor\\laravel\\framework\\src\\Illuminate\\Routing\\Router.php(786): Illuminate\\Routing\\Router->runRouteWithinStack()
#29 C:\\Users\\rayan\\Desktop\\Radarleb coding\\vendor\\laravel\\framework\\src\\Illuminate\\Routing\\Router.php(750): Illuminate\\Routing\\Router->runRoute()
#30 C:\\Users\\rayan\\Desktop\\Radarleb coding\\vendor\\laravel\\framework\\src\\Illuminate\\Routing\\Router.php(739): Illuminate\\Routing\\Router->dispatchToRoute()
#31 C:\\Users\\rayan\\Desktop\\Radarleb coding\\vendor\\laravel\\framework\\src\\Illuminate\\Foundation\\Http\\Kernel.php(200): Illuminate\\Routing\\Router->dispatch()
#32 C:\\Users\\rayan\\Desktop\\Radarleb coding\\vendor\\laravel\\framework\\src\\Illuminate\\Pipeline\\Pipeline.php(169): Illuminate\\Foundation\\Http\\Kernel->{closure:Illuminate\\Foundation\\Http\\Kernel::dispatchToRouter():197}()
#33 C:\\Users\\rayan\\Desktop\\Radarleb coding\\vendor\\livewire\\livewire\\src\\Features\\SupportDisablingBackButtonCache\\DisableBackButtonCacheMiddleware.php(19): Illuminate\\Pipeline\\Pipeline->{closure:Illuminate\\Pipeline\\Pipeline::prepareDestination():167}()
#34 C:\\Users\\rayan\\Desktop\\Radarleb coding\\vendor\\laravel\\framework\\src\\Illuminate\\Pipeline\\Pipeline.php(208): Livewire\\Features\\SupportDisablingBackButtonCache\\DisableBackButtonCacheMiddleware->handle()
#35 C:\\Users\\rayan\\Desktop\\Radarleb coding\\vendor\\laravel\\framework\\src\\Illuminate\\Foundation\\Http\\Middleware\\TransformsRequest.php(21): Illuminate\\Pipeline\\Pipeline->{closure:{closure:Illuminate\\Pipeline\\Pipeline::carry():183}:184}()
#36 C:\\Users\\rayan\\Desktop\\Radarleb coding\\vendor\\laravel\\framework\\src\\Illuminate\\Foundation\\Http\\Middleware\\ConvertEmptyStringsToNull.php(31): Illuminate\\Foundation\\Http\\Middleware\\TransformsRequest->handle()
#37 C:\\Users\\rayan\\Desktop\\Radarleb coding\\vendor\\laravel\\framework\\src\\Illuminate\\Pipeline\\Pipeline.php(208): Illuminate\\Foundation\\Http\\Middleware\\ConvertEmptyStringsToNull->handle()
#38 C:\\Users\\rayan\\Desktop\\Radarleb coding\\vendor\\laravel\\framework\\src\\Illuminate\\Foundation\\Http\\Middleware\\TransformsRequest.php(21): Illuminate\\Pipeline\\Pipeline->{closure:{closure:Illuminate\\Pipeline\\Pipeline::carry():183}:184}()
#39 C:\\Users\\rayan\\Desktop\\Radarleb coding\\vendor\\laravel\\framework\\src\\Illuminate\\Foundation\\Http\\Middleware\\TrimStrings.php(51): Illuminate\\Foundation\\Http\\Middleware\\TransformsRequest->handle()
#40 C:\\Users\\rayan\\Desktop\\Radarleb coding\\vendor\\laravel\\framework\\src\\Illuminate\\Pipeline\\Pipeline.php(208): Illuminate\\Foundation\\Http\\Middleware\\TrimStrings->handle()
#41 C:\\Users\\rayan\\Desktop\\Radarleb coding\\vendor\\laravel\\framework\\src\\Illuminate\\Http\\Middleware\\ValidatePostSize.php(27): Illuminate\\Pipeline\\Pipeline->{closure:{closure:Illuminate\\Pipeline\\Pipeline::carry():183}:184}()
#42 C:\\Users\\rayan\\Desktop\\Radarleb coding\\vendor\\laravel\\framework\\src\\Illuminate\\Pipeline\\Pipeline.php(208): Illuminate\\Http\\Middleware\\ValidatePostSize->handle()
#43 C:\\Users\\rayan\\Desktop\\Radarleb coding\\vendor\\laravel\\framework\\src\\Illuminate\\Foundation\\Http\\Middleware\\PreventRequestsDuringMaintenance.php(109): Illuminate\\Pipeline\\Pipeline->{closure:{closure:Illuminate\\Pipeline\\Pipeline::carry():183}:184}()
#44 C:\\Users\\rayan\\Desktop\\Radarleb coding\\vendor\\laravel\\framework\\src\\Illuminate\\Pipeline\\Pipeline.php(208): Illuminate\\Foundation\\Http\\Middleware\\PreventRequestsDuringMaintenance->handle()
#45 C:\\Users\\rayan\\Desktop\\Radarleb coding\\vendor\\laravel\\framework\\src\\Illuminate\\Http\\Middleware\\HandleCors.php(48): Illuminate\\Pipeline\\Pipeline->{closure:{closure:Illuminate\\Pipeline\\Pipeline::carry():183}:184}()
#46 C:\\Users\\rayan\\Desktop\\Radarleb coding\\vendor\\laravel\\framework\\src\\Illuminate\\Pipeline\\Pipeline.php(208): Illuminate\\Http\\Middleware\\HandleCors->handle()
#47 C:\\Users\\rayan\\Desktop\\Radarleb coding\\vendor\\laravel\\framework\\src\\Illuminate\\Http\\Middleware\\TrustProxies.php(58): Illuminate\\Pipeline\\Pipeline->{closure:{closure:Illuminate\\Pipeline\\Pipeline::carry():183}:184}()
#48 C:\\Users\\rayan\\Desktop\\Radarleb coding\\vendor\\laravel\\framework\\src\\Illuminate\\Pipeline\\Pipeline.php(208): Illuminate\\Http\\Middleware\\TrustProxies->handle()
#49 C:\\Users\\rayan\\Desktop\\Radarleb coding\\vendor\\laravel\\framework\\src\\Illuminate\\Foundation\\Http\\Middleware\\InvokeDeferredCallbacks.php(22): Illuminate\\Pipeline\\Pipeline->{closure:{closure:Illuminate\\Pipeline\\Pipeline::carry():183}:184}()
#50 C:\\Users\\rayan\\Desktop\\Radarleb coding\\vendor\\laravel\\framework\\src\\Illuminate\\Pipeline\\Pipeline.php(208): Illuminate\\Foundation\\Http\\Middleware\\InvokeDeferredCallbacks->handle()
#51 C:\\Users\\rayan\\Desktop\\Radarleb coding\\vendor\\laravel\\framework\\src\\Illuminate\\Http\\Middleware\\ValidatePathEncoding.php(26): Illuminate\\Pipeline\\Pipeline->{closure:{closure:Illuminate\\Pipeline\\Pipeline::carry():183}:184}()
#52 C:\\Users\\rayan\\Desktop\\Radarleb coding\\vendor\\laravel\\framework\\src\\Illuminate\\Pipeline\\Pipeline.php(208): Illuminate\\Http\\Middleware\\ValidatePathEncoding->handle()
#53 C:\\Users\\rayan\\Desktop\\Radarleb coding\\vendor\\laravel\\framework\\src\\Illuminate\\Pipeline\\Pipeline.php(126): Illuminate\\Pipeline\\Pipeline->{closure:{closure:Illuminate\\Pipeline\\Pipeline::carry():183}:184}()
#54 C:\\Users\\rayan\\Desktop\\Radarleb coding\\vendor\\laravel\\framework\\src\\Illuminate\\Foundation\\Http\\Kernel.php(175): Illuminate\\Pipeline\\Pipeline->then()
#55 C:\\Users\\rayan\\Desktop\\Radarleb coding\\vendor\\laravel\\framework\\src\\Illuminate\\Foundation\\Http\\Kernel.php(144): Illuminate\\Foundation\\Http\\Kernel->sendRequestThroughRouter()
#56 C:\\Users\\rayan\\Desktop\\Radarleb coding\\vendor\\laravel\\framework\\src\\Illuminate\\Foundation\\Application.php(1219): Illuminate\\Foundation\\Http\\Kernel->handle()
#57 C:\\Users\\rayan\\Desktop\\Radarleb coding\\public\\index.php(20): Illuminate\\Foundation\\Application->handleRequest()
#58 C:\\Users\\rayan\\Desktop\\Radarleb coding\\vendor\\laravel\\framework\\src\\Illuminate\\Foundation\\resources\\server.php(23): require_once('...')
#59 {main}

[previous exception] [object] (ReflectionException(code: -1): Class \"App\\Http\\Controllers\\Auth\\AuthenticatedSessionController\" does not exist at C:\\Users\\rayan\\Desktop\\Radarleb coding\\vendor\\laravel\\framework\\src\\Illuminate\\Container\\Container.php:1017)
[stacktrace]
#0 C:\\Users\\rayan\\Desktop\\Radarleb coding\\vendor\\laravel\\framework\\src\\Illuminate\\Container\\Container.php(1017): ReflectionClass->__construct()
#1 C:\\Users\\rayan\\Desktop\\Radarleb coding\\vendor\\laravel\\framework\\src\\Illuminate\\Container\\Container.php(890): Illuminate\\Container\\Container->build()
#2 C:\\Users\\rayan\\Desktop\\Radarleb coding\\vendor\\laravel\\framework\\src\\Illuminate\\Foundation\\Application.php(1077): Illuminate\\Container\\Container->resolve()
#3 C:\\Users\\rayan\\Desktop\\Radarleb coding\\vendor\\laravel\\framework\\src\\Illuminate\\Container\\Container.php(821): Illuminate\\Foundation\\Application->resolve()
#4 C:\\Users\\rayan\\Desktop\\Radarleb coding\\vendor\\laravel\\framework\\src\\Illuminate\\Foundation\\Application.php(1057): Illuminate\\Container\\Container->make()
#5 C:\\Users\\rayan\\Desktop\\Radarleb coding\\vendor\\laravel\\framework\\src\\Illuminate\\Routing\\Route.php(286): Illuminate\\Foundation\\Application->make()
#6 C:\\Users\\rayan\\Desktop\\Radarleb coding\\vendor\\laravel\\framework\\src\\Illuminate\\Routing\\Route.php(266): Illuminate\\Routing\\Route->getController()
#7 C:\\Users\\rayan\\Desktop\\Radarleb coding\\vendor\\laravel\\framework\\src\\Illuminate\\Routing\\Route.php(211): Illuminate\\Routing\\Route->runController()
#8 C:\\Users\\rayan\\Desktop\\Radarleb coding\\vendor\\laravel\\framework\\src\\Illuminate\\Routing\\Router.php(808): Illuminate\\Routing\\Route->run()
#9 C:\\Users\\rayan\\Desktop\\Radarleb coding\\vendor\\laravel\\framework\\src\\Illuminate\\Pipeline\\Pipeline.php(169): Illuminate\\Routing\\Router->{closure:Illuminate\\Routing\\Router::runRouteWithinStack():807}()
#10 C:\\Users\\rayan\\Desktop\\Radarleb coding\\vendor\\laravel\\framework\\src\\Illuminate\\Auth\\Middleware\\RedirectIfAuthenticated.php(35): Illuminate\\Pipeline\\Pipeline->{closure:Illuminate\\Pipeline\\Pipeline::prepareDestination():167}()
#11 C:\\Users\\rayan\\Desktop\\Radarleb coding\\vendor\\laravel\\framework\\src\\Illuminate\\Pipeline\\Pipeline.php(208): Illuminate\\Auth\\Middleware\\RedirectIfAuthenticated->handle()
#12 C:\\Users\\rayan\\Desktop\\Radarleb coding\\vendor\\inertiajs\\inertia-laravel\\src\\Middleware.php(86): Illuminate\\Pipeline\\Pipeline->{closure:{closure:Illuminate\\Pipeline\\Pipeline::carry():183}:184}()
#13 C:\\Users\\rayan\\Desktop\\Radarleb coding\\vendor\\laravel\\framework\\src\\Illuminate\\Pipeline\\Pipeline.php(208): Inertia\\Middleware->handle()
#14 C:\\Users\\rayan\\Desktop\\Radarleb coding\\vendor\\laravel\\framework\\src\\Illuminate\\Routing\\Middleware\\SubstituteBindings.php(50): Illuminate\\Pipeline\\Pipeline->{closure:{closure:Illuminate\\Pipeline\\Pipeline::carry():183}:184}()
#15 C:\\Users\\rayan\\Desktop\\Radarleb coding\\vendor\\laravel\\framework\\src\\Illuminate\\Pipeline\\Pipeline.php(208): Illuminate\\Routing\\Middleware\\SubstituteBindings->handle()
#16 C:\\Users\\rayan\\Desktop\\Radarleb coding\\vendor\\laravel\\framework\\src\\Illuminate\\Foundation\\Http\\Middleware\\VerifyCsrfToken.php(87): Illuminate\\Pipeline\\Pipeline->{closure:{closure:Illuminate\\Pipeline\\Pipeline::carry():183}:184}()
#17 C:\\Users\\rayan\\Desktop\\Radarleb coding\\vendor\\laravel\\framework\\src\\Illuminate\\Pipeline\\Pipeline.php(208): Illuminate\\Foundation\\Http\\Middleware\\VerifyCsrfToken->handle()
#18 C:\\Users\\rayan\\Desktop\\Radarleb coding\\vendor\\laravel\\framework\\src\\Illuminate\\View\\Middleware\\ShareErrorsFromSession.php(48): Illuminate\\Pipeline\\Pipeline->{closure:{closure:Illuminate\\Pipeline\\Pipeline::carry():183}:184}()
#19 C:\\Users\\rayan\\Desktop\\Radarleb coding\\vendor\\laravel\\framework\\src\\Illuminate\\Pipeline\\Pipeline.php(208): Illuminate\\View\\Middleware\\ShareErrorsFromSession->handle()
#20 C:\\Users\\rayan\\Desktop\\Radarleb coding\\vendor\\laravel\\framework\\src\\Illuminate\\Session\\Middleware\\StartSession.php(120): Illuminate\\Pipeline\\Pipeline->{closure:{closure:Illuminate\\Pipeline\\Pipeline::carry():183}:184}()
#21 C:\\Users\\rayan\\Desktop\\Radarleb coding\\vendor\\laravel\\framework\\src\\Illuminate\\Session\\Middleware\\StartSession.php(63): Illuminate\\Session\\Middleware\\StartSession->handleStatefulRequest()
#22 C:\\Users\\rayan\\Desktop\\Radarleb coding\\vendor\\laravel\\framework\\src\\Illuminate\\Pipeline\\Pipeline.php(208): Illuminate\\Session\\Middleware\\StartSession->handle()
#23 C:\\Users\\rayan\\Desktop\\Radarleb coding\\vendor\\laravel\\framework\\src\\Illuminate\\Cookie\\Middleware\\AddQueuedCookiesToResponse.php(36): Illuminate\\Pipeline\\Pipeline->{closure:{closure:Illuminate\\Pipeline\\Pipeline::carry():183}:184}()
#24 C:\\Users\\rayan\\Desktop\\Radarleb coding\\vendor\\laravel\\framework\\src\\Illuminate\\Pipeline\\Pipeline.php(208): Illuminate\\Cookie\\Middleware\\AddQueuedCookiesToResponse->handle()
#25 C:\\Users\\rayan\\Desktop\\Radarleb coding\\vendor\\laravel\\framework\\src\\Illuminate\\Cookie\\Middleware\\EncryptCookies.php(74): Illuminate\\Pipeline\\Pipeline->{closure:{closure:Illuminate\\Pipeline\\Pipeline::carry():183}:184}()
#26 C:\\Users\\rayan\\Desktop\\Radarleb coding\\vendor\\laravel\\framework\\src\\Illuminate\\Pipeline\\Pipeline.php(208): Illuminate\\Cookie\\Middleware\\EncryptCookies->handle()
#27 C:\\Users\\rayan\\Desktop\\Radarleb coding\\vendor\\laravel\\framework\\src\\Illuminate\\Pipeline\\Pipeline.php(126): Illuminate\\Pipeline\\Pipeline->{closure:{closure:Illuminate\\Pipeline\\Pipeline::carry():183}:184}()
#28 C:\\Users\\rayan\\Desktop\\Radarleb coding\\vendor\\laravel\\framework\\src\\Illuminate\\Routing\\Router.php(807): Illuminate\\Pipeline\\Pipeline->then()
#29 C:\\Users\\rayan\\Desktop\\Radarleb coding\\vendor\\laravel\\framework\\src\\Illuminate\\Routing\\Router.php(786): Illuminate\\Routing\\Router->runRouteWithinStack()
#30 C:\\Users\\rayan\\Desktop\\Radarleb coding\\vendor\\laravel\\framework\\src\\Illuminate\\Routing\\Router.php(750): Illuminate\\Routing\\Router->runRoute()
#31 C:\\Users\\rayan\\Desktop\\Radarleb coding\\vendor\\laravel\\framework\\src\\Illuminate\\Routing\\Router.php(739): Illuminate\\Routing\\Router->dispatchToRoute()
#32 C:\\Users\\rayan\\Desktop\\Radarleb coding\\vendor\\laravel\\framework\\src\\Illuminate\\Foundation\\Http\\Kernel.php(200): Illuminate\\Routing\\Router->dispatch()
#33 C:\\Users\\rayan\\Desktop\\Radarleb coding\\vendor\\laravel\\framework\\src\\Illuminate\\Pipeline\\Pipeline.php(169): Illuminate\\Foundation\\Http\\Kernel->{closure:Illuminate\\Foundation\\Http\\Kernel::dispatchToRouter():197}()
#34 C:\\Users\\rayan\\Desktop\\Radarleb coding\\vendor\\livewire\\livewire\\src\\Features\\SupportDisablingBackButtonCache\\DisableBackButtonCacheMiddleware.php(19): Illuminate\\Pipeline\\Pipeline->{closure:Illuminate\\Pipeline\\Pipeline::prepareDestination():167}()
#35 C:\\Users\\rayan\\Desktop\\Radarleb coding\\vendor\\laravel\\framework\\src\\Illuminate\\Pipeline\\Pipeline.php(208): Livewire\\Features\\SupportDisablingBackButtonCache\\DisableBackButtonCacheMiddleware->handle()
#36 C:\\Users\\rayan\\Desktop\\Radarleb coding\\vendor\\laravel\\framework\\src\\Illuminate\\Foundation\\Http\\Middleware\\TransformsRequest.php(21): Illuminate\\Pipeline\\Pipeline->{closure:{closure:Illuminate\\Pipeline\\Pipeline::carry():183}:184}()
#37 C:\\Users\\rayan\\Desktop\\Radarleb coding\\vendor\\laravel\\framework\\src\\Illuminate\\Foundation\\Http\\Middleware\\ConvertEmptyStringsToNull.php(31): Illuminate\\Foundation\\Http\\Middleware\\TransformsRequest->handle()
#38 C:\\Users\\rayan\\Desktop\\Radarleb coding\\vendor\\laravel\\framework\\src\\Illuminate\\Pipeline\\Pipeline.php(208): Illuminate\\Foundation\\Http\\Middleware\\ConvertEmptyStringsToNull->handle()
#39 C:\\Users\\rayan\\Desktop\\Radarleb coding\\vendor\\laravel\\framework\\src\\Illuminate\\Foundation\\Http\\Middleware\\TransformsRequest.php(21): Illuminate\\Pipeline\\Pipeline->{closure:{closure:Illuminate\\Pipeline\\Pipeline::carry():183}:184}()
#40 C:\\Users\\rayan\\Desktop\\Radarleb coding\\vendor\\laravel\\framework\\src\\Illuminate\\Foundation\\Http\\Middleware\\TrimStrings.php(51): Illuminate\\Foundation\\Http\\Middleware\\TransformsRequest->handle()
#41 C:\\Users\\rayan\\Desktop\\Radarleb coding\\vendor\\laravel\\framework\\src\\Illuminate\\Pipeline\\Pipeline.php(208): Illuminate\\Foundation\\Http\\Middleware\\TrimStrings->handle()
#42 C:\\Users\\rayan\\Desktop\\Radarleb coding\\vendor\\laravel\\framework\\src\\Illuminate\\Http\\Middleware\\ValidatePostSize.php(27): Illuminate\\Pipeline\\Pipeline->{closure:{closure:Illuminate\\Pipeline\\Pipeline::carry():183}:184}()
#43 C:\\Users\\rayan\\Desktop\\Radarleb coding\\vendor\\laravel\\framework\\src\\Illuminate\\Pipeline\\Pipeline.php(208): Illuminate\\Http\\Middleware\\ValidatePostSize->handle()
#44 C:\\Users\\rayan\\Desktop\\Radarleb coding\\vendor\\laravel\\framework\\src\\Illuminate\\Foundation\\Http\\Middleware\\PreventRequestsDuringMaintenance.php(109): Illuminate\\Pipeline\\Pipeline->{closure:{closure:Illuminate\\Pipeline\\Pipeline::carry():183}:184}()
#45 C:\\Users\\rayan\\Desktop\\Radarleb coding\\vendor\\laravel\\framework\\src\\Illuminate\\Pipeline\\Pipeline.php(208): Illuminate\\Foundation\\Http\\Middleware\\PreventRequestsDuringMaintenance->handle()
#46 C:\\Users\\rayan\\Desktop\\Radarleb coding\\vendor\\laravel\\framework\\src\\Illuminate\\Http\\Middleware\\HandleCors.php(48): Illuminate\\Pipeline\\Pipeline->{closure:{closure:Illuminate\\Pipeline\\Pipeline::carry():183}:184}()
#47 C:\\Users\\rayan\\Desktop\\Radarleb coding\\vendor\\laravel\\framework\\src\\Illuminate\\Pipeline\\Pipeline.php(208): Illuminate\\Http\\Middleware\\HandleCors->handle()
#48 C:\\Users\\rayan\\Desktop\\Radarleb coding\\vendor\\laravel\\framework\\src\\Illuminate\\Http\\Middleware\\TrustProxies.php(58): Illuminate\\Pipeline\\Pipeline->{closure:{closure:Illuminate\\Pipeline\\Pipeline::carry():183}:184}()
#49 C:\\Users\\rayan\\Desktop\\Radarleb coding\\vendor\\laravel\\framework\\src\\Illuminate\\Pipeline\\Pipeline.php(208): Illuminate\\Http\\Middleware\\TrustProxies->handle()
#50 C:\\Users\\rayan\\Desktop\\Radarleb coding\\vendor\\laravel\\framework\\src\\Illuminate\\Foundation\\Http\\Middleware\\InvokeDeferredCallbacks.php(22): Illuminate\\Pipeline\\Pipeline->{closure:{closure:Illuminate\\Pipeline\\Pipeline::carry():183}:184}()
#51 C:\\Users\\rayan\\Desktop\\Radarleb coding\\vendor\\laravel\\framework\\src\\Illuminate\\Pipeline\\Pipeline.php(208): Illuminate\\Foundation\\Http\\Middleware\\InvokeDeferredCallbacks->handle()
#52 C:\\Users\\rayan\\Desktop\\Radarleb coding\\vendor\\laravel\\framework\\src\\Illuminate\\Http\\Middleware\\ValidatePathEncoding.php(26): Illuminate\\Pipeline\\Pipeline->{closure:{closure:Illuminate\\Pipeline\\Pipeline::carry():183}:184}()
#53 C:\\Users\\rayan\\Desktop\\Radarleb coding\\vendor\\laravel\\framework\\src\\Illuminate\\Pipeline\\Pipeline.php(208): Illuminate\\Http\\Middleware\\ValidatePathEncoding->handle()
#54 C:\\Users\\rayan\\Desktop\\Radarleb coding\\vendor\\laravel\\framework\\src\\Illuminate\\Pipeline\\Pipeline.php(126): Illuminate\\Pipeline\\Pipeline->{closure:{closure:Illuminate\\Pipeline\\Pipeline::carry():183}:184}()
#55 C:\\Users\\rayan\\Desktop\\Radarleb coding\\vendor\\laravel\\framework\\src\\Illuminate\\Foundation\\Http\\Kernel.php(175): Illuminate\\Pipeline\\Pipeline->then()
#56 C:\\Users\\rayan\\Desktop\\Radarleb coding\\vendor\\laravel\\framework\\src\\Illuminate\\Foundation\\Http\\Kernel.php(144): Illuminate\\Foundation\\Http\\Kernel->sendRequestThroughRouter()
#57 C:\\Users\\rayan\\Desktop\\Radarleb coding\\vendor\\laravel\\framework\\src\\Illuminate\\Foundation\\Application.php(1219): Illuminate\\Foundation\\Http\\Kernel->handle()
#58 C:\\Users\\rayan\\Desktop\\Radarleb coding\\public\\index.php(20): Illuminate\\Foundation\\Application->handleRequest()
#59 C:\\Users\\rayan\\Desktop\\Radarleb coding\\vendor\\laravel\\framework\\src\\Illuminate\\Foundation\\resources\\server.php(23): require_once('...')
#60 {main}
"} 
[2025-12-25 18:08:50] local.ERROR: The [pcntl] extension is required to run Pail. {"exception":"[object] (RuntimeException(code: 0): The [pcntl] extension is required to run Pail. at C:\\Users\\rayan\\Desktop\\Radarleb coding\\vendor\\laravel\\pail\\src\\Guards\\EnsurePcntlIsAvailable.php:15)
[stacktrace]
#0 C:\\Users\\rayan\\Desktop\\Radarleb coding\\vendor\\laravel\\pail\\src\\Console\\Commands\\PailCommand.php(46): Laravel\\Pail\\Guards\\EnsurePcntlIsAvailable::check()
#1 C:\\Users\\rayan\\Desktop\\Radarleb coding\\vendor\\laravel\\framework\\src\\Illuminate\\Container\\BoundMethod.php(36): Laravel\\Pail\\Console\\Commands\\PailCommand->handle()
#2 C:\\Users\\rayan\\Desktop\\Radarleb coding\\vendor\\laravel\\framework\\src\\Illuminate\\Container\\Util.php(43): Illuminate\\Container\\BoundMethod::{closure:Illuminate\\Container\\BoundMethod::call():35}()
#3 C:\\Users\\rayan\\Desktop\\Radarleb coding\\vendor\\laravel\\framework\\src\\Illuminate\\Container\\BoundMethod.php(96): Illuminate\\Container\\Util::unwrapIfClosure()
#4 C:\\Users\\rayan\\Desktop\\Radarleb coding\\vendor\\laravel\\framework\\src\\Illuminate\\Container\\BoundMethod.php(35): Illuminate\\Container\\BoundMethod::callBoundMethod()
#5 C:\\Users\\rayan\\Desktop\\Radarleb coding\\vendor\\laravel\\framework\\src\\Illuminate\\Container\\Container.php(754): Illuminate\\Container\\BoundMethod::call()
#6 C:\\Users\\rayan\\Desktop\\Radarleb coding\\vendor\\laravel\\framework\\src\\Illuminate\\Console\\Command.php(211): Illuminate\\Container\\Container->call()
#7 C:\\Users\\rayan\\Desktop\\Radarleb coding\\vendor\\symfony\\console\\Command\\Command.php(279): Illuminate\\Console\\Command->execute()
#8 C:\\Users\\rayan\\Desktop\\Radarleb coding\\vendor\\laravel\\framework\\src\\Illuminate\\Console\\Command.php(180): Symfony\\Component\\Console\\Command\\Command->run()
#9 C:\\Users\\rayan\\Desktop\\Radarleb coding\\vendor\\symfony\\console\\Application.php(1094): Illuminate\\Console\\Command->run()
#10 C:\\Users\\rayan\\Desktop\\Radarleb coding\\vendor\\symfony\\console\\Application.php(342): Symfony\\Component\\Console\\Application->doRunCommand()
#11 C:\\Users\\rayan\\Desktop\\Radarleb coding\\vendor\\symfony\\console\\Application.php(193): Symfony\\Component\\Console\\Application->doRun()
#12 C:\\Users\\rayan\\Desktop\\Radarleb coding\\vendor\\laravel\\framework\\src\\Illuminate\\Foundation\\Console\\Kernel.php(197): Symfony\\Component\\Console\\Application->run()
#13 C:\\Users\\rayan\\Desktop\\Radarleb coding\\vendor\\laravel\\framework\\src\\Illuminate\\Foundation\\Application.php(1234): Illuminate\\Foundation\\Console\\Kernel->handle()
#14 C:\\Users\\rayan\\Desktop\\Radarleb coding\\artisan(16): Illuminate\\Foundation\\Application->handleCommand()
#15 {main}
"} 
[2025-12-25 18:09:14] local.ERROR: The [pcntl] extension is required to run Pail. {"exception":"[object] (RuntimeException(code: 0): The [pcntl] extension is required to run Pail. at C:\\Users\\rayan\\Desktop\\Radarleb coding\\vendor\\laravel\\pail\\src\\Guards\\EnsurePcntlIsAvailable.php:15)
[stacktrace]
#0 C:\\Users\\rayan\\Desktop\\Radarleb coding\\vendor\\laravel\\pail\\src\\Console\\Commands\\PailCommand.php(46): Laravel\\Pail\\Guards\\EnsurePcntlIsAvailable::check()
#1 C:\\Users\\rayan\\Desktop\\Radarleb coding\\vendor\\laravel\\framework\\src\\Illuminate\\Container\\BoundMethod.php(36): Laravel\\Pail\\Console\\Commands\\PailCommand->handle()
#2 C:\\Users\\rayan\\Desktop\\Radarleb coding\\vendor\\laravel\\framework\\src\\Illuminate\\Container\\Util.php(43): Illuminate\\Container\\BoundMethod::{closure:Illuminate\\Container\\BoundMethod::call():35}()
#3 C:\\Users\\rayan\\Desktop\\Radarleb coding\\vendor\\laravel\\framework\\src\\Illuminate\\Container\\BoundMethod.php(96): Illuminate\\Container\\Util::unwrapIfClosure()
#4 C:\\Users\\rayan\\Desktop\\Radarleb coding\\vendor\\laravel\\framework\\src\\Illuminate\\Container\\BoundMethod.php(35): Illuminate\\Container\\BoundMethod::callBoundMethod()
#5 C:\\Users\\rayan\\Desktop\\Radarleb coding\\vendor\\laravel\\framework\\src\\Illuminate\\Container\\Container.php(754): Illuminate\\Container\\BoundMethod::call()
#6 C:\\Users\\rayan\\Desktop\\Radarleb coding\\vendor\\laravel\\framework\\src\\Illuminate\\Console\\Command.php(211): Illuminate\\Container\\Container->call()
#7 C:\\Users\\rayan\\Desktop\\Radarleb coding\\vendor\\symfony\\console\\Command\\Command.php(279): Illuminate\\Console\\Command->execute()
#8 C:\\Users\\rayan\\Desktop\\Radarleb coding\\vendor\\laravel\\framework\\src\\Illuminate\\Console\\Command.php(180): Symfony\\Component\\Console\\Command\\Command->run()
#9 C:\\Users\\rayan\\Desktop\\Radarleb coding\\vendor\\symfony\\console\\Application.php(1094): Illuminate\\Console\\Command->run()
#10 C:\\Users\\rayan\\Desktop\\Radarleb coding\\vendor\\symfony\\console\\Application.php(342): Symfony\\Component\\Console\\Application->doRunCommand()
#11 C:\\Users\\rayan\\Desktop\\Radarleb coding\\vendor\\symfony\\console\\Application.php(193): Symfony\\Component\\Console\\Application->doRun()
#12 C:\\Users\\rayan\\Desktop\\Radarleb coding\\vendor\\laravel\\framework\\src\\Illuminate\\Foundation\\Console\\Kernel.php(197): Symfony\\Component\\Console\\Application->run()
#13 C:\\Users\\rayan\\Desktop\\Radarleb coding\\vendor\\laravel\\framework\\src\\Illuminate\\Foundation\\Application.php(1234): Illuminate\\Foundation\\Console\\Kernel->handle()
#14 C:\\Users\\rayan\\Desktop\\Radarleb coding\\artisan(16): Illuminate\\Foundation\\Application->handleCommand()
#15 {main}
"} 
[2025-12-25 18:09:54] local.ERROR: The [pcntl] extension is required to run Pail. {"exception":"[object] (RuntimeException(code: 0): The [pcntl] extension is required to run Pail. at C:\\Users\\rayan\\Desktop\\Radarleb coding\\vendor\\laravel\\pail\\src\\Guards\\EnsurePcntlIsAvailable.php:15)
[stacktrace]
#0 C:\\Users\\rayan\\Desktop\\Radarleb coding\\vendor\\laravel\\pail\\src\\Console\\Commands\\PailCommand.php(46): Laravel\\Pail\\Guards\\EnsurePcntlIsAvailable::check()
#1 C:\\Users\\rayan\\Desktop\\Radarleb coding\\vendor\\laravel\\framework\\src\\Illuminate\\Container\\BoundMethod.php(36): Laravel\\Pail\\Console\\Commands\\PailCommand->handle()
#2 C:\\Users\\rayan\\Desktop\\Radarleb coding\\vendor\\laravel\\framework\\src\\Illuminate\\Container\\Util.php(43): Illuminate\\Container\\BoundMethod::{closure:Illuminate\\Container\\BoundMethod::call():35}()
#3 C:\\Users\\rayan\\Desktop\\Radarleb coding\\vendor\\laravel\\framework\\src\\Illuminate\\Container\\BoundMethod.php(96): Illuminate\\Container\\Util::unwrapIfClosure()
#4 C:\\Users\\rayan\\Desktop\\Radarleb coding\\vendor\\laravel\\framework\\src\\Illuminate\\Container\\BoundMethod.php(35): Illuminate\\Container\\BoundMethod::callBoundMethod()
#5 C:\\Users\\rayan\\Desktop\\Radarleb coding\\vendor\\laravel\\framework\\src\\Illuminate\\Container\\Container.php(754): Illuminate\\Container\\BoundMethod::call()
#6 C:\\Users\\rayan\\Desktop\\Radarleb coding\\vendor\\laravel\\framework\\src\\Illuminate\\Console\\Command.php(211): Illuminate\\Container\\Container->call()
#7 C:\\Users\\rayan\\Desktop\\Radarleb coding\\vendor\\symfony\\console\\Command\\Command.php(279): Illuminate\\Console\\Command->execute()
#8 C:\\Users\\rayan\\Desktop\\Radarleb coding\\vendor\\laravel\\framework\\src\\Illuminate\\Console\\Command.php(180): Symfony\\Component\\Console\\Command\\Command->run()
#9 C:\\Users\\rayan\\Desktop\\Radarleb coding\\vendor\\symfony\\console\\Application.php(1094): Illuminate\\Console\\Command->run()
#10 C:\\Users\\rayan\\Desktop\\Radarleb coding\\vendor\\symfony\\console\\Application.php(342): Symfony\\Component\\Console\\Application->doRunCommand()
#11 C:\\Users\\rayan\\Desktop\\Radarleb coding\\vendor\\symfony\\console\\Application.php(193): Symfony\\Component\\Console\\Application->doRun()
#12 C:\\Users\\rayan\\Desktop\\Radarleb coding\\vendor\\laravel\\framework\\src\\Illuminate\\Foundation\\Console\\Kernel.php(197): Symfony\\Component\\Console\\Application->run()
#13 C:\\Users\\rayan\\Desktop\\Radarleb coding\\vendor\\laravel\\framework\\src\\Illuminate\\Foundation\\Application.php(1234): Illuminate\\Foundation\\Console\\Kernel->handle()
#14 C:\\Users\\rayan\\Desktop\\Radarleb coding\\artisan(16): Illuminate\\Foundation\\Application->handleCommand()
#15 {main}
"} 
[2025-12-25 18:13:14] local.ERROR: rename(C:\Users\rayan\Desktop\Radarleb coding\bootstrap\cache\pacFB6D.tmp,C:\Users\rayan\Desktop\Radarleb coding\bootstrap\cache/packages.php): Access is denied (code: 5) {"exception":"[object] (ErrorException(code: 0): rename(C:\\Users\\rayan\\Desktop\\Radarleb coding\\bootstrap\\cache\\pacFB6D.tmp,C:\\Users\\rayan\\Desktop\\Radarleb coding\\bootstrap\\cache/packages.php): Access is denied (code: 5) at C:\\Users\\rayan\\Desktop\\Radarleb coding\\vendor\\laravel\\framework\\src\\Illuminate\\Filesystem\\Filesystem.php:233)
[stacktrace]
#0 C:\\Users\\rayan\\Desktop\\Radarleb coding\\vendor\\laravel\\framework\\src\\Illuminate\\Foundation\\Bootstrap\\HandleExceptions.php(256): Illuminate\\Foundation\\Bootstrap\\HandleExceptions->handleError()
#1 [internal function]: Illuminate\\Foundation\\Bootstrap\\HandleExceptions->{closure:Illuminate\\Foundation\\Bootstrap\\HandleExceptions::forwardsTo():255}()
#2 C:\\Users\\rayan\\Desktop\\Radarleb coding\\vendor\\laravel\\framework\\src\\Illuminate\\Filesystem\\Filesystem.php(233): rename()
#3 C:\\Users\\rayan\\Desktop\\Radarleb coding\\vendor\\laravel\\framework\\src\\Illuminate\\Foundation\\PackageManifest.php(182): Illuminate\\Filesystem\\Filesystem->replace()
#4 C:\\Users\\rayan\\Desktop\\Radarleb coding\\vendor\\laravel\\framework\\src\\Illuminate\\Foundation\\PackageManifest.php(132): Illuminate\\Foundation\\PackageManifest->write()
#5 C:\\Users\\rayan\\Desktop\\Radarleb coding\\vendor\\laravel\\framework\\src\\Illuminate\\Foundation\\PackageManifest.php(108): Illuminate\\Foundation\\PackageManifest->build()
#6 C:\\Users\\rayan\\Desktop\\Radarleb coding\\vendor\\laravel\\framework\\src\\Illuminate\\Foundation\\PackageManifest.php(90): Illuminate\\Foundation\\PackageManifest->getManifest()
#7 C:\\Users\\rayan\\Desktop\\Radarleb coding\\vendor\\laravel\\framework\\src\\Illuminate\\Foundation\\PackageManifest.php(79): Illuminate\\Foundation\\PackageManifest->config()
#8 C:\\Users\\rayan\\Desktop\\Radarleb coding\\vendor\\laravel\\framework\\src\\Illuminate\\Foundation\\Bootstrap\\RegisterFacades.php(26): Illuminate\\Foundation\\PackageManifest->aliases()
#9 C:\\Users\\rayan\\Desktop\\Radarleb coding\\vendor\\laravel\\framework\\src\\Illuminate\\Foundation\\Application.php(341): Illuminate\\Foundation\\Bootstrap\\RegisterFacades->bootstrap()
#10 C:\\Users\\rayan\\Desktop\\Radarleb coding\\vendor\\laravel\\framework\\src\\Illuminate\\Foundation\\Console\\Kernel.php(473): Illuminate\\Foundation\\Application->bootstrapWith()
#11 C:\\Users\\rayan\\Desktop\\Radarleb coding\\vendor\\laravel\\framework\\src\\Illuminate\\Foundation\\Console\\Kernel.php(195): Illuminate\\Foundation\\Console\\Kernel->bootstrap()
#12 C:\\Users\\rayan\\Desktop\\Radarleb coding\\vendor\\laravel\\framework\\src\\Illuminate\\Foundation\\Application.php(1234): Illuminate\\Foundation\\Console\\Kernel->handle()
#13 C:\\Users\\rayan\\Desktop\\Radarleb coding\\artisan(16): Illuminate\\Foundation\\Application->handleCommand()
#14 {main}
"} 
[2025-12-25 18:13:14] local.ERROR: The [pcntl] extension is required to run Pail. {"exception":"[object] (RuntimeException(code: 0): The [pcntl] extension is required to run Pail. at C:\\Users\\rayan\\Desktop\\Radarleb coding\\vendor\\laravel\\pail\\src\\Guards\\EnsurePcntlIsAvailable.php:15)
[stacktrace]
#0 C:\\Users\\rayan\\Desktop\\Radarleb coding\\vendor\\laravel\\pail\\src\\Console\\Commands\\PailCommand.php(46): Laravel\\Pail\\Guards\\EnsurePcntlIsAvailable::check()
#1 C:\\Users\\rayan\\Desktop\\Radarleb coding\\vendor\\laravel\\framework\\src\\Illuminate\\Container\\BoundMethod.php(36): Laravel\\Pail\\Console\\Commands\\PailCommand->handle()
#2 C:\\Users\\rayan\\Desktop\\Radarleb coding\\vendor\\laravel\\framework\\src\\Illuminate\\Container\\Util.php(43): Illuminate\\Container\\BoundMethod::{closure:Illuminate\\Container\\BoundMethod::call():35}()
#3 C:\\Users\\rayan\\Desktop\\Radarleb coding\\vendor\\laravel\\framework\\src\\Illuminate\\Container\\BoundMethod.php(96): Illuminate\\Container\\Util::unwrapIfClosure()
#4 C:\\Users\\rayan\\Desktop\\Radarleb coding\\vendor\\laravel\\framework\\src\\Illuminate\\Container\\BoundMethod.php(35): Illuminate\\Container\\BoundMethod::callBoundMethod()
#5 C:\\Users\\rayan\\Desktop\\Radarleb coding\\vendor\\laravel\\framework\\src\\Illuminate\\Container\\Container.php(754): Illuminate\\Container\\BoundMethod::call()
#6 C:\\Users\\rayan\\Desktop\\Radarleb coding\\vendor\\laravel\\framework\\src\\Illuminate\\Console\\Command.php(211): Illuminate\\Container\\Container->call()
#7 C:\\Users\\rayan\\Desktop\\Radarleb coding\\vendor\\symfony\\console\\Command\\Command.php(279): Illuminate\\Console\\Command->execute()
#8 C:\\Users\\rayan\\Desktop\\Radarleb coding\\vendor\\laravel\\framework\\src\\Illuminate\\Console\\Command.php(180): Symfony\\Component\\Console\\Command\\Command->run()
#9 C:\\Users\\rayan\\Desktop\\Radarleb coding\\vendor\\symfony\\console\\Application.php(1094): Illuminate\\Console\\Command->run()
#10 C:\\Users\\rayan\\Desktop\\Radarleb coding\\vendor\\symfony\\console\\Application.php(342): Symfony\\Component\\Console\\Application->doRunCommand()
#11 C:\\Users\\rayan\\Desktop\\Radarleb coding\\vendor\\symfony\\console\\Application.php(193): Symfony\\Component\\Console\\Application->doRun()
#12 C:\\Users\\rayan\\Desktop\\Radarleb coding\\vendor\\laravel\\framework\\src\\Illuminate\\Foundation\\Console\\Kernel.php(197): Symfony\\Component\\Console\\Application->run()
#13 C:\\Users\\rayan\\Desktop\\Radarleb coding\\vendor\\laravel\\framework\\src\\Illuminate\\Foundation\\Application.php(1234): Illuminate\\Foundation\\Console\\Kernel->handle()
#14 C:\\Users\\rayan\\Desktop\\Radarleb coding\\artisan(16): Illuminate\\Foundation\\Application->handleCommand()
#15 {main}
"} 
[2025-12-25 18:15:37] local.ERROR: The [pcntl] extension is required to run Pail. {"exception":"[object] (RuntimeException(code: 0): The [pcntl] extension is required to run Pail. at C:\\Users\\rayan\\Desktop\\Radarleb coding\\vendor\\laravel\\pail\\src\\Guards\\EnsurePcntlIsAvailable.php:15)
[stacktrace]
#0 C:\\Users\\rayan\\Desktop\\Radarleb coding\\vendor\\laravel\\pail\\src\\Console\\Commands\\PailCommand.php(46): Laravel\\Pail\\Guards\\EnsurePcntlIsAvailable::check()
#1 C:\\Users\\rayan\\Desktop\\Radarleb coding\\vendor\\laravel\\framework\\src\\Illuminate\\Container\\BoundMethod.php(36): Laravel\\Pail\\Console\\Commands\\PailCommand->handle()
#2 C:\\Users\\rayan\\Desktop\\Radarleb coding\\vendor\\laravel\\framework\\src\\Illuminate\\Container\\Util.php(43): Illuminate\\Container\\BoundMethod::{closure:Illuminate\\Container\\BoundMethod::call():35}()
#3 C:\\Users\\rayan\\Desktop\\Radarleb coding\\vendor\\laravel\\framework\\src\\Illuminate\\Container\\BoundMethod.php(96): Illuminate\\Container\\Util::unwrapIfClosure()
#4 C:\\Users\\rayan\\Desktop\\Radarleb coding\\vendor\\laravel\\framework\\src\\Illuminate\\Container\\BoundMethod.php(35): Illuminate\\Container\\BoundMethod::callBoundMethod()
#5 C:\\Users\\rayan\\Desktop\\Radarleb coding\\vendor\\laravel\\framework\\src\\Illuminate\\Container\\Container.php(754): Illuminate\\Container\\BoundMethod::call()
#6 C:\\Users\\rayan\\Desktop\\Radarleb coding\\vendor\\laravel\\framework\\src\\Illuminate\\Console\\Command.php(211): Illuminate\\Container\\Container->call()
#7 C:\\Users\\rayan\\Desktop\\Radarleb coding\\vendor\\symfony\\console\\Command\\Command.php(279): Illuminate\\Console\\Command->execute()
#8 C:\\Users\\rayan\\Desktop\\Radarleb coding\\vendor\\laravel\\framework\\src\\Illuminate\\Console\\Command.php(180): Symfony\\Component\\Console\\Command\\Command->run()
#9 C:\\Users\\rayan\\Desktop\\Radarleb coding\\vendor\\symfony\\console\\Application.php(1094): Illuminate\\Console\\Command->run()
#10 C:\\Users\\rayan\\Desktop\\Radarleb coding\\vendor\\symfony\\console\\Application.php(342): Symfony\\Component\\Console\\Application->doRunCommand()
#11 C:\\Users\\rayan\\Desktop\\Radarleb coding\\vendor\\symfony\\console\\Application.php(193): Symfony\\Component\\Console\\Application->doRun()
#12 C:\\Users\\rayan\\Desktop\\Radarleb coding\\vendor\\laravel\\framework\\src\\Illuminate\\Foundation\\Console\\Kernel.php(197): Symfony\\Component\\Console\\Application->run()
#13 C:\\Users\\rayan\\Desktop\\Radarleb coding\\vendor\\laravel\\framework\\src\\Illuminate\\Foundation\\Application.php(1234): Illuminate\\Foundation\\Console\\Kernel->handle()
#14 C:\\Users\\rayan\\Desktop\\Radarleb coding\\artisan(16): Illuminate\\Foundation\\Application->handleCommand()
#15 {main}
"} 
[2025-12-25 18:16:18] local.ERROR: Target class [App\Http\Controllers\Auth\AuthenticatedSessionController] does not exist. {"exception":"[object] (Illuminate\\Contracts\\Container\\BindingResolutionException(code: 0): Target class [App\\Http\\Controllers\\Auth\\AuthenticatedSessionController] does not exist. at C:\\Users\\rayan\\Desktop\\Radarleb coding\\vendor\\laravel\\framework\\src\\Illuminate\\Container\\Container.php:1019)
[stacktrace]
#0 C:\\Users\\rayan\\Desktop\\Radarleb coding\\vendor\\laravel\\framework\\src\\Illuminate\\Container\\Container.php(890): Illuminate\\Container\\Container->build()
#1 C:\\Users\\rayan\\Desktop\\Radarleb coding\\vendor\\laravel\\framework\\src\\Illuminate\\Foundation\\Application.php(1077): Illuminate\\Container\\Container->resolve()
#2 C:\\Users\\rayan\\Desktop\\Radarleb coding\\vendor\\laravel\\framework\\src\\Illuminate\\Container\\Container.php(821): Illuminate\\Foundation\\Application->resolve()
#3 C:\\Users\\rayan\\Desktop\\Radarleb coding\\vendor\\laravel\\framework\\src\\Illuminate\\Foundation\\Application.php(1057): Illuminate\\Container\\Container->make()
#4 C:\\Users\\rayan\\Desktop\\Radarleb coding\\vendor\\laravel\\framework\\src\\Illuminate\\Routing\\Route.php(286): Illuminate\\Foundation\\Application->make()
#5 C:\\Users\\rayan\\Desktop\\Radarleb coding\\vendor\\laravel\\framework\\src\\Illuminate\\Routing\\Route.php(266): Illuminate\\Routing\\Route->getController()
#6 C:\\Users\\rayan\\Desktop\\Radarleb coding\\vendor\\laravel\\framework\\src\\Illuminate\\Routing\\Route.php(211): Illuminate\\Routing\\Route->runController()
#7 C:\\Users\\rayan\\Desktop\\Radarleb coding\\vendor\\laravel\\framework\\src\\Illuminate\\Routing\\Router.php(808): Illuminate\\Routing\\Route->run()
#8 C:\\Users\\rayan\\Desktop\\Radarleb coding\\vendor\\laravel\\framework\\src\\Illuminate\\Pipeline\\Pipeline.php(169): Illuminate\\Routing\\Router->{closure:Illuminate\\Routing\\Router::runRouteWithinStack():807}()
#9 C:\\Users\\rayan\\Desktop\\Radarleb coding\\vendor\\laravel\\framework\\src\\Illuminate\\Auth\\Middleware\\RedirectIfAuthenticated.php(35): Illuminate\\Pipeline\\Pipeline->{closure:Illuminate\\Pipeline\\Pipeline::prepareDestination():167}()
#10 C:\\Users\\rayan\\Desktop\\Radarleb coding\\vendor\\laravel\\framework\\src\\Illuminate\\Pipeline\\Pipeline.php(208): Illuminate\\Auth\\Middleware\\RedirectIfAuthenticated->handle()
#11 C:\\Users\\rayan\\Desktop\\Radarleb coding\\vendor\\inertiajs\\inertia-laravel\\src\\Middleware.php(86): Illuminate\\Pipeline\\Pipeline->{closure:{closure:Illuminate\\Pipeline\\Pipeline::carry():183}:184}()
#12 C:\\Users\\rayan\\Desktop\\Radarleb coding\\vendor\\laravel\\framework\\src\\Illuminate\\Pipeline\\Pipeline.php(208): Inertia\\Middleware->handle()
#13 C:\\Users\\rayan\\Desktop\\Radarleb coding\\vendor\\laravel\\framework\\src\\Illuminate\\Routing\\Middleware\\SubstituteBindings.php(50): Illuminate\\Pipeline\\Pipeline->{closure:{closure:Illuminate\\Pipeline\\Pipeline::carry():183}:184}()
#14 C:\\Users\\rayan\\Desktop\\Radarleb coding\\vendor\\laravel\\framework\\src\\Illuminate\\Pipeline\\Pipeline.php(208): Illuminate\\Routing\\Middleware\\SubstituteBindings->handle()
#15 C:\\Users\\rayan\\Desktop\\Radarleb coding\\vendor\\laravel\\framework\\src\\Illuminate\\Foundation\\Http\\Middleware\\VerifyCsrfToken.php(87): Illuminate\\Pipeline\\Pipeline->{closure:{closure:Illuminate\\Pipeline\\Pipeline::carry():183}:184}()
#16 C:\\Users\\rayan\\Desktop\\Radarleb coding\\vendor\\laravel\\framework\\src\\Illuminate\\Pipeline\\Pipeline.php(208): Illuminate\\Foundation\\Http\\Middleware\\VerifyCsrfToken->handle()
#17 C:\\Users\\rayan\\Desktop\\Radarleb coding\\vendor\\laravel\\framework\\src\\Illuminate\\View\\Middleware\\ShareErrorsFromSession.php(48): Illuminate\\Pipeline\\Pipeline->{closure:{closure:Illuminate\\Pipeline\\Pipeline::carry():183}:184}()
#18 C:\\Users\\rayan\\Desktop\\Radarleb coding\\vendor\\laravel\\framework\\src\\Illuminate\\Pipeline\\Pipeline.php(208): Illuminate\\View\\Middleware\\ShareErrorsFromSession->handle()
#19 C:\\Users\\rayan\\Desktop\\Radarleb coding\\vendor\\laravel\\framework\\src\\Illuminate\\Session\\Middleware\\StartSession.php(120): Illuminate\\Pipeline\\Pipeline->{closure:{closure:Illuminate\\Pipeline\\Pipeline::carry():183}:184}()
#20 C:\\Users\\rayan\\Desktop\\Radarleb coding\\vendor\\laravel\\framework\\src\\Illuminate\\Session\\Middleware\\StartSession.php(63): Illuminate\\Session\\Middleware\\StartSession->handleStatefulRequest()
#21 C:\\Users\\rayan\\Desktop\\Radarleb coding\\vendor\\laravel\\framework\\src\\Illuminate\\Pipeline\\Pipeline.php(208): Illuminate\\Session\\Middleware\\StartSession->handle()
#22 C:\\Users\\rayan\\Desktop\\Radarleb coding\\vendor\\laravel\\framework\\src\\Illuminate\\Cookie\\Middleware\\AddQueuedCookiesToResponse.php(36): Illuminate\\Pipeline\\Pipeline->{closure:{closure:Illuminate\\Pipeline\\Pipeline::carry():183}:184}()
#23 C:\\Users\\rayan\\Desktop\\Radarleb coding\\vendor\\laravel\\framework\\src\\Illuminate\\Pipeline\\Pipeline.php(208): Illuminate\\Cookie\\Middleware\\AddQueuedCookiesToResponse->handle()
#24 C:\\Users\\rayan\\Desktop\\Radarleb coding\\vendor\\laravel\\framework\\src\\Illuminate\\Cookie\\Middleware\\EncryptCookies.php(74): Illuminate\\Pipeline\\Pipeline->{closure:{closure:Illuminate\\Pipeline\\Pipeline::carry():183}:184}()
#25 C:\\Users\\rayan\\Desktop\\Radarleb coding\\vendor\\laravel\\framework\\src\\Illuminate\\Pipeline\\Pipeline.php(208): Illuminate\\Cookie\\Middleware\\EncryptCookies->handle()
#26 C:\\Users\\rayan\\Desktop\\Radarleb coding\\vendor\\laravel\\framework\\src\\Illuminate\\Pipeline\\Pipeline.php(126): Illuminate\\Pipeline\\Pipeline->{closure:{closure:Illuminate\\Pipeline\\Pipeline::carry():183}:184}()
#27 C:\\Users\\rayan\\Desktop\\Radarleb coding\\vendor\\laravel\\framework\\src\\Illuminate\\Routing\\Router.php(807): Illuminate\\Pipeline\\Pipeline->then()
#28 C:\\Users\\rayan\\Desktop\\Radarleb coding\\vendor\\laravel\\framework\\src\\Illuminate\\Routing\\Router.php(786): Illuminate\\Routing\\Router->runRouteWithinStack()
#29 C:\\Users\\rayan\\Desktop\\Radarleb coding\\vendor\\laravel\\framework\\src\\Illuminate\\Routing\\Router.php(750): Illuminate\\Routing\\Router->runRoute()
#30 C:\\Users\\rayan\\Desktop\\Radarleb coding\\vendor\\laravel\\framework\\src\\Illuminate\\Routing\\Router.php(739): Illuminate\\Routing\\Router->dispatchToRoute()
#31 C:\\Users\\rayan\\Desktop\\Radarleb coding\\vendor\\laravel\\framework\\src\\Illuminate\\Foundation\\Http\\Kernel.php(200): Illuminate\\Routing\\Router->dispatch()
#32 C:\\Users\\rayan\\Desktop\\Radarleb coding\\vendor\\laravel\\framework\\src\\Illuminate\\Pipeline\\Pipeline.php(169): Illuminate\\Foundation\\Http\\Kernel->{closure:Illuminate\\Foundation\\Http\\Kernel::dispatchToRouter():197}()
#33 C:\\Users\\rayan\\Desktop\\Radarleb coding\\vendor\\livewire\\livewire\\src\\Features\\SupportDisablingBackButtonCache\\DisableBackButtonCacheMiddleware.php(19): Illuminate\\Pipeline\\Pipeline->{closure:Illuminate\\Pipeline\\Pipeline::prepareDestination():167}()
#34 C:\\Users\\rayan\\Desktop\\Radarleb coding\\vendor\\laravel\\framework\\src\\Illuminate\\Pipeline\\Pipeline.php(208): Livewire\\Features\\SupportDisablingBackButtonCache\\DisableBackButtonCacheMiddleware->handle()
#35 C:\\Users\\rayan\\Desktop\\Radarleb coding\\vendor\\laravel\\framework\\src\\Illuminate\\Foundation\\Http\\Middleware\\TransformsRequest.php(21): Illuminate\\Pipeline\\Pipeline->{closure:{closure:Illuminate\\Pipeline\\Pipeline::carry():183}:184}()
#36 C:\\Users\\rayan\\Desktop\\Radarleb coding\\vendor\\laravel\\framework\\src\\Illuminate\\Foundation\\Http\\Middleware\\ConvertEmptyStringsToNull.php(31): Illuminate\\Foundation\\Http\\Middleware\\TransformsRequest->handle()
#37 C:\\Users\\rayan\\Desktop\\Radarleb coding\\vendor\\laravel\\framework\\src\\Illuminate\\Pipeline\\Pipeline.php(208): Illuminate\\Foundation\\Http\\Middleware\\ConvertEmptyStringsToNull->handle()
#38 C:\\Users\\rayan\\Desktop\\Radarleb coding\\vendor\\laravel\\framework\\src\\Illuminate\\Foundation\\Http\\Middleware\\TransformsRequest.php(21): Illuminate\\Pipeline\\Pipeline->{closure:{closure:Illuminate\\Pipeline\\Pipeline::carry():183}:184}()
#39 C:\\Users\\rayan\\Desktop\\Radarleb coding\\vendor\\laravel\\framework\\src\\Illuminate\\Foundation\\Http\\Middleware\\TrimStrings.php(51): Illuminate\\Foundation\\Http\\Middleware\\TransformsRequest->handle()
#40 C:\\Users\\rayan\\Desktop\\Radarleb coding\\vendor\\laravel\\framework\\src\\Illuminate\\Pipeline\\Pipeline.php(208): Illuminate\\Foundation\\Http\\Middleware\\TrimStrings->handle()
#41 C:\\Users\\rayan\\Desktop\\Radarleb coding\\vendor\\laravel\\framework\\src\\Illuminate\\Http\\Middleware\\ValidatePostSize.php(27): Illuminate\\Pipeline\\Pipeline->{closure:{closure:Illuminate\\Pipeline\\Pipeline::carry():183}:184}()
#42 C:\\Users\\rayan\\Desktop\\Radarleb coding\\vendor\\laravel\\framework\\src\\Illuminate\\Pipeline\\Pipeline.php(208): Illuminate\\Http\\Middleware\\ValidatePostSize->handle()
#43 C:\\Users\\rayan\\Desktop\\Radarleb coding\\vendor\\laravel\\framework\\src\\Illuminate\\Foundation\\Http\\Middleware\\PreventRequestsDuringMaintenance.php(109): Illuminate\\Pipeline\\Pipeline->{closure:{closure:Illuminate\\Pipeline\\Pipeline::carry():183}:184}()
#44 C:\\Users\\rayan\\Desktop\\Radarleb coding\\vendor\\laravel\\framework\\src\\Illuminate\\Pipeline\\Pipeline.php(208): Illuminate\\Foundation\\Http\\Middleware\\PreventRequestsDuringMaintenance->handle()
#45 C:\\Users\\rayan\\Desktop\\Radarleb coding\\vendor\\laravel\\framework\\src\\Illuminate\\Http\\Middleware\\HandleCors.php(48): Illuminate\\Pipeline\\Pipeline->{closure:{closure:Illuminate\\Pipeline\\Pipeline::carry():183}:184}()
#46 C:\\Users\\rayan\\Desktop\\Radarleb coding\\vendor\\laravel\\framework\\src\\Illuminate\\Pipeline\\Pipeline.php(208): Illuminate\\Http\\Middleware\\HandleCors->handle()
#47 C:\\Users\\rayan\\Desktop\\Radarleb coding\\vendor\\laravel\\framework\\src\\Illuminate\\Http\\Middleware\\TrustProxies.php(58): Illuminate\\Pipeline\\Pipeline->{closure:{closure:Illuminate\\Pipeline\\Pipeline::carry():183}:184}()
#48 C:\\Users\\rayan\\Desktop\\Radarleb coding\\vendor\\laravel\\framework\\src\\Illuminate\\Pipeline\\Pipeline.php(208): Illuminate\\Http\\Middleware\\TrustProxies->handle()
#49 C:\\Users\\rayan\\Desktop\\Radarleb coding\\vendor\\laravel\\framework\\src\\Illuminate\\Foundation\\Http\\Middleware\\InvokeDeferredCallbacks.php(22): Illuminate\\Pipeline\\Pipeline->{closure:{closure:Illuminate\\Pipeline\\Pipeline::carry():183}:184}()
#50 C:\\Users\\rayan\\Desktop\\Radarleb coding\\vendor\\laravel\\framework\\src\\Illuminate\\Pipeline\\Pipeline.php(208): Illuminate\\Foundation\\Http\\Middleware\\InvokeDeferredCallbacks->handle()
#51 C:\\Users\\rayan\\Desktop\\Radarleb coding\\vendor\\laravel\\framework\\src\\Illuminate\\Http\\Middleware\\ValidatePathEncoding.php(26): Illuminate\\Pipeline\\Pipeline->{closure:{closure:Illuminate\\Pipeline\\Pipeline::carry():183}:184}()
#52 C:\\Users\\rayan\\Desktop\\Radarleb coding\\vendor\\laravel\\framework\\src\\Illuminate\\Pipeline\\Pipeline.php(208): Illuminate\\Http\\Middleware\\ValidatePathEncoding->handle()
#53 C:\\Users\\rayan\\Desktop\\Radarleb coding\\vendor\\laravel\\framework\\src\\Illuminate\\Pipeline\\Pipeline.php(126): Illuminate\\Pipeline\\Pipeline->{closure:{closure:Illuminate\\Pipeline\\Pipeline::carry():183}:184}()
#54 C:\\Users\\rayan\\Desktop\\Radarleb coding\\vendor\\laravel\\framework\\src\\Illuminate\\Foundation\\Http\\Kernel.php(175): Illuminate\\Pipeline\\Pipeline->then()
#55 C:\\Users\\rayan\\Desktop\\Radarleb coding\\vendor\\laravel\\framework\\src\\Illuminate\\Foundation\\Http\\Kernel.php(144): Illuminate\\Foundation\\Http\\Kernel->sendRequestThroughRouter()
#56 C:\\Users\\rayan\\Desktop\\Radarleb coding\\vendor\\laravel\\framework\\src\\Illuminate\\Foundation\\Application.php(1219): Illuminate\\Foundation\\Http\\Kernel->handle()
#57 C:\\Users\\rayan\\Desktop\\Radarleb coding\\public\\index.php(20): Illuminate\\Foundation\\Application->handleRequest()
#58 C:\\Users\\rayan\\Desktop\\Radarleb coding\\vendor\\laravel\\framework\\src\\Illuminate\\Foundation\\resources\\server.php(23): require_once('...')
#59 {main}

[previous exception] [object] (ReflectionException(code: -1): Class \"App\\Http\\Controllers\\Auth\\AuthenticatedSessionController\" does not exist at C:\\Users\\rayan\\Desktop\\Radarleb coding\\vendor\\laravel\\framework\\src\\Illuminate\\Container\\Container.php:1017)
[stacktrace]
#0 C:\\Users\\rayan\\Desktop\\Radarleb coding\\vendor\\laravel\\framework\\src\\Illuminate\\Container\\Container.php(1017): ReflectionClass->__construct()
#1 C:\\Users\\rayan\\Desktop\\Radarleb coding\\vendor\\laravel\\framework\\src\\Illuminate\\Container\\Container.php(890): Illuminate\\Container\\Container->build()
#2 C:\\Users\\rayan\\Desktop\\Radarleb coding\\vendor\\laravel\\framework\\src\\Illuminate\\Foundation\\Application.php(1077): Illuminate\\Container\\Container->resolve()
#3 C:\\Users\\rayan\\Desktop\\Radarleb coding\\vendor\\laravel\\framework\\src\\Illuminate\\Container\\Container.php(821): Illuminate\\Foundation\\Application->resolve()
#4 C:\\Users\\rayan\\Desktop\\Radarleb coding\\vendor\\laravel\\framework\\src\\Illuminate\\Foundation\\Application.php(1057): Illuminate\\Container\\Container->make()
#5 C:\\Users\\rayan\\Desktop\\Radarleb coding\\vendor\\laravel\\framework\\src\\Illuminate\\Routing\\Route.php(286): Illuminate\\Foundation\\Application->make()
#6 C:\\Users\\rayan\\Desktop\\Radarleb coding\\vendor\\laravel\\framework\\src\\Illuminate\\Routing\\Route.php(266): Illuminate\\Routing\\Route->getController()
#7 C:\\Users\\rayan\\Desktop\\Radarleb coding\\vendor\\laravel\\framework\\src\\Illuminate\\Routing\\Route.php(211): Illuminate\\Routing\\Route->runController()
#8 C:\\Users\\rayan\\Desktop\\Radarleb coding\\vendor\\laravel\\framework\\src\\Illuminate\\Routing\\Router.php(808): Illuminate\\Routing\\Route->run()
#9 C:\\Users\\rayan\\Desktop\\Radarleb coding\\vendor\\laravel\\framework\\src\\Illuminate\\Pipeline\\Pipeline.php(169): Illuminate\\Routing\\Router->{closure:Illuminate\\Routing\\Router::runRouteWithinStack():807}()
#10 C:\\Users\\rayan\\Desktop\\Radarleb coding\\vendor\\laravel\\framework\\src\\Illuminate\\Auth\\Middleware\\RedirectIfAuthenticated.php(35): Illuminate\\Pipeline\\Pipeline->{closure:Illuminate\\Pipeline\\Pipeline::prepareDestination():167}()
#11 C:\\Users\\rayan\\Desktop\\Radarleb coding\\vendor\\laravel\\framework\\src\\Illuminate\\Pipeline\\Pipeline.php(208): Illuminate\\Auth\\Middleware\\RedirectIfAuthenticated->handle()
#12 C:\\Users\\rayan\\Desktop\\Radarleb coding\\vendor\\inertiajs\\inertia-laravel\\src\\Middleware.php(86): Illuminate\\Pipeline\\Pipeline->{closure:{closure:Illuminate\\Pipeline\\Pipeline::carry():183}:184}()
#13 C:\\Users\\rayan\\Desktop\\Radarleb coding\\vendor\\laravel\\framework\\src\\Illuminate\\Pipeline\\Pipeline.php(208): Inertia\\Middleware->handle()
#14 C:\\Users\\rayan\\Desktop\\Radarleb coding\\vendor\\laravel\\framework\\src\\Illuminate\\Routing\\Middleware\\SubstituteBindings.php(50): Illuminate\\Pipeline\\Pipeline->{closure:{closure:Illuminate\\Pipeline\\Pipeline::carry():183}:184}()
#15 C:\\Users\\rayan\\Desktop\\Radarleb coding\\vendor\\laravel\\framework\\src\\Illuminate\\Pipeline\\Pipeline.php(208): Illuminate\\Routing\\Middleware\\SubstituteBindings->handle()
#16 C:\\Users\\rayan\\Desktop\\Radarleb coding\\vendor\\laravel\\framework\\src\\Illuminate\\Foundation\\Http\\Middleware\\VerifyCsrfToken.php(87): Illuminate\\Pipeline\\Pipeline->{closure:{closure:Illuminate\\Pipeline\\Pipeline::carry():183}:184}()
#17 C:\\Users\\rayan\\Desktop\\Radarleb coding\\vendor\\laravel\\framework\\src\\Illuminate\\Pipeline\\Pipeline.php(208): Illuminate\\Foundation\\Http\\Middleware\\VerifyCsrfToken->handle()
#18 C:\\Users\\rayan\\Desktop\\Radarleb coding\\vendor\\laravel\\framework\\src\\Illuminate\\View\\Middleware\\ShareErrorsFromSession.php(48): Illuminate\\Pipeline\\Pipeline->{closure:{closure:Illuminate\\Pipeline\\Pipeline::carry():183}:184}()
#19 C:\\Users\\rayan\\Desktop\\Radarleb coding\\vendor\\laravel\\framework\\src\\Illuminate\\Pipeline\\Pipeline.php(208): Illuminate\\View\\Middleware\\ShareErrorsFromSession->handle()
#20 C:\\Users\\rayan\\Desktop\\Radarleb coding\\vendor\\laravel\\framework\\src\\Illuminate\\Session\\Middleware\\StartSession.php(120): Illuminate\\Pipeline\\Pipeline->{closure:{closure:Illuminate\\Pipeline\\Pipeline::carry():183}:184}()
#21 C:\\Users\\rayan\\Desktop\\Radarleb coding\\vendor\\laravel\\framework\\src\\Illuminate\\Session\\Middleware\\StartSession.php(63): Illuminate\\Session\\Middleware\\StartSession->handleStatefulRequest()
#22 C:\\Users\\rayan\\Desktop\\Radarleb coding\\vendor\\laravel\\framework\\src\\Illuminate\\Pipeline\\Pipeline.php(208): Illuminate\\Session\\Middleware\\StartSession->handle()
#23 C:\\Users\\rayan\\Desktop\\Radarleb coding\\vendor\\laravel\\framework\\src\\Illuminate\\Cookie\\Middleware\\AddQueuedCookiesToResponse.php(36): Illuminate\\Pipeline\\Pipeline->{closure:{closure:Illuminate\\Pipeline\\Pipeline::carry():183}:184}()
#24 C:\\Users\\rayan\\Desktop\\Radarleb coding\\vendor\\laravel\\framework\\src\\Illuminate\\Pipeline\\Pipeline.php(208): Illuminate\\Cookie\\Middleware\\AddQueuedCookiesToResponse->handle()
#25 C:\\Users\\rayan\\Desktop\\Radarleb coding\\vendor\\laravel\\framework\\src\\Illuminate\\Cookie\\Middleware\\EncryptCookies.php(74): Illuminate\\Pipeline\\Pipeline->{closure:{closure:Illuminate\\Pipeline\\Pipeline::carry():183}:184}()
#26 C:\\Users\\rayan\\Desktop\\Radarleb coding\\vendor\\laravel\\framework\\src\\Illuminate\\Pipeline\\Pipeline.php(208): Illuminate\\Cookie\\Middleware\\EncryptCookies->handle()
#27 C:\\Users\\rayan\\Desktop\\Radarleb coding\\vendor\\laravel\\framework\\src\\Illuminate\\Pipeline\\Pipeline.php(126): Illuminate\\Pipeline\\Pipeline->{closure:{closure:Illuminate\\Pipeline\\Pipeline::carry():183}:184}()
#28 C:\\Users\\rayan\\Desktop\\Radarleb coding\\vendor\\laravel\\framework\\src\\Illuminate\\Routing\\Router.php(807): Illuminate\\Pipeline\\Pipeline->then()
#29 C:\\Users\\rayan\\Desktop\\Radarleb coding\\vendor\\laravel\\framework\\src\\Illuminate\\Routing\\Router.php(786): Illuminate\\Routing\\Router->runRouteWithinStack()
#30 C:\\Users\\rayan\\Desktop\\Radarleb coding\\vendor\\laravel\\framework\\src\\Illuminate\\Routing\\Router.php(750): Illuminate\\Routing\\Router->runRoute()
#31 C:\\Users\\rayan\\Desktop\\Radarleb coding\\vendor\\laravel\\framework\\src\\Illuminate\\Routing\\Router.php(739): Illuminate\\Routing\\Router->dispatchToRoute()
#32 C:\\Users\\rayan\\Desktop\\Radarleb coding\\vendor\\laravel\\framework\\src\\Illuminate\\Foundation\\Http\\Kernel.php(200): Illuminate\\Routing\\Router->dispatch()
#33 C:\\Users\\rayan\\Desktop\\Radarleb coding\\vendor\\laravel\\framework\\src\\Illuminate\\Pipeline\\Pipeline.php(169): Illuminate\\Foundation\\Http\\Kernel->{closure:Illuminate\\Foundation\\Http\\Kernel::dispatchToRouter():197}()
#34 C:\\Users\\rayan\\Desktop\\Radarleb coding\\vendor\\livewire\\livewire\\src\\Features\\SupportDisablingBackButtonCache\\DisableBackButtonCacheMiddleware.php(19): Illuminate\\Pipeline\\Pipeline->{closure:Illuminate\\Pipeline\\Pipeline::prepareDestination():167}()
#35 C:\\Users\\rayan\\Desktop\\Radarleb coding\\vendor\\laravel\\framework\\src\\Illuminate\\Pipeline\\Pipeline.php(208): Livewire\\Features\\SupportDisablingBackButtonCache\\DisableBackButtonCacheMiddleware->handle()
#36 C:\\Users\\rayan\\Desktop\\Radarleb coding\\vendor\\laravel\\framework\\src\\Illuminate\\Foundation\\Http\\Middleware\\TransformsRequest.php(21): Illuminate\\Pipeline\\Pipeline->{closure:{closure:Illuminate\\Pipeline\\Pipeline::carry():183}:184}()
#37 C:\\Users\\rayan\\Desktop\\Radarleb coding\\vendor\\laravel\\framework\\src\\Illuminate\\Foundation\\Http\\Middleware\\ConvertEmptyStringsToNull.php(31): Illuminate\\Foundation\\Http\\Middleware\\TransformsRequest->handle()
#38 C:\\Users\\rayan\\Desktop\\Radarleb coding\\vendor\\laravel\\framework\\src\\Illuminate\\Pipeline\\Pipeline.php(208): Illuminate\\Foundation\\Http\\Middleware\\ConvertEmptyStringsToNull->handle()
#39 C:\\Users\\rayan\\Desktop\\Radarleb coding\\vendor\\laravel\\framework\\src\\Illuminate\\Foundation\\Http\\Middleware\\TransformsRequest.php(21): Illuminate\\Pipeline\\Pipeline->{closure:{closure:Illuminate\\Pipeline\\Pipeline::carry():183}:184}()
#40 C:\\Users\\rayan\\Desktop\\Radarleb coding\\vendor\\laravel\\framework\\src\\Illuminate\\Foundation\\Http\\Middleware\\TrimStrings.php(51): Illuminate\\Foundation\\Http\\Middleware\\TransformsRequest->handle()
#41 C:\\Users\\rayan\\Desktop\\Radarleb coding\\vendor\\laravel\\framework\\src\\Illuminate\\Pipeline\\Pipeline.php(208): Illuminate\\Foundation\\Http\\Middleware\\TrimStrings->handle()
#42 C:\\Users\\rayan\\Desktop\\Radarleb coding\\vendor\\laravel\\framework\\src\\Illuminate\\Http\\Middleware\\ValidatePostSize.php(27): Illuminate\\Pipeline\\Pipeline->{closure:{closure:Illuminate\\Pipeline\\Pipeline::carry():183}:184}()
#43 C:\\Users\\rayan\\Desktop\\Radarleb coding\\vendor\\laravel\\framework\\src\\Illuminate\\Pipeline\\Pipeline.php(208): Illuminate\\Http\\Middleware\\ValidatePostSize->handle()
#44 C:\\Users\\rayan\\Desktop\\Radarleb coding\\vendor\\laravel\\framework\\src\\Illuminate\\Foundation\\Http\\Middleware\\PreventRequestsDuringMaintenance.php(109): Illuminate\\Pipeline\\Pipeline->{closure:{closure:Illuminate\\Pipeline\\Pipeline::carry():183}:184}()
#45 C:\\Users\\rayan\\Desktop\\Radarleb coding\\vendor\\laravel\\framework\\src\\Illuminate\\Pipeline\\Pipeline.php(208): Illuminate\\Foundation\\Http\\Middleware\\PreventRequestsDuringMaintenance->handle()
#46 C:\\Users\\rayan\\Desktop\\Radarleb coding\\vendor\\laravel\\framework\\src\\Illuminate\\Http\\Middleware\\HandleCors.php(48): Illuminate\\Pipeline\\Pipeline->{closure:{closure:Illuminate\\Pipeline\\Pipeline::carry():183}:184}()
#47 C:\\Users\\rayan\\Desktop\\Radarleb coding\\vendor\\laravel\\framework\\src\\Illuminate\\Pipeline\\Pipeline.php(208): Illuminate\\Http\\Middleware\\HandleCors->handle()
#48 C:\\Users\\rayan\\Desktop\\Radarleb coding\\vendor\\laravel\\framework\\src\\Illuminate\\Http\\Middleware\\TrustProxies.php(58): Illuminate\\Pipeline\\Pipeline->{closure:{closure:Illuminate\\Pipeline\\Pipeline::carry():183}:184}()
#49 C:\\Users\\rayan\\Desktop\\Radarleb coding\\vendor\\laravel\\framework\\src\\Illuminate\\Pipeline\\Pipeline.php(208): Illuminate\\Http\\Middleware\\TrustProxies->handle()
#50 C:\\Users\\rayan\\Desktop\\Radarleb coding\\vendor\\laravel\\framework\\src\\Illuminate\\Foundation\\Http\\Middleware\\InvokeDeferredCallbacks.php(22): Illuminate\\Pipeline\\Pipeline->{closure:{closure:Illuminate\\Pipeline\\Pipeline::carry():183}:184}()
#51 C:\\Users\\rayan\\Desktop\\Radarleb coding\\vendor\\laravel\\framework\\src\\Illuminate\\Pipeline\\Pipeline.php(208): Illuminate\\Foundation\\Http\\Middleware\\InvokeDeferredCallbacks->handle()
#52 C:\\Users\\rayan\\Desktop\\Radarleb coding\\vendor\\laravel\\framework\\src\\Illuminate\\Http\\Middleware\\ValidatePathEncoding.php(26): Illuminate\\Pipeline\\Pipeline->{closure:{closure:Illuminate\\Pipeline\\Pipeline::carry():183}:184}()
#53 C:\\Users\\rayan\\Desktop\\Radarleb coding\\vendor\\laravel\\framework\\src\\Illuminate\\Pipeline\\Pipeline.php(208): Illuminate\\Http\\Middleware\\ValidatePathEncoding->handle()
#54 C:\\Users\\rayan\\Desktop\\Radarleb coding\\vendor\\laravel\\framework\\src\\Illuminate\\Pipeline\\Pipeline.php(126): Illuminate\\Pipeline\\Pipeline->{closure:{closure:Illuminate\\Pipeline\\Pipeline::carry():183}:184}()
#55 C:\\Users\\rayan\\Desktop\\Radarleb coding\\vendor\\laravel\\framework\\src\\Illuminate\\Foundation\\Http\\Kernel.php(175): Illuminate\\Pipeline\\Pipeline->then()
#56 C:\\Users\\rayan\\Desktop\\Radarleb coding\\vendor\\laravel\\framework\\src\\Illuminate\\Foundation\\Http\\Kernel.php(144): Illuminate\\Foundation\\Http\\Kernel->sendRequestThroughRouter()
#57 C:\\Users\\rayan\\Desktop\\Radarleb coding\\vendor\\laravel\\framework\\src\\Illuminate\\Foundation\\Application.php(1219): Illuminate\\Foundation\\Http\\Kernel->handle()
#58 C:\\Users\\rayan\\Desktop\\Radarleb coding\\public\\index.php(20): Illuminate\\Foundation\\Application->handleRequest()
#59 C:\\Users\\rayan\\Desktop\\Radarleb coding\\vendor\\laravel\\framework\\src\\Illuminate\\Foundation\\resources\\server.php(23): require_once('...')
#60 {main}
"} 
[2025-12-25 18:16:34] local.ERROR: Target class [App\Http\Controllers\Auth\AuthenticatedSessionController] does not exist. {"exception":"[object] (Illuminate\\Contracts\\Container\\BindingResolutionException(code: 0): Target class [App\\Http\\Controllers\\Auth\\AuthenticatedSessionController] does not exist. at C:\\Users\\rayan\\Desktop\\Radarleb coding\\vendor\\laravel\\framework\\src\\Illuminate\\Container\\Container.php:1019)
[stacktrace]
#0 C:\\Users\\rayan\\Desktop\\Radarleb coding\\vendor\\laravel\\framework\\src\\Illuminate\\Container\\Container.php(890): Illuminate\\Container\\Container->build()
#1 C:\\Users\\rayan\\Desktop\\Radarleb coding\\vendor\\laravel\\framework\\src\\Illuminate\\Foundation\\Application.php(1077): Illuminate\\Container\\Container->resolve()
#2 C:\\Users\\rayan\\Desktop\\Radarleb coding\\vendor\\laravel\\framework\\src\\Illuminate\\Container\\Container.php(821): Illuminate\\Foundation\\Application->resolve()
#3 C:\\Users\\rayan\\Desktop\\Radarleb coding\\vendor\\laravel\\framework\\src\\Illuminate\\Foundation\\Application.php(1057): Illuminate\\Container\\Container->make()
#4 C:\\Users\\rayan\\Desktop\\Radarleb coding\\vendor\\laravel\\framework\\src\\Illuminate\\Routing\\Route.php(286): Illuminate\\Foundation\\Application->make()
#5 C:\\Users\\rayan\\Desktop\\Radarleb coding\\vendor\\laravel\\framework\\src\\Illuminate\\Routing\\Route.php(266): Illuminate\\Routing\\Route->getController()
#6 C:\\Users\\rayan\\Desktop\\Radarleb coding\\vendor\\laravel\\framework\\src\\Illuminate\\Routing\\Route.php(211): Illuminate\\Routing\\Route->runController()
#7 C:\\Users\\rayan\\Desktop\\Radarleb coding\\vendor\\laravel\\framework\\src\\Illuminate\\Routing\\Router.php(808): Illuminate\\Routing\\Route->run()
#8 C:\\Users\\rayan\\Desktop\\Radarleb coding\\vendor\\laravel\\framework\\src\\Illuminate\\Pipeline\\Pipeline.php(169): Illuminate\\Routing\\Router->{closure:Illuminate\\Routing\\Router::runRouteWithinStack():807}()
#9 C:\\Users\\rayan\\Desktop\\Radarleb coding\\vendor\\laravel\\framework\\src\\Illuminate\\Auth\\Middleware\\RedirectIfAuthenticated.php(35): Illuminate\\Pipeline\\Pipeline->{closure:Illuminate\\Pipeline\\Pipeline::prepareDestination():167}()
#10 C:\\Users\\rayan\\Desktop\\Radarleb coding\\vendor\\laravel\\framework\\src\\Illuminate\\Pipeline\\Pipeline.php(208): Illuminate\\Auth\\Middleware\\RedirectIfAuthenticated->handle()
#11 C:\\Users\\rayan\\Desktop\\Radarleb coding\\vendor\\inertiajs\\inertia-laravel\\src\\Middleware.php(86): Illuminate\\Pipeline\\Pipeline->{closure:{closure:Illuminate\\Pipeline\\Pipeline::carry():183}:184}()
#12 C:\\Users\\rayan\\Desktop\\Radarleb coding\\vendor\\laravel\\framework\\src\\Illuminate\\Pipeline\\Pipeline.php(208): Inertia\\Middleware->handle()
#13 C:\\Users\\rayan\\Desktop\\Radarleb coding\\vendor\\laravel\\framework\\src\\Illuminate\\Routing\\Middleware\\SubstituteBindings.php(50): Illuminate\\Pipeline\\Pipeline->{closure:{closure:Illuminate\\Pipeline\\Pipeline::carry():183}:184}()
#14 C:\\Users\\rayan\\Desktop\\Radarleb coding\\vendor\\laravel\\framework\\src\\Illuminate\\Pipeline\\Pipeline.php(208): Illuminate\\Routing\\Middleware\\SubstituteBindings->handle()
#15 C:\\Users\\rayan\\Desktop\\Radarleb coding\\vendor\\laravel\\framework\\src\\Illuminate\\Foundation\\Http\\Middleware\\VerifyCsrfToken.php(87): Illuminate\\Pipeline\\Pipeline->{closure:{closure:Illuminate\\Pipeline\\Pipeline::carry():183}:184}()
#16 C:\\Users\\rayan\\Desktop\\Radarleb coding\\vendor\\laravel\\framework\\src\\Illuminate\\Pipeline\\Pipeline.php(208): Illuminate\\Foundation\\Http\\Middleware\\VerifyCsrfToken->handle()
#17 C:\\Users\\rayan\\Desktop\\Radarleb coding\\vendor\\laravel\\framework\\src\\Illuminate\\View\\Middleware\\ShareErrorsFromSession.php(48): Illuminate\\Pipeline\\Pipeline->{closure:{closure:Illuminate\\Pipeline\\Pipeline::carry():183}:184}()
#18 C:\\Users\\rayan\\Desktop\\Radarleb coding\\vendor\\laravel\\framework\\src\\Illuminate\\Pipeline\\Pipeline.php(208): Illuminate\\View\\Middleware\\ShareErrorsFromSession->handle()
#19 C:\\Users\\rayan\\Desktop\\Radarleb coding\\vendor\\laravel\\framework\\src\\Illuminate\\Session\\Middleware\\StartSession.php(120): Illuminate\\Pipeline\\Pipeline->{closure:{closure:Illuminate\\Pipeline\\Pipeline::carry():183}:184}()
#20 C:\\Users\\rayan\\Desktop\\Radarleb coding\\vendor\\laravel\\framework\\src\\Illuminate\\Session\\Middleware\\StartSession.php(63): Illuminate\\Session\\Middleware\\StartSession->handleStatefulRequest()
#21 C:\\Users\\rayan\\Desktop\\Radarleb coding\\vendor\\laravel\\framework\\src\\Illuminate\\Pipeline\\Pipeline.php(208): Illuminate\\Session\\Middleware\\StartSession->handle()
#22 C:\\Users\\rayan\\Desktop\\Radarleb coding\\vendor\\laravel\\framework\\src\\Illuminate\\Cookie\\Middleware\\AddQueuedCookiesToResponse.php(36): Illuminate\\Pipeline\\Pipeline->{closure:{closure:Illuminate\\Pipeline\\Pipeline::carry():183}:184}()
#23 C:\\Users\\rayan\\Desktop\\Radarleb coding\\vendor\\laravel\\framework\\src\\Illuminate\\Pipeline\\Pipeline.php(208): Illuminate\\Cookie\\Middleware\\AddQueuedCookiesToResponse->handle()
#24 C:\\Users\\rayan\\Desktop\\Radarleb coding\\vendor\\laravel\\framework\\src\\Illuminate\\Cookie\\Middleware\\EncryptCookies.php(74): Illuminate\\Pipeline\\Pipeline->{closure:{closure:Illuminate\\Pipeline\\Pipeline::carry():183}:184}()
#25 C:\\Users\\rayan\\Desktop\\Radarleb coding\\vendor\\laravel\\framework\\src\\Illuminate\\Pipeline\\Pipeline.php(208): Illuminate\\Cookie\\Middleware\\EncryptCookies->handle()
#26 C:\\Users\\rayan\\Desktop\\Radarleb coding\\vendor\\laravel\\framework\\src\\Illuminate\\Pipeline\\Pipeline.php(126): Illuminate\\Pipeline\\Pipeline->{closure:{closure:Illuminate\\Pipeline\\Pipeline::carry():183}:184}()
#27 C:\\Users\\rayan\\Desktop\\Radarleb coding\\vendor\\laravel\\framework\\src\\Illuminate\\Routing\\Router.php(807): Illuminate\\Pipeline\\Pipeline->then()
#28 C:\\Users\\rayan\\Desktop\\Radarleb coding\\vendor\\laravel\\framework\\src\\Illuminate\\Routing\\Router.php(786): Illuminate\\Routing\\Router->runRouteWithinStack()
#29 C:\\Users\\rayan\\Desktop\\Radarleb coding\\vendor\\laravel\\framework\\src\\Illuminate\\Routing\\Router.php(750): Illuminate\\Routing\\Router->runRoute()
#30 C:\\Users\\rayan\\Desktop\\Radarleb coding\\vendor\\laravel\\framework\\src\\Illuminate\\Routing\\Router.php(739): Illuminate\\Routing\\Router->dispatchToRoute()
#31 C:\\Users\\rayan\\Desktop\\Radarleb coding\\vendor\\laravel\\framework\\src\\Illuminate\\Foundation\\Http\\Kernel.php(200): Illuminate\\Routing\\Router->dispatch()
#32 C:\\Users\\rayan\\Desktop\\Radarleb coding\\vendor\\laravel\\framework\\src\\Illuminate\\Pipeline\\Pipeline.php(169): Illuminate\\Foundation\\Http\\Kernel->{closure:Illuminate\\Foundation\\Http\\Kernel::dispatchToRouter():197}()
#33 C:\\Users\\rayan\\Desktop\\Radarleb coding\\vendor\\livewire\\livewire\\src\\Features\\SupportDisablingBackButtonCache\\DisableBackButtonCacheMiddleware.php(19): Illuminate\\Pipeline\\Pipeline->{closure:Illuminate\\Pipeline\\Pipeline::prepareDestination():167}()
#34 C:\\Users\\rayan\\Desktop\\Radarleb coding\\vendor\\laravel\\framework\\src\\Illuminate\\Pipeline\\Pipeline.php(208): Livewire\\Features\\SupportDisablingBackButtonCache\\DisableBackButtonCacheMiddleware->handle()
#35 C:\\Users\\rayan\\Desktop\\Radarleb coding\\vendor\\laravel\\framework\\src\\Illuminate\\Foundation\\Http\\Middleware\\TransformsRequest.php(21): Illuminate\\Pipeline\\Pipeline->{closure:{closure:Illuminate\\Pipeline\\Pipeline::carry():183}:184}()
#36 C:\\Users\\rayan\\Desktop\\Radarleb coding\\vendor\\laravel\\framework\\src\\Illuminate\\Foundation\\Http\\Middleware\\ConvertEmptyStringsToNull.php(31): Illuminate\\Foundation\\Http\\Middleware\\TransformsRequest->handle()
#37 C:\\Users\\rayan\\Desktop\\Radarleb coding\\vendor\\laravel\\framework\\src\\Illuminate\\Pipeline\\Pipeline.php(208): Illuminate\\Foundation\\Http\\Middleware\\ConvertEmptyStringsToNull->handle()
#38 C:\\Users\\rayan\\Desktop\\Radarleb coding\\vendor\\laravel\\framework\\src\\Illuminate\\Foundation\\Http\\Middleware\\TransformsRequest.php(21): Illuminate\\Pipeline\\Pipeline->{closure:{closure:Illuminate\\Pipeline\\Pipeline::carry():183}:184}()
#39 C:\\Users\\rayan\\Desktop\\Radarleb coding\\vendor\\laravel\\framework\\src\\Illuminate\\Foundation\\Http\\Middleware\\TrimStrings.php(51): Illuminate\\Foundation\\Http\\Middleware\\TransformsRequest->handle()
#40 C:\\Users\\rayan\\Desktop\\Radarleb coding\\vendor\\laravel\\framework\\src\\Illuminate\\Pipeline\\Pipeline.php(208): Illuminate\\Foundation\\Http\\Middleware\\TrimStrings->handle()
#41 C:\\Users\\rayan\\Desktop\\Radarleb coding\\vendor\\laravel\\framework\\src\\Illuminate\\Http\\Middleware\\ValidatePostSize.php(27): Illuminate\\Pipeline\\Pipeline->{closure:{closure:Illuminate\\Pipeline\\Pipeline::carry():183}:184}()
#42 C:\\Users\\rayan\\Desktop\\Radarleb coding\\vendor\\laravel\\framework\\src\\Illuminate\\Pipeline\\Pipeline.php(208): Illuminate\\Http\\Middleware\\ValidatePostSize->handle()
#43 C:\\Users\\rayan\\Desktop\\Radarleb coding\\vendor\\laravel\\framework\\src\\Illuminate\\Foundation\\Http\\Middleware\\PreventRequestsDuringMaintenance.php(109): Illuminate\\Pipeline\\Pipeline->{closure:{closure:Illuminate\\Pipeline\\Pipeline::carry():183}:184}()
#44 C:\\Users\\rayan\\Desktop\\Radarleb coding\\vendor\\laravel\\framework\\src\\Illuminate\\Pipeline\\Pipeline.php(208): Illuminate\\Foundation\\Http\\Middleware\\PreventRequestsDuringMaintenance->handle()
#45 C:\\Users\\rayan\\Desktop\\Radarleb coding\\vendor\\laravel\\framework\\src\\Illuminate\\Http\\Middleware\\HandleCors.php(48): Illuminate\\Pipeline\\Pipeline->{closure:{closure:Illuminate\\Pipeline\\Pipeline::carry():183}:184}()
#46 C:\\Users\\rayan\\Desktop\\Radarleb coding\\vendor\\laravel\\framework\\src\\Illuminate\\Pipeline\\Pipeline.php(208): Illuminate\\Http\\Middleware\\HandleCors->handle()
#47 C:\\Users\\rayan\\Desktop\\Radarleb coding\\vendor\\laravel\\framework\\src\\Illuminate\\Http\\Middleware\\TrustProxies.php(58): Illuminate\\Pipeline\\Pipeline->{closure:{closure:Illuminate\\Pipeline\\Pipeline::carry():183}:184}()
#48 C:\\Users\\rayan\\Desktop\\Radarleb coding\\vendor\\laravel\\framework\\src\\Illuminate\\Pipeline\\Pipeline.php(208): Illuminate\\Http\\Middleware\\TrustProxies->handle()
#49 C:\\Users\\rayan\\Desktop\\Radarleb coding\\vendor\\laravel\\framework\\src\\Illuminate\\Foundation\\Http\\Middleware\\InvokeDeferredCallbacks.php(22): Illuminate\\Pipeline\\Pipeline->{closure:{closure:Illuminate\\Pipeline\\Pipeline::carry():183}:184}()
#50 C:\\Users\\rayan\\Desktop\\Radarleb coding\\vendor\\laravel\\framework\\src\\Illuminate\\Pipeline\\Pipeline.php(208): Illuminate\\Foundation\\Http\\Middleware\\InvokeDeferredCallbacks->handle()
#51 C:\\Users\\rayan\\Desktop\\Radarleb coding\\vendor\\laravel\\framework\\src\\Illuminate\\Http\\Middleware\\ValidatePathEncoding.php(26): Illuminate\\Pipeline\\Pipeline->{closure:{closure:Illuminate\\Pipeline\\Pipeline::carry():183}:184}()
#52 C:\\Users\\rayan\\Desktop\\Radarleb coding\\vendor\\laravel\\framework\\src\\Illuminate\\Pipeline\\Pipeline.php(208): Illuminate\\Http\\Middleware\\ValidatePathEncoding->handle()
#53 C:\\Users\\rayan\\Desktop\\Radarleb coding\\vendor\\laravel\\framework\\src\\Illuminate\\Pipeline\\Pipeline.php(126): Illuminate\\Pipeline\\Pipeline->{closure:{closure:Illuminate\\Pipeline\\Pipeline::carry():183}:184}()
#54 C:\\Users\\rayan\\Desktop\\Radarleb coding\\vendor\\laravel\\framework\\src\\Illuminate\\Foundation\\Http\\Kernel.php(175): Illuminate\\Pipeline\\Pipeline->then()
#55 C:\\Users\\rayan\\Desktop\\Radarleb coding\\vendor\\laravel\\framework\\src\\Illuminate\\Foundation\\Http\\Kernel.php(144): Illuminate\\Foundation\\Http\\Kernel->sendRequestThroughRouter()
#56 C:\\Users\\rayan\\Desktop\\Radarleb coding\\vendor\\laravel\\framework\\src\\Illuminate\\Foundation\\Application.php(1219): Illuminate\\Foundation\\Http\\Kernel->handle()
#57 C:\\Users\\rayan\\Desktop\\Radarleb coding\\public\\index.php(20): Illuminate\\Foundation\\Application->handleRequest()
#58 C:\\Users\\rayan\\Desktop\\Radarleb coding\\vendor\\laravel\\framework\\src\\Illuminate\\Foundation\\resources\\server.php(23): require_once('...')
#59 {main}

[previous exception] [object] (ReflectionException(code: -1): Class \"App\\Http\\Controllers\\Auth\\AuthenticatedSessionController\" does not exist at C:\\Users\\rayan\\Desktop\\Radarleb coding\\vendor\\laravel\\framework\\src\\Illuminate\\Container\\Container.php:1017)
[stacktrace]
#0 C:\\Users\\rayan\\Desktop\\Radarleb coding\\vendor\\laravel\\framework\\src\\Illuminate\\Container\\Container.php(1017): ReflectionClass->__construct()
#1 C:\\Users\\rayan\\Desktop\\Radarleb coding\\vendor\\laravel\\framework\\src\\Illuminate\\Container\\Container.php(890): Illuminate\\Container\\Container->build()
#2 C:\\Users\\rayan\\Desktop\\Radarleb coding\\vendor\\laravel\\framework\\src\\Illuminate\\Foundation\\Application.php(1077): Illuminate\\Container\\Container->resolve()
#3 C:\\Users\\rayan\\Desktop\\Radarleb coding\\vendor\\laravel\\framework\\src\\Illuminate\\Container\\Container.php(821): Illuminate\\Foundation\\Application->resolve()
#4 C:\\Users\\rayan\\Desktop\\Radarleb coding\\vendor\\laravel\\framework\\src\\Illuminate\\Foundation\\Application.php(1057): Illuminate\\Container\\Container->make()
#5 C:\\Users\\rayan\\Desktop\\Radarleb coding\\vendor\\laravel\\framework\\src\\Illuminate\\Routing\\Route.php(286): Illuminate\\Foundation\\Application->make()
#6 C:\\Users\\rayan\\Desktop\\Radarleb coding\\vendor\\laravel\\framework\\src\\Illuminate\\Routing\\Route.php(266): Illuminate\\Routing\\Route->getController()
#7 C:\\Users\\rayan\\Desktop\\Radarleb coding\\vendor\\laravel\\framework\\src\\Illuminate\\Routing\\Route.php(211): Illuminate\\Routing\\Route->runController()
#8 C:\\Users\\rayan\\Desktop\\Radarleb coding\\vendor\\laravel\\framework\\src\\Illuminate\\Routing\\Router.php(808): Illuminate\\Routing\\Route->run()
#9 C:\\Users\\rayan\\Desktop\\Radarleb coding\\vendor\\laravel\\framework\\src\\Illuminate\\Pipeline\\Pipeline.php(169): Illuminate\\Routing\\Router->{closure:Illuminate\\Routing\\Router::runRouteWithinStack():807}()
#10 C:\\Users\\rayan\\Desktop\\Radarleb coding\\vendor\\laravel\\framework\\src\\Illuminate\\Auth\\Middleware\\RedirectIfAuthenticated.php(35): Illuminate\\Pipeline\\Pipeline->{closure:Illuminate\\Pipeline\\Pipeline::prepareDestination():167}()
#11 C:\\Users\\rayan\\Desktop\\Radarleb coding\\vendor\\laravel\\framework\\src\\Illuminate\\Pipeline\\Pipeline.php(208): Illuminate\\Auth\\Middleware\\RedirectIfAuthenticated->handle()
#12 C:\\Users\\rayan\\Desktop\\Radarleb coding\\vendor\\inertiajs\\inertia-laravel\\src\\Middleware.php(86): Illuminate\\Pipeline\\Pipeline->{closure:{closure:Illuminate\\Pipeline\\Pipeline::carry():183}:184}()
#13 C:\\Users\\rayan\\Desktop\\Radarleb coding\\vendor\\laravel\\framework\\src\\Illuminate\\Pipeline\\Pipeline.php(208): Inertia\\Middleware->handle()
#14 C:\\Users\\rayan\\Desktop\\Radarleb coding\\vendor\\laravel\\framework\\src\\Illuminate\\Routing\\Middleware\\SubstituteBindings.php(50): Illuminate\\Pipeline\\Pipeline->{closure:{closure:Illuminate\\Pipeline\\Pipeline::carry():183}:184}()
#15 C:\\Users\\rayan\\Desktop\\Radarleb coding\\vendor\\laravel\\framework\\src\\Illuminate\\Pipeline\\Pipeline.php(208): Illuminate\\Routing\\Middleware\\SubstituteBindings->handle()
#16 C:\\Users\\rayan\\Desktop\\Radarleb coding\\vendor\\laravel\\framework\\src\\Illuminate\\Foundation\\Http\\Middleware\\VerifyCsrfToken.php(87): Illuminate\\Pipeline\\Pipeline->{closure:{closure:Illuminate\\Pipeline\\Pipeline::carry():183}:184}()
#17 C:\\Users\\rayan\\Desktop\\Radarleb coding\\vendor\\laravel\\framework\\src\\Illuminate\\Pipeline\\Pipeline.php(208): Illuminate\\Foundation\\Http\\Middleware\\VerifyCsrfToken->handle()
#18 C:\\Users\\rayan\\Desktop\\Radarleb coding\\vendor\\laravel\\framework\\src\\Illuminate\\View\\Middleware\\ShareErrorsFromSession.php(48): Illuminate\\Pipeline\\Pipeline->{closure:{closure:Illuminate\\Pipeline\\Pipeline::carry():183}:184}()
#19 C:\\Users\\rayan\\Desktop\\Radarleb coding\\vendor\\laravel\\framework\\src\\Illuminate\\Pipeline\\Pipeline.php(208): Illuminate\\View\\Middleware\\ShareErrorsFromSession->handle()
#20 C:\\Users\\rayan\\Desktop\\Radarleb coding\\vendor\\laravel\\framework\\src\\Illuminate\\Session\\Middleware\\StartSession.php(120): Illuminate\\Pipeline\\Pipeline->{closure:{closure:Illuminate\\Pipeline\\Pipeline::carry():183}:184}()
#21 C:\\Users\\rayan\\Desktop\\Radarleb coding\\vendor\\laravel\\framework\\src\\Illuminate\\Session\\Middleware\\StartSession.php(63): Illuminate\\Session\\Middleware\\StartSession->handleStatefulRequest()
#22 C:\\Users\\rayan\\Desktop\\Radarleb coding\\vendor\\laravel\\framework\\src\\Illuminate\\Pipeline\\Pipeline.php(208): Illuminate\\Session\\Middleware\\StartSession->handle()
#23 C:\\Users\\rayan\\Desktop\\Radarleb coding\\vendor\\laravel\\framework\\src\\Illuminate\\Cookie\\Middleware\\AddQueuedCookiesToResponse.php(36): Illuminate\\Pipeline\\Pipeline->{closure:{closure:Illuminate\\Pipeline\\Pipeline::carry():183}:184}()
#24 C:\\Users\\rayan\\Desktop\\Radarleb coding\\vendor\\laravel\\framework\\src\\Illuminate\\Pipeline\\Pipeline.php(208): Illuminate\\Cookie\\Middleware\\AddQueuedCookiesToResponse->handle()
#25 C:\\Users\\rayan\\Desktop\\Radarleb coding\\vendor\\laravel\\framework\\src\\Illuminate\\Cookie\\Middleware\\EncryptCookies.php(74): Illuminate\\Pipeline\\Pipeline->{closure:{closure:Illuminate\\Pipeline\\Pipeline::carry():183}:184}()
#26 C:\\Users\\rayan\\Desktop\\Radarleb coding\\vendor\\laravel\\framework\\src\\Illuminate\\Pipeline\\Pipeline.php(208): Illuminate\\Cookie\\Middleware\\EncryptCookies->handle()
#27 C:\\Users\\rayan\\Desktop\\Radarleb coding\\vendor\\laravel\\framework\\src\\Illuminate\\Pipeline\\Pipeline.php(126): Illuminate\\Pipeline\\Pipeline->{closure:{closure:Illuminate\\Pipeline\\Pipeline::carry():183}:184}()
#28 C:\\Users\\rayan\\Desktop\\Radarleb coding\\vendor\\laravel\\framework\\src\\Illuminate\\Routing\\Router.php(807): Illuminate\\Pipeline\\Pipeline->then()
#29 C:\\Users\\rayan\\Desktop\\Radarleb coding\\vendor\\laravel\\framework\\src\\Illuminate\\Routing\\Router.php(786): Illuminate\\Routing\\Router->runRouteWithinStack()
#30 C:\\Users\\rayan\\Desktop\\Radarleb coding\\vendor\\laravel\\framework\\src\\Illuminate\\Routing\\Router.php(750): Illuminate\\Routing\\Router->runRoute()
#31 C:\\Users\\rayan\\Desktop\\Radarleb coding\\vendor\\laravel\\framework\\src\\Illuminate\\Routing\\Router.php(739): Illuminate\\Routing\\Router->dispatchToRoute()
#32 C:\\Users\\rayan\\Desktop\\Radarleb coding\\vendor\\laravel\\framework\\src\\Illuminate\\Foundation\\Http\\Kernel.php(200): Illuminate\\Routing\\Router->dispatch()
#33 C:\\Users\\rayan\\Desktop\\Radarleb coding\\vendor\\laravel\\framework\\src\\Illuminate\\Pipeline\\Pipeline.php(169): Illuminate\\Foundation\\Http\\Kernel->{closure:Illuminate\\Foundation\\Http\\Kernel::dispatchToRouter():197}()
#34 C:\\Users\\rayan\\Desktop\\Radarleb coding\\vendor\\livewire\\livewire\\src\\Features\\SupportDisablingBackButtonCache\\DisableBackButtonCacheMiddleware.php(19): Illuminate\\Pipeline\\Pipeline->{closure:Illuminate\\Pipeline\\Pipeline::prepareDestination():167}()
#35 C:\\Users\\rayan\\Desktop\\Radarleb coding\\vendor\\laravel\\framework\\src\\Illuminate\\Pipeline\\Pipeline.php(208): Livewire\\Features\\SupportDisablingBackButtonCache\\DisableBackButtonCacheMiddleware->handle()
#36 C:\\Users\\rayan\\Desktop\\Radarleb coding\\vendor\\laravel\\framework\\src\\Illuminate\\Foundation\\Http\\Middleware\\TransformsRequest.php(21): Illuminate\\Pipeline\\Pipeline->{closure:{closure:Illuminate\\Pipeline\\Pipeline::carry():183}:184}()
#37 C:\\Users\\rayan\\Desktop\\Radarleb coding\\vendor\\laravel\\framework\\src\\Illuminate\\Foundation\\Http\\Middleware\\ConvertEmptyStringsToNull.php(31): Illuminate\\Foundation\\Http\\Middleware\\TransformsRequest->handle()
#38 C:\\Users\\rayan\\Desktop\\Radarleb coding\\vendor\\laravel\\framework\\src\\Illuminate\\Pipeline\\Pipeline.php(208): Illuminate\\Foundation\\Http\\Middleware\\ConvertEmptyStringsToNull->handle()
#39 C:\\Users\\rayan\\Desktop\\Radarleb coding\\vendor\\laravel\\framework\\src\\Illuminate\\Foundation\\Http\\Middleware\\TransformsRequest.php(21): Illuminate\\Pipeline\\Pipeline->{closure:{closure:Illuminate\\Pipeline\\Pipeline::carry():183}:184}()
#40 C:\\Users\\rayan\\Desktop\\Radarleb coding\\vendor\\laravel\\framework\\src\\Illuminate\\Foundation\\Http\\Middleware\\TrimStrings.php(51): Illuminate\\Foundation\\Http\\Middleware\\TransformsRequest->handle()
#41 C:\\Users\\rayan\\Desktop\\Radarleb coding\\vendor\\laravel\\framework\\src\\Illuminate\\Pipeline\\Pipeline.php(208): Illuminate\\Foundation\\Http\\Middleware\\TrimStrings->handle()
#42 C:\\Users\\rayan\\Desktop\\Radarleb coding\\vendor\\laravel\\framework\\src\\Illuminate\\Http\\Middleware\\ValidatePostSize.php(27): Illuminate\\Pipeline\\Pipeline->{closure:{closure:Illuminate\\Pipeline\\Pipeline::carry():183}:184}()
#43 C:\\Users\\rayan\\Desktop\\Radarleb coding\\vendor\\laravel\\framework\\src\\Illuminate\\Pipeline\\Pipeline.php(208): Illuminate\\Http\\Middleware\\ValidatePostSize->handle()
#44 C:\\Users\\rayan\\Desktop\\Radarleb coding\\vendor\\laravel\\framework\\src\\Illuminate\\Foundation\\Http\\Middleware\\PreventRequestsDuringMaintenance.php(109): Illuminate\\Pipeline\\Pipeline->{closure:{closure:Illuminate\\Pipeline\\Pipeline::carry():183}:184}()
#45 C:\\Users\\rayan\\Desktop\\Radarleb coding\\vendor\\laravel\\framework\\src\\Illuminate\\Pipeline\\Pipeline.php(208): Illuminate\\Foundation\\Http\\Middleware\\PreventRequestsDuringMaintenance->handle()
#46 C:\\Users\\rayan\\Desktop\\Radarleb coding\\vendor\\laravel\\framework\\src\\Illuminate\\Http\\Middleware\\HandleCors.php(48): Illuminate\\Pipeline\\Pipeline->{closure:{closure:Illuminate\\Pipeline\\Pipeline::carry():183}:184}()
#47 C:\\Users\\rayan\\Desktop\\Radarleb coding\\vendor\\laravel\\framework\\src\\Illuminate\\Pipeline\\Pipeline.php(208): Illuminate\\Http\\Middleware\\HandleCors->handle()
#48 C:\\Users\\rayan\\Desktop\\Radarleb coding\\vendor\\laravel\\framework\\src\\Illuminate\\Http\\Middleware\\TrustProxies.php(58): Illuminate\\Pipeline\\Pipeline->{closure:{closure:Illuminate\\Pipeline\\Pipeline::carry():183}:184}()
#49 C:\\Users\\rayan\\Desktop\\Radarleb coding\\vendor\\laravel\\framework\\src\\Illuminate\\Pipeline\\Pipeline.php(208): Illuminate\\Http\\Middleware\\TrustProxies->handle()
#50 C:\\Users\\rayan\\Desktop\\Radarleb coding\\vendor\\laravel\\framework\\src\\Illuminate\\Foundation\\Http\\Middleware\\InvokeDeferredCallbacks.php(22): Illuminate\\Pipeline\\Pipeline->{closure:{closure:Illuminate\\Pipeline\\Pipeline::carry():183}:184}()
#51 C:\\Users\\rayan\\Desktop\\Radarleb coding\\vendor\\laravel\\framework\\src\\Illuminate\\Pipeline\\Pipeline.php(208): Illuminate\\Foundation\\Http\\Middleware\\InvokeDeferredCallbacks->handle()
#52 C:\\Users\\rayan\\Desktop\\Radarleb coding\\vendor\\laravel\\framework\\src\\Illuminate\\Http\\Middleware\\ValidatePathEncoding.php(26): Illuminate\\Pipeline\\Pipeline->{closure:{closure:Illuminate\\Pipeline\\Pipeline::carry():183}:184}()
#53 C:\\Users\\rayan\\Desktop\\Radarleb coding\\vendor\\laravel\\framework\\src\\Illuminate\\Pipeline\\Pipeline.php(208): Illuminate\\Http\\Middleware\\ValidatePathEncoding->handle()
#54 C:\\Users\\rayan\\Desktop\\Radarleb coding\\vendor\\laravel\\framework\\src\\Illuminate\\Pipeline\\Pipeline.php(126): Illuminate\\Pipeline\\Pipeline->{closure:{closure:Illuminate\\Pipeline\\Pipeline::carry():183}:184}()
#55 C:\\Users\\rayan\\Desktop\\Radarleb coding\\vendor\\laravel\\framework\\src\\Illuminate\\Foundation\\Http\\Kernel.php(175): Illuminate\\Pipeline\\Pipeline->then()
#56 C:\\Users\\rayan\\Desktop\\Radarleb coding\\vendor\\laravel\\framework\\src\\Illuminate\\Foundation\\Http\\Kernel.php(144): Illuminate\\Foundation\\Http\\Kernel->sendRequestThroughRouter()
#57 C:\\Users\\rayan\\Desktop\\Radarleb coding\\vendor\\laravel\\framework\\src\\Illuminate\\Foundation\\Application.php(1219): Illuminate\\Foundation\\Http\\Kernel->handle()
#58 C:\\Users\\rayan\\Desktop\\Radarleb coding\\public\\index.php(20): Illuminate\\Foundation\\Application->handleRequest()
#59 C:\\Users\\rayan\\Desktop\\Radarleb coding\\vendor\\laravel\\framework\\src\\Illuminate\\Foundation\\resources\\server.php(23): require_once('...')
#60 {main}
"} 
[2025-12-25 18:16:45] local.ERROR: Target class [App\Http\Controllers\Auth\AuthenticatedSessionController] does not exist. {"exception":"[object] (Illuminate\\Contracts\\Container\\BindingResolutionException(code: 0): Target class [App\\Http\\Controllers\\Auth\\AuthenticatedSessionController] does not exist. at C:\\Users\\rayan\\Desktop\\Radarleb coding\\vendor\\laravel\\framework\\src\\Illuminate\\Container\\Container.php:1019)
[stacktrace]
#0 C:\\Users\\rayan\\Desktop\\Radarleb coding\\vendor\\laravel\\framework\\src\\Illuminate\\Container\\Container.php(890): Illuminate\\Container\\Container->build()
#1 C:\\Users\\rayan\\Desktop\\Radarleb coding\\vendor\\laravel\\framework\\src\\Illuminate\\Foundation\\Application.php(1077): Illuminate\\Container\\Container->resolve()
#2 C:\\Users\\rayan\\Desktop\\Radarleb coding\\vendor\\laravel\\framework\\src\\Illuminate\\Container\\Container.php(821): Illuminate\\Foundation\\Application->resolve()
#3 C:\\Users\\rayan\\Desktop\\Radarleb coding\\vendor\\laravel\\framework\\src\\Illuminate\\Foundation\\Application.php(1057): Illuminate\\Container\\Container->make()
#4 C:\\Users\\rayan\\Desktop\\Radarleb coding\\vendor\\laravel\\framework\\src\\Illuminate\\Routing\\Route.php(286): Illuminate\\Foundation\\Application->make()
#5 C:\\Users\\rayan\\Desktop\\Radarleb coding\\vendor\\laravel\\framework\\src\\Illuminate\\Routing\\Route.php(266): Illuminate\\Routing\\Route->getController()
#6 C:\\Users\\rayan\\Desktop\\Radarleb coding\\vendor\\laravel\\framework\\src\\Illuminate\\Routing\\Route.php(211): Illuminate\\Routing\\Route->runController()
#7 C:\\Users\\rayan\\Desktop\\Radarleb coding\\vendor\\laravel\\framework\\src\\Illuminate\\Routing\\Router.php(808): Illuminate\\Routing\\Route->run()
#8 C:\\Users\\rayan\\Desktop\\Radarleb coding\\vendor\\laravel\\framework\\src\\Illuminate\\Pipeline\\Pipeline.php(169): Illuminate\\Routing\\Router->{closure:Illuminate\\Routing\\Router::runRouteWithinStack():807}()
#9 C:\\Users\\rayan\\Desktop\\Radarleb coding\\vendor\\laravel\\framework\\src\\Illuminate\\Auth\\Middleware\\RedirectIfAuthenticated.php(35): Illuminate\\Pipeline\\Pipeline->{closure:Illuminate\\Pipeline\\Pipeline::prepareDestination():167}()
#10 C:\\Users\\rayan\\Desktop\\Radarleb coding\\vendor\\laravel\\framework\\src\\Illuminate\\Pipeline\\Pipeline.php(208): Illuminate\\Auth\\Middleware\\RedirectIfAuthenticated->handle()
#11 C:\\Users\\rayan\\Desktop\\Radarleb coding\\vendor\\inertiajs\\inertia-laravel\\src\\Middleware.php(86): Illuminate\\Pipeline\\Pipeline->{closure:{closure:Illuminate\\Pipeline\\Pipeline::carry():183}:184}()
#12 C:\\Users\\rayan\\Desktop\\Radarleb coding\\vendor\\laravel\\framework\\src\\Illuminate\\Pipeline\\Pipeline.php(208): Inertia\\Middleware->handle()
#13 C:\\Users\\rayan\\Desktop\\Radarleb coding\\vendor\\laravel\\framework\\src\\Illuminate\\Routing\\Middleware\\SubstituteBindings.php(50): Illuminate\\Pipeline\\Pipeline->{closure:{closure:Illuminate\\Pipeline\\Pipeline::carry():183}:184}()
#14 C:\\Users\\rayan\\Desktop\\Radarleb coding\\vendor\\laravel\\framework\\src\\Illuminate\\Pipeline\\Pipeline.php(208): Illuminate\\Routing\\Middleware\\SubstituteBindings->handle()
#15 C:\\Users\\rayan\\Desktop\\Radarleb coding\\vendor\\laravel\\framework\\src\\Illuminate\\Foundation\\Http\\Middleware\\VerifyCsrfToken.php(87): Illuminate\\Pipeline\\Pipeline->{closure:{closure:Illuminate\\Pipeline\\Pipeline::carry():183}:184}()
#16 C:\\Users\\rayan\\Desktop\\Radarleb coding\\vendor\\laravel\\framework\\src\\Illuminate\\Pipeline\\Pipeline.php(208): Illuminate\\Foundation\\Http\\Middleware\\VerifyCsrfToken->handle()
#17 C:\\Users\\rayan\\Desktop\\Radarleb coding\\vendor\\laravel\\framework\\src\\Illuminate\\View\\Middleware\\ShareErrorsFromSession.php(48): Illuminate\\Pipeline\\Pipeline->{closure:{closure:Illuminate\\Pipeline\\Pipeline::carry():183}:184}()
#18 C:\\Users\\rayan\\Desktop\\Radarleb coding\\vendor\\laravel\\framework\\src\\Illuminate\\Pipeline\\Pipeline.php(208): Illuminate\\View\\Middleware\\ShareErrorsFromSession->handle()
#19 C:\\Users\\rayan\\Desktop\\Radarleb coding\\vendor\\laravel\\framework\\src\\Illuminate\\Session\\Middleware\\StartSession.php(120): Illuminate\\Pipeline\\Pipeline->{closure:{closure:Illuminate\\Pipeline\\Pipeline::carry():183}:184}()
#20 C:\\Users\\rayan\\Desktop\\Radarleb coding\\vendor\\laravel\\framework\\src\\Illuminate\\Session\\Middleware\\StartSession.php(63): Illuminate\\Session\\Middleware\\StartSession->handleStatefulRequest()
#21 C:\\Users\\rayan\\Desktop\\Radarleb coding\\vendor\\laravel\\framework\\src\\Illuminate\\Pipeline\\Pipeline.php(208): Illuminate\\Session\\Middleware\\StartSession->handle()
#22 C:\\Users\\rayan\\Desktop\\Radarleb coding\\vendor\\laravel\\framework\\src\\Illuminate\\Cookie\\Middleware\\AddQueuedCookiesToResponse.php(36): Illuminate\\Pipeline\\Pipeline->{closure:{closure:Illuminate\\Pipeline\\Pipeline::carry():183}:184}()
#23 C:\\Users\\rayan\\Desktop\\Radarleb coding\\vendor\\laravel\\framework\\src\\Illuminate\\Pipeline\\Pipeline.php(208): Illuminate\\Cookie\\Middleware\\AddQueuedCookiesToResponse->handle()
#24 C:\\Users\\rayan\\Desktop\\Radarleb coding\\vendor\\laravel\\framework\\src\\Illuminate\\Cookie\\Middleware\\EncryptCookies.php(74): Illuminate\\Pipeline\\Pipeline->{closure:{closure:Illuminate\\Pipeline\\Pipeline::carry():183}:184}()
#25 C:\\Users\\rayan\\Desktop\\Radarleb coding\\vendor\\laravel\\framework\\src\\Illuminate\\Pipeline\\Pipeline.php(208): Illuminate\\Cookie\\Middleware\\EncryptCookies->handle()
#26 C:\\Users\\rayan\\Desktop\\Radarleb coding\\vendor\\laravel\\framework\\src\\Illuminate\\Pipeline\\Pipeline.php(126): Illuminate\\Pipeline\\Pipeline->{closure:{closure:Illuminate\\Pipeline\\Pipeline::carry():183}:184}()
#27 C:\\Users\\rayan\\Desktop\\Radarleb coding\\vendor\\laravel\\framework\\src\\Illuminate\\Routing\\Router.php(807): Illuminate\\Pipeline\\Pipeline->then()
#28 C:\\Users\\rayan\\Desktop\\Radarleb coding\\vendor\\laravel\\framework\\src\\Illuminate\\Routing\\Router.php(786): Illuminate\\Routing\\Router->runRouteWithinStack()
#29 C:\\Users\\rayan\\Desktop\\Radarleb coding\\vendor\\laravel\\framework\\src\\Illuminate\\Routing\\Router.php(750): Illuminate\\Routing\\Router->runRoute()
#30 C:\\Users\\rayan\\Desktop\\Radarleb coding\\vendor\\laravel\\framework\\src\\Illuminate\\Routing\\Router.php(739): Illuminate\\Routing\\Router->dispatchToRoute()
#31 C:\\Users\\rayan\\Desktop\\Radarleb coding\\vendor\\laravel\\framework\\src\\Illuminate\\Foundation\\Http\\Kernel.php(200): Illuminate\\Routing\\Router->dispatch()
#32 C:\\Users\\rayan\\Desktop\\Radarleb coding\\vendor\\laravel\\framework\\src\\Illuminate\\Pipeline\\Pipeline.php(169): Illuminate\\Foundation\\Http\\Kernel->{closure:Illuminate\\Foundation\\Http\\Kernel::dispatchToRouter():197}()
#33 C:\\Users\\rayan\\Desktop\\Radarleb coding\\vendor\\livewire\\livewire\\src\\Features\\SupportDisablingBackButtonCache\\DisableBackButtonCacheMiddleware.php(19): Illuminate\\Pipeline\\Pipeline->{closure:Illuminate\\Pipeline\\Pipeline::prepareDestination():167}()
#34 C:\\Users\\rayan\\Desktop\\Radarleb coding\\vendor\\laravel\\framework\\src\\Illuminate\\Pipeline\\Pipeline.php(208): Livewire\\Features\\SupportDisablingBackButtonCache\\DisableBackButtonCacheMiddleware->handle()
#35 C:\\Users\\rayan\\Desktop\\Radarleb coding\\vendor\\laravel\\framework\\src\\Illuminate\\Foundation\\Http\\Middleware\\TransformsRequest.php(21): Illuminate\\Pipeline\\Pipeline->{closure:{closure:Illuminate\\Pipeline\\Pipeline::carry():183}:184}()
#36 C:\\Users\\rayan\\Desktop\\Radarleb coding\\vendor\\laravel\\framework\\src\\Illuminate\\Foundation\\Http\\Middleware\\ConvertEmptyStringsToNull.php(31): Illuminate\\Foundation\\Http\\Middleware\\TransformsRequest->handle()
#37 C:\\Users\\rayan\\Desktop\\Radarleb coding\\vendor\\laravel\\framework\\src\\Illuminate\\Pipeline\\Pipeline.php(208): Illuminate\\Foundation\\Http\\Middleware\\ConvertEmptyStringsToNull->handle()
#38 C:\\Users\\rayan\\Desktop\\Radarleb coding\\vendor\\laravel\\framework\\src\\Illuminate\\Foundation\\Http\\Middleware\\TransformsRequest.php(21): Illuminate\\Pipeline\\Pipeline->{closure:{closure:Illuminate\\Pipeline\\Pipeline::carry():183}:184}()
#39 C:\\Users\\rayan\\Desktop\\Radarleb coding\\vendor\\laravel\\framework\\src\\Illuminate\\Foundation\\Http\\Middleware\\TrimStrings.php(51): Illuminate\\Foundation\\Http\\Middleware\\TransformsRequest->handle()
#40 C:\\Users\\rayan\\Desktop\\Radarleb coding\\vendor\\laravel\\framework\\src\\Illuminate\\Pipeline\\Pipeline.php(208): Illuminate\\Foundation\\Http\\Middleware\\TrimStrings->handle()
#41 C:\\Users\\rayan\\Desktop\\Radarleb coding\\vendor\\laravel\\framework\\src\\Illuminate\\Http\\Middleware\\ValidatePostSize.php(27): Illuminate\\Pipeline\\Pipeline->{closure:{closure:Illuminate\\Pipeline\\Pipeline::carry():183}:184}()
#42 C:\\Users\\rayan\\Desktop\\Radarleb coding\\vendor\\laravel\\framework\\src\\Illuminate\\Pipeline\\Pipeline.php(208): Illuminate\\Http\\Middleware\\ValidatePostSize->handle()
#43 C:\\Users\\rayan\\Desktop\\Radarleb coding\\vendor\\laravel\\framework\\src\\Illuminate\\Foundation\\Http\\Middleware\\PreventRequestsDuringMaintenance.php(109): Illuminate\\Pipeline\\Pipeline->{closure:{closure:Illuminate\\Pipeline\\Pipeline::carry():183}:184}()
#44 C:\\Users\\rayan\\Desktop\\Radarleb coding\\vendor\\laravel\\framework\\src\\Illuminate\\Pipeline\\Pipeline.php(208): Illuminate\\Foundation\\Http\\Middleware\\PreventRequestsDuringMaintenance->handle()
#45 C:\\Users\\rayan\\Desktop\\Radarleb coding\\vendor\\laravel\\framework\\src\\Illuminate\\Http\\Middleware\\HandleCors.php(48): Illuminate\\Pipeline\\Pipeline->{closure:{closure:Illuminate\\Pipeline\\Pipeline::carry():183}:184}()
#46 C:\\Users\\rayan\\Desktop\\Radarleb coding\\vendor\\laravel\\framework\\src\\Illuminate\\Pipeline\\Pipeline.php(208): Illuminate\\Http\\Middleware\\HandleCors->handle()
#47 C:\\Users\\rayan\\Desktop\\Radarleb coding\\vendor\\laravel\\framework\\src\\Illuminate\\Http\\Middleware\\TrustProxies.php(58): Illuminate\\Pipeline\\Pipeline->{closure:{closure:Illuminate\\Pipeline\\Pipeline::carry():183}:184}()
#48 C:\\Users\\rayan\\Desktop\\Radarleb coding\\vendor\\laravel\\framework\\src\\Illuminate\\Pipeline\\Pipeline.php(208): Illuminate\\Http\\Middleware\\TrustProxies->handle()
#49 C:\\Users\\rayan\\Desktop\\Radarleb coding\\vendor\\laravel\\framework\\src\\Illuminate\\Foundation\\Http\\Middleware\\InvokeDeferredCallbacks.php(22): Illuminate\\Pipeline\\Pipeline->{closure:{closure:Illuminate\\Pipeline\\Pipeline::carry():183}:184}()
#50 C:\\Users\\rayan\\Desktop\\Radarleb coding\\vendor\\laravel\\framework\\src\\Illuminate\\Pipeline\\Pipeline.php(208): Illuminate\\Foundation\\Http\\Middleware\\InvokeDeferredCallbacks->handle()
#51 C:\\Users\\rayan\\Desktop\\Radarleb coding\\vendor\\laravel\\framework\\src\\Illuminate\\Http\\Middleware\\ValidatePathEncoding.php(26): Illuminate\\Pipeline\\Pipeline->{closure:{closure:Illuminate\\Pipeline\\Pipeline::carry():183}:184}()
#52 C:\\Users\\rayan\\Desktop\\Radarleb coding\\vendor\\laravel\\framework\\src\\Illuminate\\Pipeline\\Pipeline.php(208): Illuminate\\Http\\Middleware\\ValidatePathEncoding->handle()
#53 C:\\Users\\rayan\\Desktop\\Radarleb coding\\vendor\\laravel\\framework\\src\\Illuminate\\Pipeline\\Pipeline.php(126): Illuminate\\Pipeline\\Pipeline->{closure:{closure:Illuminate\\Pipeline\\Pipeline::carry():183}:184}()
#54 C:\\Users\\rayan\\Desktop\\Radarleb coding\\vendor\\laravel\\framework\\src\\Illuminate\\Foundation\\Http\\Kernel.php(175): Illuminate\\Pipeline\\Pipeline->then()
#55 C:\\Users\\rayan\\Desktop\\Radarleb coding\\vendor\\laravel\\framework\\src\\Illuminate\\Foundation\\Http\\Kernel.php(144): Illuminate\\Foundation\\Http\\Kernel->sendRequestThroughRouter()
#56 C:\\Users\\rayan\\Desktop\\Radarleb coding\\vendor\\laravel\\framework\\src\\Illuminate\\Foundation\\Application.php(1219): Illuminate\\Foundation\\Http\\Kernel->handle()
#57 C:\\Users\\rayan\\Desktop\\Radarleb coding\\public\\index.php(20): Illuminate\\Foundation\\Application->handleRequest()
#58 C:\\Users\\rayan\\Desktop\\Radarleb coding\\vendor\\laravel\\framework\\src\\Illuminate\\Foundation\\resources\\server.php(23): require_once('...')
#59 {main}

[previous exception] [object] (ReflectionException(code: -1): Class \"App\\Http\\Controllers\\Auth\\AuthenticatedSessionController\" does not exist at C:\\Users\\rayan\\Desktop\\Radarleb coding\\vendor\\laravel\\framework\\src\\Illuminate\\Container\\Container.php:1017)
[stacktrace]
#0 C:\\Users\\rayan\\Desktop\\Radarleb coding\\vendor\\laravel\\framework\\src\\Illuminate\\Container\\Container.php(1017): ReflectionClass->__construct()
#1 C:\\Users\\rayan\\Desktop\\Radarleb coding\\vendor\\laravel\\framework\\src\\Illuminate\\Container\\Container.php(890): Illuminate\\Container\\Container->build()
#2 C:\\Users\\rayan\\Desktop\\Radarleb coding\\vendor\\laravel\\framework\\src\\Illuminate\\Foundation\\Application.php(1077): Illuminate\\Container\\Container->resolve()
#3 C:\\Users\\rayan\\Desktop\\Radarleb coding\\vendor\\laravel\\framework\\src\\Illuminate\\Container\\Container.php(821): Illuminate\\Foundation\\Application->resolve()
#4 C:\\Users\\rayan\\Desktop\\Radarleb coding\\vendor\\laravel\\framework\\src\\Illuminate\\Foundation\\Application.php(1057): Illuminate\\Container\\Container->make()
#5 C:\\Users\\rayan\\Desktop\\Radarleb coding\\vendor\\laravel\\framework\\src\\Illuminate\\Routing\\Route.php(286): Illuminate\\Foundation\\Application->make()
#6 C:\\Users\\rayan\\Desktop\\Radarleb coding\\vendor\\laravel\\framework\\src\\Illuminate\\Routing\\Route.php(266): Illuminate\\Routing\\Route->getController()
#7 C:\\Users\\rayan\\Desktop\\Radarleb coding\\vendor\\laravel\\framework\\src\\Illuminate\\Routing\\Route.php(211): Illuminate\\Routing\\Route->runController()
#8 C:\\Users\\rayan\\Desktop\\Radarleb coding\\vendor\\laravel\\framework\\src\\Illuminate\\Routing\\Router.php(808): Illuminate\\Routing\\Route->run()
#9 C:\\Users\\rayan\\Desktop\\Radarleb coding\\vendor\\laravel\\framework\\src\\Illuminate\\Pipeline\\Pipeline.php(169): Illuminate\\Routing\\Router->{closure:Illuminate\\Routing\\Router::runRouteWithinStack():807}()
#10 C:\\Users\\rayan\\Desktop\\Radarleb coding\\vendor\\laravel\\framework\\src\\Illuminate\\Auth\\Middleware\\RedirectIfAuthenticated.php(35): Illuminate\\Pipeline\\Pipeline->{closure:Illuminate\\Pipeline\\Pipeline::prepareDestination():167}()
#11 C:\\Users\\rayan\\Desktop\\Radarleb coding\\vendor\\laravel\\framework\\src\\Illuminate\\Pipeline\\Pipeline.php(208): Illuminate\\Auth\\Middleware\\RedirectIfAuthenticated->handle()
#12 C:\\Users\\rayan\\Desktop\\Radarleb coding\\vendor\\inertiajs\\inertia-laravel\\src\\Middleware.php(86): Illuminate\\Pipeline\\Pipeline->{closure:{closure:Illuminate\\Pipeline\\Pipeline::carry():183}:184}()
#13 C:\\Users\\rayan\\Desktop\\Radarleb coding\\vendor\\laravel\\framework\\src\\Illuminate\\Pipeline\\Pipeline.php(208): Inertia\\Middleware->handle()
#14 C:\\Users\\rayan\\Desktop\\Radarleb coding\\vendor\\laravel\\framework\\src\\Illuminate\\Routing\\Middleware\\SubstituteBindings.php(50): Illuminate\\Pipeline\\Pipeline->{closure:{closure:Illuminate\\Pipeline\\Pipeline::carry():183}:184}()
#15 C:\\Users\\rayan\\Desktop\\Radarleb coding\\vendor\\laravel\\framework\\src\\Illuminate\\Pipeline\\Pipeline.php(208): Illuminate\\Routing\\Middleware\\SubstituteBindings->handle()
#16 C:\\Users\\rayan\\Desktop\\Radarleb coding\\vendor\\laravel\\framework\\src\\Illuminate\\Foundation\\Http\\Middleware\\VerifyCsrfToken.php(87): Illuminate\\Pipeline\\Pipeline->{closure:{closure:Illuminate\\Pipeline\\Pipeline::carry():183}:184}()
#17 C:\\Users\\rayan\\Desktop\\Radarleb coding\\vendor\\laravel\\framework\\src\\Illuminate\\Pipeline\\Pipeline.php(208): Illuminate\\Foundation\\Http\\Middleware\\VerifyCsrfToken->handle()
#18 C:\\Users\\rayan\\Desktop\\Radarleb coding\\vendor\\laravel\\framework\\src\\Illuminate\\View\\Middleware\\ShareErrorsFromSession.php(48): Illuminate\\Pipeline\\Pipeline->{closure:{closure:Illuminate\\Pipeline\\Pipeline::carry():183}:184}()
#19 C:\\Users\\rayan\\Desktop\\Radarleb coding\\vendor\\laravel\\framework\\src\\Illuminate\\Pipeline\\Pipeline.php(208): Illuminate\\View\\Middleware\\ShareErrorsFromSession->handle()
#20 C:\\Users\\rayan\\Desktop\\Radarleb coding\\vendor\\laravel\\framework\\src\\Illuminate\\Session\\Middleware\\StartSession.php(120): Illuminate\\Pipeline\\Pipeline->{closure:{closure:Illuminate\\Pipeline\\Pipeline::carry():183}:184}()
#21 C:\\Users\\rayan\\Desktop\\Radarleb coding\\vendor\\laravel\\framework\\src\\Illuminate\\Session\\Middleware\\StartSession.php(63): Illuminate\\Session\\Middleware\\StartSession->handleStatefulRequest()
#22 C:\\Users\\rayan\\Desktop\\Radarleb coding\\vendor\\laravel\\framework\\src\\Illuminate\\Pipeline\\Pipeline.php(208): Illuminate\\Session\\Middleware\\StartSession->handle()
#23 C:\\Users\\rayan\\Desktop\\Radarleb coding\\vendor\\laravel\\framework\\src\\Illuminate\\Cookie\\Middleware\\AddQueuedCookiesToResponse.php(36): Illuminate\\Pipeline\\Pipeline->{closure:{closure:Illuminate\\Pipeline\\Pipeline::carry():183}:184}()
#24 C:\\Users\\rayan\\Desktop\\Radarleb coding\\vendor\\laravel\\framework\\src\\Illuminate\\Pipeline\\Pipeline.php(208): Illuminate\\Cookie\\Middleware\\AddQueuedCookiesToResponse->handle()
#25 C:\\Users\\rayan\\Desktop\\Radarleb coding\\vendor\\laravel\\framework\\src\\Illuminate\\Cookie\\Middleware\\EncryptCookies.php(74): Illuminate\\Pipeline\\Pipeline->{closure:{closure:Illuminate\\Pipeline\\Pipeline::carry():183}:184}()
#26 C:\\Users\\rayan\\Desktop\\Radarleb coding\\vendor\\laravel\\framework\\src\\Illuminate\\Pipeline\\Pipeline.php(208): Illuminate\\Cookie\\Middleware\\EncryptCookies->handle()
#27 C:\\Users\\rayan\\Desktop\\Radarleb coding\\vendor\\laravel\\framework\\src\\Illuminate\\Pipeline\\Pipeline.php(126): Illuminate\\Pipeline\\Pipeline->{closure:{closure:Illuminate\\Pipeline\\Pipeline::carry():183}:184}()
#28 C:\\Users\\rayan\\Desktop\\Radarleb coding\\vendor\\laravel\\framework\\src\\Illuminate\\Routing\\Router.php(807): Illuminate\\Pipeline\\Pipeline->then()
#29 C:\\Users\\rayan\\Desktop\\Radarleb coding\\vendor\\laravel\\framework\\src\\Illuminate\\Routing\\Router.php(786): Illuminate\\Routing\\Router->runRouteWithinStack()
#30 C:\\Users\\rayan\\Desktop\\Radarleb coding\\vendor\\laravel\\framework\\src\\Illuminate\\Routing\\Router.php(750): Illuminate\\Routing\\Router->runRoute()
#31 C:\\Users\\rayan\\Desktop\\Radarleb coding\\vendor\\laravel\\framework\\src\\Illuminate\\Routing\\Router.php(739): Illuminate\\Routing\\Router->dispatchToRoute()
#32 C:\\Users\\rayan\\Desktop\\Radarleb coding\\vendor\\laravel\\framework\\src\\Illuminate\\Foundation\\Http\\Kernel.php(200): Illuminate\\Routing\\Router->dispatch()
#33 C:\\Users\\rayan\\Desktop\\Radarleb coding\\vendor\\laravel\\framework\\src\\Illuminate\\Pipeline\\Pipeline.php(169): Illuminate\\Foundation\\Http\\Kernel->{closure:Illuminate\\Foundation\\Http\\Kernel::dispatchToRouter():197}()
#34 C:\\Users\\rayan\\Desktop\\Radarleb coding\\vendor\\livewire\\livewire\\src\\Features\\SupportDisablingBackButtonCache\\DisableBackButtonCacheMiddleware.php(19): Illuminate\\Pipeline\\Pipeline->{closure:Illuminate\\Pipeline\\Pipeline::prepareDestination():167}()
#35 C:\\Users\\rayan\\Desktop\\Radarleb coding\\vendor\\laravel\\framework\\src\\Illuminate\\Pipeline\\Pipeline.php(208): Livewire\\Features\\SupportDisablingBackButtonCache\\DisableBackButtonCacheMiddleware->handle()
#36 C:\\Users\\rayan\\Desktop\\Radarleb coding\\vendor\\laravel\\framework\\src\\Illuminate\\Foundation\\Http\\Middleware\\TransformsRequest.php(21): Illuminate\\Pipeline\\Pipeline->{closure:{closure:Illuminate\\Pipeline\\Pipeline::carry():183}:184}()
#37 C:\\Users\\rayan\\Desktop\\Radarleb coding\\vendor\\laravel\\framework\\src\\Illuminate\\Foundation\\Http\\Middleware\\ConvertEmptyStringsToNull.php(31): Illuminate\\Foundation\\Http\\Middleware\\TransformsRequest->handle()
#38 C:\\Users\\rayan\\Desktop\\Radarleb coding\\vendor\\laravel\\framework\\src\\Illuminate\\Pipeline\\Pipeline.php(208): Illuminate\\Foundation\\Http\\Middleware\\ConvertEmptyStringsToNull->handle()
#39 C:\\Users\\rayan\\Desktop\\Radarleb coding\\vendor\\laravel\\framework\\src\\Illuminate\\Foundation\\Http\\Middleware\\TransformsRequest.php(21): Illuminate\\Pipeline\\Pipeline->{closure:{closure:Illuminate\\Pipeline\\Pipeline::carry():183}:184}()
#40 C:\\Users\\rayan\\Desktop\\Radarleb coding\\vendor\\laravel\\framework\\src\\Illuminate\\Foundation\\Http\\Middleware\\TrimStrings.php(51): Illuminate\\Foundation\\Http\\Middleware\\TransformsRequest->handle()
#41 C:\\Users\\rayan\\Desktop\\Radarleb coding\\vendor\\laravel\\framework\\src\\Illuminate\\Pipeline\\Pipeline.php(208): Illuminate\\Foundation\\Http\\Middleware\\TrimStrings->handle()
#42 C:\\Users\\rayan\\Desktop\\Radarleb coding\\vendor\\laravel\\framework\\src\\Illuminate\\Http\\Middleware\\ValidatePostSize.php(27): Illuminate\\Pipeline\\Pipeline->{closure:{closure:Illuminate\\Pipeline\\Pipeline::carry():183}:184}()
#43 C:\\Users\\rayan\\Desktop\\Radarleb coding\\vendor\\laravel\\framework\\src\\Illuminate\\Pipeline\\Pipeline.php(208): Illuminate\\Http\\Middleware\\ValidatePostSize->handle()
#44 C:\\Users\\rayan\\Desktop\\Radarleb coding\\vendor\\laravel\\framework\\src\\Illuminate\\Foundation\\Http\\Middleware\\PreventRequestsDuringMaintenance.php(109): Illuminate\\Pipeline\\Pipeline->{closure:{closure:Illuminate\\Pipeline\\Pipeline::carry():183}:184}()
#45 C:\\Users\\rayan\\Desktop\\Radarleb coding\\vendor\\laravel\\framework\\src\\Illuminate\\Pipeline\\Pipeline.php(208): Illuminate\\Foundation\\Http\\Middleware\\PreventRequestsDuringMaintenance->handle()
#46 C:\\Users\\rayan\\Desktop\\Radarleb coding\\vendor\\laravel\\framework\\src\\Illuminate\\Http\\Middleware\\HandleCors.php(48): Illuminate\\Pipeline\\Pipeline->{closure:{closure:Illuminate\\Pipeline\\Pipeline::carry():183}:184}()
#47 C:\\Users\\rayan\\Desktop\\Radarleb coding\\vendor\\laravel\\framework\\src\\Illuminate\\Pipeline\\Pipeline.php(208): Illuminate\\Http\\Middleware\\HandleCors->handle()
#48 C:\\Users\\rayan\\Desktop\\Radarleb coding\\vendor\\laravel\\framework\\src\\Illuminate\\Http\\Middleware\\TrustProxies.php(58): Illuminate\\Pipeline\\Pipeline->{closure:{closure:Illuminate\\Pipeline\\Pipeline::carry():183}:184}()
#49 C:\\Users\\rayan\\Desktop\\Radarleb coding\\vendor\\laravel\\framework\\src\\Illuminate\\Pipeline\\Pipeline.php(208): Illuminate\\Http\\Middleware\\TrustProxies->handle()
#50 C:\\Users\\rayan\\Desktop\\Radarleb coding\\vendor\\laravel\\framework\\src\\Illuminate\\Foundation\\Http\\Middleware\\InvokeDeferredCallbacks.php(22): Illuminate\\Pipeline\\Pipeline->{closure:{closure:Illuminate\\Pipeline\\Pipeline::carry():183}:184}()
#51 C:\\Users\\rayan\\Desktop\\Radarleb coding\\vendor\\laravel\\framework\\src\\Illuminate\\Pipeline\\Pipeline.php(208): Illuminate\\Foundation\\Http\\Middleware\\InvokeDeferredCallbacks->handle()
#52 C:\\Users\\rayan\\Desktop\\Radarleb coding\\vendor\\laravel\\framework\\src\\Illuminate\\Http\\Middleware\\ValidatePathEncoding.php(26): Illuminate\\Pipeline\\Pipeline->{closure:{closure:Illuminate\\Pipeline\\Pipeline::carry():183}:184}()
#53 C:\\Users\\rayan\\Desktop\\Radarleb coding\\vendor\\laravel\\framework\\src\\Illuminate\\Pipeline\\Pipeline.php(208): Illuminate\\Http\\Middleware\\ValidatePathEncoding->handle()
#54 C:\\Users\\rayan\\Desktop\\Radarleb coding\\vendor\\laravel\\framework\\src\\Illuminate\\Pipeline\\Pipeline.php(126): Illuminate\\Pipeline\\Pipeline->{closure:{closure:Illuminate\\Pipeline\\Pipeline::carry():183}:184}()
#55 C:\\Users\\rayan\\Desktop\\Radarleb coding\\vendor\\laravel\\framework\\src\\Illuminate\\Foundation\\Http\\Kernel.php(175): Illuminate\\Pipeline\\Pipeline->then()
#56 C:\\Users\\rayan\\Desktop\\Radarleb coding\\vendor\\laravel\\framework\\src\\Illuminate\\Foundation\\Http\\Kernel.php(144): Illuminate\\Foundation\\Http\\Kernel->sendRequestThroughRouter()
#57 C:\\Users\\rayan\\Desktop\\Radarleb coding\\vendor\\laravel\\framework\\src\\Illuminate\\Foundation\\Application.php(1219): Illuminate\\Foundation\\Http\\Kernel->handle()
#58 C:\\Users\\rayan\\Desktop\\Radarleb coding\\public\\index.php(20): Illuminate\\Foundation\\Application->handleRequest()
#59 C:\\Users\\rayan\\Desktop\\Radarleb coding\\vendor\\laravel\\framework\\src\\Illuminate\\Foundation\\resources\\server.php(23): require_once('...')
#60 {main}
"} 
[2025-12-25 18:16:55] local.ERROR: Target class [App\Http\Controllers\Auth\AuthenticatedSessionController] does not exist. {"exception":"[object] (Illuminate\\Contracts\\Container\\BindingResolutionException(code: 0): Target class [App\\Http\\Controllers\\Auth\\AuthenticatedSessionController] does not exist. at C:\\Users\\rayan\\Desktop\\Radarleb coding\\vendor\\laravel\\framework\\src\\Illuminate\\Container\\Container.php:1019)
[stacktrace]
#0 C:\\Users\\rayan\\Desktop\\Radarleb coding\\vendor\\laravel\\framework\\src\\Illuminate\\Container\\Container.php(890): Illuminate\\Container\\Container->build()
#1 C:\\Users\\rayan\\Desktop\\Radarleb coding\\vendor\\laravel\\framework\\src\\Illuminate\\Foundation\\Application.php(1077): Illuminate\\Container\\Container->resolve()
#2 C:\\Users\\rayan\\Desktop\\Radarleb coding\\vendor\\laravel\\framework\\src\\Illuminate\\Container\\Container.php(821): Illuminate\\Foundation\\Application->resolve()
#3 C:\\Users\\rayan\\Desktop\\Radarleb coding\\vendor\\laravel\\framework\\src\\Illuminate\\Foundation\\Application.php(1057): Illuminate\\Container\\Container->make()
#4 C:\\Users\\rayan\\Desktop\\Radarleb coding\\vendor\\laravel\\framework\\src\\Illuminate\\Routing\\Route.php(286): Illuminate\\Foundation\\Application->make()
#5 C:\\Users\\rayan\\Desktop\\Radarleb coding\\vendor\\laravel\\framework\\src\\Illuminate\\Routing\\Route.php(266): Illuminate\\Routing\\Route->getController()
#6 C:\\Users\\rayan\\Desktop\\Radarleb coding\\vendor\\laravel\\framework\\src\\Illuminate\\Routing\\Route.php(211): Illuminate\\Routing\\Route->runController()
#7 C:\\Users\\rayan\\Desktop\\Radarleb coding\\vendor\\laravel\\framework\\src\\Illuminate\\Routing\\Router.php(808): Illuminate\\Routing\\Route->run()
#8 C:\\Users\\rayan\\Desktop\\Radarleb coding\\vendor\\laravel\\framework\\src\\Illuminate\\Pipeline\\Pipeline.php(169): Illuminate\\Routing\\Router->{closure:Illuminate\\Routing\\Router::runRouteWithinStack():807}()
#9 C:\\Users\\rayan\\Desktop\\Radarleb coding\\vendor\\laravel\\framework\\src\\Illuminate\\Auth\\Middleware\\RedirectIfAuthenticated.php(35): Illuminate\\Pipeline\\Pipeline->{closure:Illuminate\\Pipeline\\Pipeline::prepareDestination():167}()
#10 C:\\Users\\rayan\\Desktop\\Radarleb coding\\vendor\\laravel\\framework\\src\\Illuminate\\Pipeline\\Pipeline.php(208): Illuminate\\Auth\\Middleware\\RedirectIfAuthenticated->handle()
#11 C:\\Users\\rayan\\Desktop\\Radarleb coding\\vendor\\inertiajs\\inertia-laravel\\src\\Middleware.php(86): Illuminate\\Pipeline\\Pipeline->{closure:{closure:Illuminate\\Pipeline\\Pipeline::carry():183}:184}()
#12 C:\\Users\\rayan\\Desktop\\Radarleb coding\\vendor\\laravel\\framework\\src\\Illuminate\\Pipeline\\Pipeline.php(208): Inertia\\Middleware->handle()
#13 C:\\Users\\rayan\\Desktop\\Radarleb coding\\vendor\\laravel\\framework\\src\\Illuminate\\Routing\\Middleware\\SubstituteBindings.php(50): Illuminate\\Pipeline\\Pipeline->{closure:{closure:Illuminate\\Pipeline\\Pipeline::carry():183}:184}()
#14 C:\\Users\\rayan\\Desktop\\Radarleb coding\\vendor\\laravel\\framework\\src\\Illuminate\\Pipeline\\Pipeline.php(208): Illuminate\\Routing\\Middleware\\SubstituteBindings->handle()
#15 C:\\Users\\rayan\\Desktop\\Radarleb coding\\vendor\\laravel\\framework\\src\\Illuminate\\Foundation\\Http\\Middleware\\VerifyCsrfToken.php(87): Illuminate\\Pipeline\\Pipeline->{closure:{closure:Illuminate\\Pipeline\\Pipeline::carry():183}:184}()
#16 C:\\Users\\rayan\\Desktop\\Radarleb coding\\vendor\\laravel\\framework\\src\\Illuminate\\Pipeline\\Pipeline.php(208): Illuminate\\Foundation\\Http\\Middleware\\VerifyCsrfToken->handle()
#17 C:\\Users\\rayan\\Desktop\\Radarleb coding\\vendor\\laravel\\framework\\src\\Illuminate\\View\\Middleware\\ShareErrorsFromSession.php(48): Illuminate\\Pipeline\\Pipeline->{closure:{closure:Illuminate\\Pipeline\\Pipeline::carry():183}:184}()
#18 C:\\Users\\rayan\\Desktop\\Radarleb coding\\vendor\\laravel\\framework\\src\\Illuminate\\Pipeline\\Pipeline.php(208): Illuminate\\View\\Middleware\\ShareErrorsFromSession->handle()
#19 C:\\Users\\rayan\\Desktop\\Radarleb coding\\vendor\\laravel\\framework\\src\\Illuminate\\Session\\Middleware\\StartSession.php(120): Illuminate\\Pipeline\\Pipeline->{closure:{closure:Illuminate\\Pipeline\\Pipeline::carry():183}:184}()
#20 C:\\Users\\rayan\\Desktop\\Radarleb coding\\vendor\\laravel\\framework\\src\\Illuminate\\Session\\Middleware\\StartSession.php(63): Illuminate\\Session\\Middleware\\StartSession->handleStatefulRequest()
#21 C:\\Users\\rayan\\Desktop\\Radarleb coding\\vendor\\laravel\\framework\\src\\Illuminate\\Pipeline\\Pipeline.php(208): Illuminate\\Session\\Middleware\\StartSession->handle()
#22 C:\\Users\\rayan\\Desktop\\Radarleb coding\\vendor\\laravel\\framework\\src\\Illuminate\\Cookie\\Middleware\\AddQueuedCookiesToResponse.php(36): Illuminate\\Pipeline\\Pipeline->{closure:{closure:Illuminate\\Pipeline\\Pipeline::carry():183}:184}()
#23 C:\\Users\\rayan\\Desktop\\Radarleb coding\\vendor\\laravel\\framework\\src\\Illuminate\\Pipeline\\Pipeline.php(208): Illuminate\\Cookie\\Middleware\\AddQueuedCookiesToResponse->handle()
#24 C:\\Users\\rayan\\Desktop\\Radarleb coding\\vendor\\laravel\\framework\\src\\Illuminate\\Cookie\\Middleware\\EncryptCookies.php(74): Illuminate\\Pipeline\\Pipeline->{closure:{closure:Illuminate\\Pipeline\\Pipeline::carry():183}:184}()
#25 C:\\Users\\rayan\\Desktop\\Radarleb coding\\vendor\\laravel\\framework\\src\\Illuminate\\Pipeline\\Pipeline.php(208): Illuminate\\Cookie\\Middleware\\EncryptCookies->handle()
#26 C:\\Users\\rayan\\Desktop\\Radarleb coding\\vendor\\laravel\\framework\\src\\Illuminate\\Pipeline\\Pipeline.php(126): Illuminate\\Pipeline\\Pipeline->{closure:{closure:Illuminate\\Pipeline\\Pipeline::carry():183}:184}()
#27 C:\\Users\\rayan\\Desktop\\Radarleb coding\\vendor\\laravel\\framework\\src\\Illuminate\\Routing\\Router.php(807): Illuminate\\Pipeline\\Pipeline->then()
#28 C:\\Users\\rayan\\Desktop\\Radarleb coding\\vendor\\laravel\\framework\\src\\Illuminate\\Routing\\Router.php(786): Illuminate\\Routing\\Router->runRouteWithinStack()
#29 C:\\Users\\rayan\\Desktop\\Radarleb coding\\vendor\\laravel\\framework\\src\\Illuminate\\Routing\\Router.php(750): Illuminate\\Routing\\Router->runRoute()
#30 C:\\Users\\rayan\\Desktop\\Radarleb coding\\vendor\\laravel\\framework\\src\\Illuminate\\Routing\\Router.php(739): Illuminate\\Routing\\Router->dispatchToRoute()
#31 C:\\Users\\rayan\\Desktop\\Radarleb coding\\vendor\\laravel\\framework\\src\\Illuminate\\Foundation\\Http\\Kernel.php(200): Illuminate\\Routing\\Router->dispatch()
#32 C:\\Users\\rayan\\Desktop\\Radarleb coding\\vendor\\laravel\\framework\\src\\Illuminate\\Pipeline\\Pipeline.php(169): Illuminate\\Foundation\\Http\\Kernel->{closure:Illuminate\\Foundation\\Http\\Kernel::dispatchToRouter():197}()
#33 C:\\Users\\rayan\\Desktop\\Radarleb coding\\vendor\\livewire\\livewire\\src\\Features\\SupportDisablingBackButtonCache\\DisableBackButtonCacheMiddleware.php(19): Illuminate\\Pipeline\\Pipeline->{closure:Illuminate\\Pipeline\\Pipeline::prepareDestination():167}()
#34 C:\\Users\\rayan\\Desktop\\Radarleb coding\\vendor\\laravel\\framework\\src\\Illuminate\\Pipeline\\Pipeline.php(208): Livewire\\Features\\SupportDisablingBackButtonCache\\DisableBackButtonCacheMiddleware->handle()
#35 C:\\Users\\rayan\\Desktop\\Radarleb coding\\vendor\\laravel\\framework\\src\\Illuminate\\Foundation\\Http\\Middleware\\TransformsRequest.php(21): Illuminate\\Pipeline\\Pipeline->{closure:{closure:Illuminate\\Pipeline\\Pipeline::carry():183}:184}()
#36 C:\\Users\\rayan\\Desktop\\Radarleb coding\\vendor\\laravel\\framework\\src\\Illuminate\\Foundation\\Http\\Middleware\\ConvertEmptyStringsToNull.php(31): Illuminate\\Foundation\\Http\\Middleware\\TransformsRequest->handle()
#37 C:\\Users\\rayan\\Desktop\\Radarleb coding\\vendor\\laravel\\framework\\src\\Illuminate\\Pipeline\\Pipeline.php(208): Illuminate\\Foundation\\Http\\Middleware\\ConvertEmptyStringsToNull->handle()
#38 C:\\Users\\rayan\\Desktop\\Radarleb coding\\vendor\\laravel\\framework\\src\\Illuminate\\Foundation\\Http\\Middleware\\TransformsRequest.php(21): Illuminate\\Pipeline\\Pipeline->{closure:{closure:Illuminate\\Pipeline\\Pipeline::carry():183}:184}()
#39 C:\\Users\\rayan\\Desktop\\Radarleb coding\\vendor\\laravel\\framework\\src\\Illuminate\\Foundation\\Http\\Middleware\\TrimStrings.php(51): Illuminate\\Foundation\\Http\\Middleware\\TransformsRequest->handle()
#40 C:\\Users\\rayan\\Desktop\\Radarleb coding\\vendor\\laravel\\framework\\src\\Illuminate\\Pipeline\\Pipeline.php(208): Illuminate\\Foundation\\Http\\Middleware\\TrimStrings->handle()
#41 C:\\Users\\rayan\\Desktop\\Radarleb coding\\vendor\\laravel\\framework\\src\\Illuminate\\Http\\Middleware\\ValidatePostSize.php(27): Illuminate\\Pipeline\\Pipeline->{closure:{closure:Illuminate\\Pipeline\\Pipeline::carry():183}:184}()
#42 C:\\Users\\rayan\\Desktop\\Radarleb coding\\vendor\\laravel\\framework\\src\\Illuminate\\Pipeline\\Pipeline.php(208): Illuminate\\Http\\Middleware\\ValidatePostSize->handle()
#43 C:\\Users\\rayan\\Desktop\\Radarleb coding\\vendor\\laravel\\framework\\src\\Illuminate\\Foundation\\Http\\Middleware\\PreventRequestsDuringMaintenance.php(109): Illuminate\\Pipeline\\Pipeline->{closure:{closure:Illuminate\\Pipeline\\Pipeline::carry():183}:184}()
#44 C:\\Users\\rayan\\Desktop\\Radarleb coding\\vendor\\laravel\\framework\\src\\Illuminate\\Pipeline\\Pipeline.php(208): Illuminate\\Foundation\\Http\\Middleware\\PreventRequestsDuringMaintenance->handle()
#45 C:\\Users\\rayan\\Desktop\\Radarleb coding\\vendor\\laravel\\framework\\src\\Illuminate\\Http\\Middleware\\HandleCors.php(48): Illuminate\\Pipeline\\Pipeline->{closure:{closure:Illuminate\\Pipeline\\Pipeline::carry():183}:184}()
#46 C:\\Users\\rayan\\Desktop\\Radarleb coding\\vendor\\laravel\\framework\\src\\Illuminate\\Pipeline\\Pipeline.php(208): Illuminate\\Http\\Middleware\\HandleCors->handle()
#47 C:\\Users\\rayan\\Desktop\\Radarleb coding\\vendor\\laravel\\framework\\src\\Illuminate\\Http\\Middleware\\TrustProxies.php(58): Illuminate\\Pipeline\\Pipeline->{closure:{closure:Illuminate\\Pipeline\\Pipeline::carry():183}:184}()
#48 C:\\Users\\rayan\\Desktop\\Radarleb coding\\vendor\\laravel\\framework\\src\\Illuminate\\Pipeline\\Pipeline.php(208): Illuminate\\Http\\Middleware\\TrustProxies->handle()
#49 C:\\Users\\rayan\\Desktop\\Radarleb coding\\vendor\\laravel\\framework\\src\\Illuminate\\Foundation\\Http\\Middleware\\InvokeDeferredCallbacks.php(22): Illuminate\\Pipeline\\Pipeline->{closure:{closure:Illuminate\\Pipeline\\Pipeline::carry():183}:184}()
#50 C:\\Users\\rayan\\Desktop\\Radarleb coding\\vendor\\laravel\\framework\\src\\Illuminate\\Pipeline\\Pipeline.php(208): Illuminate\\Foundation\\Http\\Middleware\\InvokeDeferredCallbacks->handle()
#51 C:\\Users\\rayan\\Desktop\\Radarleb coding\\vendor\\laravel\\framework\\src\\Illuminate\\Http\\Middleware\\ValidatePathEncoding.php(26): Illuminate\\Pipeline\\Pipeline->{closure:{closure:Illuminate\\Pipeline\\Pipeline::carry():183}:184}()
#52 C:\\Users\\rayan\\Desktop\\Radarleb coding\\vendor\\laravel\\framework\\src\\Illuminate\\Pipeline\\Pipeline.php(208): Illuminate\\Http\\Middleware\\ValidatePathEncoding->handle()
#53 C:\\Users\\rayan\\Desktop\\Radarleb coding\\vendor\\laravel\\framework\\src\\Illuminate\\Pipeline\\Pipeline.php(126): Illuminate\\Pipeline\\Pipeline->{closure:{closure:Illuminate\\Pipeline\\Pipeline::carry():183}:184}()
#54 C:\\Users\\rayan\\Desktop\\Radarleb coding\\vendor\\laravel\\framework\\src\\Illuminate\\Foundation\\Http\\Kernel.php(175): Illuminate\\Pipeline\\Pipeline->then()
#55 C:\\Users\\rayan\\Desktop\\Radarleb coding\\vendor\\laravel\\framework\\src\\Illuminate\\Foundation\\Http\\Kernel.php(144): Illuminate\\Foundation\\Http\\Kernel->sendRequestThroughRouter()
#56 C:\\Users\\rayan\\Desktop\\Radarleb coding\\vendor\\laravel\\framework\\src\\Illuminate\\Foundation\\Application.php(1219): Illuminate\\Foundation\\Http\\Kernel->handle()
#57 C:\\Users\\rayan\\Desktop\\Radarleb coding\\public\\index.php(20): Illuminate\\Foundation\\Application->handleRequest()
#58 C:\\Users\\rayan\\Desktop\\Radarleb coding\\vendor\\laravel\\framework\\src\\Illuminate\\Foundation\\resources\\server.php(23): require_once('...')
#59 {main}

[previous exception] [object] (ReflectionException(code: -1): Class \"App\\Http\\Controllers\\Auth\\AuthenticatedSessionController\" does not exist at C:\\Users\\rayan\\Desktop\\Radarleb coding\\vendor\\laravel\\framework\\src\\Illuminate\\Container\\Container.php:1017)
[stacktrace]
#0 C:\\Users\\rayan\\Desktop\\Radarleb coding\\vendor\\laravel\\framework\\src\\Illuminate\\Container\\Container.php(1017): ReflectionClass->__construct()
#1 C:\\Users\\rayan\\Desktop\\Radarleb coding\\vendor\\laravel\\framework\\src\\Illuminate\\Container\\Container.php(890): Illuminate\\Container\\Container->build()
#2 C:\\Users\\rayan\\Desktop\\Radarleb coding\\vendor\\laravel\\framework\\src\\Illuminate\\Foundation\\Application.php(1077): Illuminate\\Container\\Container->resolve()
#3 C:\\Users\\rayan\\Desktop\\Radarleb coding\\vendor\\laravel\\framework\\src\\Illuminate\\Container\\Container.php(821): Illuminate\\Foundation\\Application->resolve()
#4 C:\\Users\\rayan\\Desktop\\Radarleb coding\\vendor\\laravel\\framework\\src\\Illuminate\\Foundation\\Application.php(1057): Illuminate\\Container\\Container->make()
#5 C:\\Users\\rayan\\Desktop\\Radarleb coding\\vendor\\laravel\\framework\\src\\Illuminate\\Routing\\Route.php(286): Illuminate\\Foundation\\Application->make()
#6 C:\\Users\\rayan\\Desktop\\Radarleb coding\\vendor\\laravel\\framework\\src\\Illuminate\\Routing\\Route.php(266): Illuminate\\Routing\\Route->getController()
#7 C:\\Users\\rayan\\Desktop\\Radarleb coding\\vendor\\laravel\\framework\\src\\Illuminate\\Routing\\Route.php(211): Illuminate\\Routing\\Route->runController()
#8 C:\\Users\\rayan\\Desktop\\Radarleb coding\\vendor\\laravel\\framework\\src\\Illuminate\\Routing\\Router.php(808): Illuminate\\Routing\\Route->run()
#9 C:\\Users\\rayan\\Desktop\\Radarleb coding\\vendor\\laravel\\framework\\src\\Illuminate\\Pipeline\\Pipeline.php(169): Illuminate\\Routing\\Router->{closure:Illuminate\\Routing\\Router::runRouteWithinStack():807}()
#10 C:\\Users\\rayan\\Desktop\\Radarleb coding\\vendor\\laravel\\framework\\src\\Illuminate\\Auth\\Middleware\\RedirectIfAuthenticated.php(35): Illuminate\\Pipeline\\Pipeline->{closure:Illuminate\\Pipeline\\Pipeline::prepareDestination():167}()
#11 C:\\Users\\rayan\\Desktop\\Radarleb coding\\vendor\\laravel\\framework\\src\\Illuminate\\Pipeline\\Pipeline.php(208): Illuminate\\Auth\\Middleware\\RedirectIfAuthenticated->handle()
#12 C:\\Users\\rayan\\Desktop\\Radarleb coding\\vendor\\inertiajs\\inertia-laravel\\src\\Middleware.php(86): Illuminate\\Pipeline\\Pipeline->{closure:{closure:Illuminate\\Pipeline\\Pipeline::carry():183}:184}()
#13 C:\\Users\\rayan\\Desktop\\Radarleb coding\\vendor\\laravel\\framework\\src\\Illuminate\\Pipeline\\Pipeline.php(208): Inertia\\Middleware->handle()
#14 C:\\Users\\rayan\\Desktop\\Radarleb coding\\vendor\\laravel\\framework\\src\\Illuminate\\Routing\\Middleware\\SubstituteBindings.php(50): Illuminate\\Pipeline\\Pipeline->{closure:{closure:Illuminate\\Pipeline\\Pipeline::carry():183}:184}()
#15 C:\\Users\\rayan\\Desktop\\Radarleb coding\\vendor\\laravel\\framework\\src\\Illuminate\\Pipeline\\Pipeline.php(208): Illuminate\\Routing\\Middleware\\SubstituteBindings->handle()
#16 C:\\Users\\rayan\\Desktop\\Radarleb coding\\vendor\\laravel\\framework\\src\\Illuminate\\Foundation\\Http\\Middleware\\VerifyCsrfToken.php(87): Illuminate\\Pipeline\\Pipeline->{closure:{closure:Illuminate\\Pipeline\\Pipeline::carry():183}:184}()
#17 C:\\Users\\rayan\\Desktop\\Radarleb coding\\vendor\\laravel\\framework\\src\\Illuminate\\Pipeline\\Pipeline.php(208): Illuminate\\Foundation\\Http\\Middleware\\VerifyCsrfToken->handle()
#18 C:\\Users\\rayan\\Desktop\\Radarleb coding\\vendor\\laravel\\framework\\src\\Illuminate\\View\\Middleware\\ShareErrorsFromSession.php(48): Illuminate\\Pipeline\\Pipeline->{closure:{closure:Illuminate\\Pipeline\\Pipeline::carry():183}:184}()
#19 C:\\Users\\rayan\\Desktop\\Radarleb coding\\vendor\\laravel\\framework\\src\\Illuminate\\Pipeline\\Pipeline.php(208): Illuminate\\View\\Middleware\\ShareErrorsFromSession->handle()
#20 C:\\Users\\rayan\\Desktop\\Radarleb coding\\vendor\\laravel\\framework\\src\\Illuminate\\Session\\Middleware\\StartSession.php(120): Illuminate\\Pipeline\\Pipeline->{closure:{closure:Illuminate\\Pipeline\\Pipeline::carry():183}:184}()
#21 C:\\Users\\rayan\\Desktop\\Radarleb coding\\vendor\\laravel\\framework\\src\\Illuminate\\Session\\Middleware\\StartSession.php(63): Illuminate\\Session\\Middleware\\StartSession->handleStatefulRequest()
#22 C:\\Users\\rayan\\Desktop\\Radarleb coding\\vendor\\laravel\\framework\\src\\Illuminate\\Pipeline\\Pipeline.php(208): Illuminate\\Session\\Middleware\\StartSession->handle()
#23 C:\\Users\\rayan\\Desktop\\Radarleb coding\\vendor\\laravel\\framework\\src\\Illuminate\\Cookie\\Middleware\\AddQueuedCookiesToResponse.php(36): Illuminate\\Pipeline\\Pipeline->{closure:{closure:Illuminate\\Pipeline\\Pipeline::carry():183}:184}()
#24 C:\\Users\\rayan\\Desktop\\Radarleb coding\\vendor\\laravel\\framework\\src\\Illuminate\\Pipeline\\Pipeline.php(208): Illuminate\\Cookie\\Middleware\\AddQueuedCookiesToResponse->handle()
#25 C:\\Users\\rayan\\Desktop\\Radarleb coding\\vendor\\laravel\\framework\\src\\Illuminate\\Cookie\\Middleware\\EncryptCookies.php(74): Illuminate\\Pipeline\\Pipeline->{closure:{closure:Illuminate\\Pipeline\\Pipeline::carry():183}:184}()
#26 C:\\Users\\rayan\\Desktop\\Radarleb coding\\vendor\\laravel\\framework\\src\\Illuminate\\Pipeline\\Pipeline.php(208): Illuminate\\Cookie\\Middleware\\EncryptCookies->handle()
#27 C:\\Users\\rayan\\Desktop\\Radarleb coding\\vendor\\laravel\\framework\\src\\Illuminate\\Pipeline\\Pipeline.php(126): Illuminate\\Pipeline\\Pipeline->{closure:{closure:Illuminate\\Pipeline\\Pipeline::carry():183}:184}()
#28 C:\\Users\\rayan\\Desktop\\Radarleb coding\\vendor\\laravel\\framework\\src\\Illuminate\\Routing\\Router.php(807): Illuminate\\Pipeline\\Pipeline->then()
#29 C:\\Users\\rayan\\Desktop\\Radarleb coding\\vendor\\laravel\\framework\\src\\Illuminate\\Routing\\Router.php(786): Illuminate\\Routing\\Router->runRouteWithinStack()
#30 C:\\Users\\rayan\\Desktop\\Radarleb coding\\vendor\\laravel\\framework\\src\\Illuminate\\Routing\\Router.php(750): Illuminate\\Routing\\Router->runRoute()
#31 C:\\Users\\rayan\\Desktop\\Radarleb coding\\vendor\\laravel\\framework\\src\\Illuminate\\Routing\\Router.php(739): Illuminate\\Routing\\Router->dispatchToRoute()
#32 C:\\Users\\rayan\\Desktop\\Radarleb coding\\vendor\\laravel\\framework\\src\\Illuminate\\Foundation\\Http\\Kernel.php(200): Illuminate\\Routing\\Router->dispatch()
#33 C:\\Users\\rayan\\Desktop\\Radarleb coding\\vendor\\laravel\\framework\\src\\Illuminate\\Pipeline\\Pipeline.php(169): Illuminate\\Foundation\\Http\\Kernel->{closure:Illuminate\\Foundation\\Http\\Kernel::dispatchToRouter():197}()
#34 C:\\Users\\rayan\\Desktop\\Radarleb coding\\vendor\\livewire\\livewire\\src\\Features\\SupportDisablingBackButtonCache\\DisableBackButtonCacheMiddleware.php(19): Illuminate\\Pipeline\\Pipeline->{closure:Illuminate\\Pipeline\\Pipeline::prepareDestination():167}()
#35 C:\\Users\\rayan\\Desktop\\Radarleb coding\\vendor\\laravel\\framework\\src\\Illuminate\\Pipeline\\Pipeline.php(208): Livewire\\Features\\SupportDisablingBackButtonCache\\DisableBackButtonCacheMiddleware->handle()
#36 C:\\Users\\rayan\\Desktop\\Radarleb coding\\vendor\\laravel\\framework\\src\\Illuminate\\Foundation\\Http\\Middleware\\TransformsRequest.php(21): Illuminate\\Pipeline\\Pipeline->{closure:{closure:Illuminate\\Pipeline\\Pipeline::carry():183}:184}()
#37 C:\\Users\\rayan\\Desktop\\Radarleb coding\\vendor\\laravel\\framework\\src\\Illuminate\\Foundation\\Http\\Middleware\\ConvertEmptyStringsToNull.php(31): Illuminate\\Foundation\\Http\\Middleware\\TransformsRequest->handle()
#38 C:\\Users\\rayan\\Desktop\\Radarleb coding\\vendor\\laravel\\framework\\src\\Illuminate\\Pipeline\\Pipeline.php(208): Illuminate\\Foundation\\Http\\Middleware\\ConvertEmptyStringsToNull->handle()
#39 C:\\Users\\rayan\\Desktop\\Radarleb coding\\vendor\\laravel\\framework\\src\\Illuminate\\Foundation\\Http\\Middleware\\TransformsRequest.php(21): Illuminate\\Pipeline\\Pipeline->{closure:{closure:Illuminate\\Pipeline\\Pipeline::carry():183}:184}()
#40 C:\\Users\\rayan\\Desktop\\Radarleb coding\\vendor\\laravel\\framework\\src\\Illuminate\\Foundation\\Http\\Middleware\\TrimStrings.php(51): Illuminate\\Foundation\\Http\\Middleware\\TransformsRequest->handle()
#41 C:\\Users\\rayan\\Desktop\\Radarleb coding\\vendor\\laravel\\framework\\src\\Illuminate\\Pipeline\\Pipeline.php(208): Illuminate\\Foundation\\Http\\Middleware\\TrimStrings->handle()
#42 C:\\Users\\rayan\\Desktop\\Radarleb coding\\vendor\\laravel\\framework\\src\\Illuminate\\Http\\Middleware\\ValidatePostSize.php(27): Illuminate\\Pipeline\\Pipeline->{closure:{closure:Illuminate\\Pipeline\\Pipeline::carry():183}:184}()
#43 C:\\Users\\rayan\\Desktop\\Radarleb coding\\vendor\\laravel\\framework\\src\\Illuminate\\Pipeline\\Pipeline.php(208): Illuminate\\Http\\Middleware\\ValidatePostSize->handle()
#44 C:\\Users\\rayan\\Desktop\\Radarleb coding\\vendor\\laravel\\framework\\src\\Illuminate\\Foundation\\Http\\Middleware\\PreventRequestsDuringMaintenance.php(109): Illuminate\\Pipeline\\Pipeline->{closure:{closure:Illuminate\\Pipeline\\Pipeline::carry():183}:184}()
#45 C:\\Users\\rayan\\Desktop\\Radarleb coding\\vendor\\laravel\\framework\\src\\Illuminate\\Pipeline\\Pipeline.php(208): Illuminate\\Foundation\\Http\\Middleware\\PreventRequestsDuringMaintenance->handle()
#46 C:\\Users\\rayan\\Desktop\\Radarleb coding\\vendor\\laravel\\framework\\src\\Illuminate\\Http\\Middleware\\HandleCors.php(48): Illuminate\\Pipeline\\Pipeline->{closure:{closure:Illuminate\\Pipeline\\Pipeline::carry():183}:184}()
#47 C:\\Users\\rayan\\Desktop\\Radarleb coding\\vendor\\laravel\\framework\\src\\Illuminate\\Pipeline\\Pipeline.php(208): Illuminate\\Http\\Middleware\\HandleCors->handle()
#48 C:\\Users\\rayan\\Desktop\\Radarleb coding\\vendor\\laravel\\framework\\src\\Illuminate\\Http\\Middleware\\TrustProxies.php(58): Illuminate\\Pipeline\\Pipeline->{closure:{closure:Illuminate\\Pipeline\\Pipeline::carry():183}:184}()
#49 C:\\Users\\rayan\\Desktop\\Radarleb coding\\vendor\\laravel\\framework\\src\\Illuminate\\Pipeline\\Pipeline.php(208): Illuminate\\Http\\Middleware\\TrustProxies->handle()
#50 C:\\Users\\rayan\\Desktop\\Radarleb coding\\vendor\\laravel\\framework\\src\\Illuminate\\Foundation\\Http\\Middleware\\InvokeDeferredCallbacks.php(22): Illuminate\\Pipeline\\Pipeline->{closure:{closure:Illuminate\\Pipeline\\Pipeline::carry():183}:184}()
#51 C:\\Users\\rayan\\Desktop\\Radarleb coding\\vendor\\laravel\\framework\\src\\Illuminate\\Pipeline\\Pipeline.php(208): Illuminate\\Foundation\\Http\\Middleware\\InvokeDeferredCallbacks->handle()
#52 C:\\Users\\rayan\\Desktop\\Radarleb coding\\vendor\\laravel\\framework\\src\\Illuminate\\Http\\Middleware\\ValidatePathEncoding.php(26): Illuminate\\Pipeline\\Pipeline->{closure:{closure:Illuminate\\Pipeline\\Pipeline::carry():183}:184}()
#53 C:\\Users\\rayan\\Desktop\\Radarleb coding\\vendor\\laravel\\framework\\src\\Illuminate\\Pipeline\\Pipeline.php(208): Illuminate\\Http\\Middleware\\ValidatePathEncoding->handle()
#54 C:\\Users\\rayan\\Desktop\\Radarleb coding\\vendor\\laravel\\framework\\src\\Illuminate\\Pipeline\\Pipeline.php(126): Illuminate\\Pipeline\\Pipeline->{closure:{closure:Illuminate\\Pipeline\\Pipeline::carry():183}:184}()
#55 C:\\Users\\rayan\\Desktop\\Radarleb coding\\vendor\\laravel\\framework\\src\\Illuminate\\Foundation\\Http\\Kernel.php(175): Illuminate\\Pipeline\\Pipeline->then()
#56 C:\\Users\\rayan\\Desktop\\Radarleb coding\\vendor\\laravel\\framework\\src\\Illuminate\\Foundation\\Http\\Kernel.php(144): Illuminate\\Foundation\\Http\\Kernel->sendRequestThroughRouter()
#57 C:\\Users\\rayan\\Desktop\\Radarleb coding\\vendor\\laravel\\framework\\src\\Illuminate\\Foundation\\Application.php(1219): Illuminate\\Foundation\\Http\\Kernel->handle()
#58 C:\\Users\\rayan\\Desktop\\Radarleb coding\\public\\index.php(20): Illuminate\\Foundation\\Application->handleRequest()
#59 C:\\Users\\rayan\\Desktop\\Radarleb coding\\vendor\\laravel\\framework\\src\\Illuminate\\Foundation\\resources\\server.php(23): require_once('...')
#60 {main}
"} 
[2025-12-25 18:18:06] local.ERROR: Class "App\Http\Controllers\Controller" not found {"exception":"[object] (Error(code: 0): Class \"App\\Http\\Controllers\\Controller\" not found at C:\\Users\\rayan\\Desktop\\Radarleb coding\\app\\Http\\Controllers\\Auth\\AuthenticatedSessionController.php:14)
[stacktrace]
#0 C:\\Users\\rayan\\Desktop\\Radarleb coding\\vendor\\composer\\ClassLoader.php(576): include()
#1 C:\\Users\\rayan\\Desktop\\Radarleb coding\\vendor\\composer\\ClassLoader.php(427): {closure:Composer\\Autoload\\ClassLoader::initializeIncludeClosure():575}()
#2 [internal function]: Composer\\Autoload\\ClassLoader->loadClass()
#3 C:\\Users\\rayan\\Desktop\\Radarleb coding\\vendor\\laravel\\framework\\src\\Illuminate\\Routing\\Route.php(1119): is_a()
#4 C:\\Users\\rayan\\Desktop\\Radarleb coding\\vendor\\laravel\\framework\\src\\Illuminate\\Routing\\Route.php(1056): Illuminate\\Routing\\Route->controllerMiddleware()
#5 C:\\Users\\rayan\\Desktop\\Radarleb coding\\vendor\\laravel\\framework\\src\\Illuminate\\Routing\\Router.php(820): Illuminate\\Routing\\Route->gatherMiddleware()
#6 C:\\Users\\rayan\\Desktop\\Radarleb coding\\vendor\\laravel\\framework\\src\\Illuminate\\Routing\\Router.php(802): Illuminate\\Routing\\Router->gatherRouteMiddleware()
#7 C:\\Users\\rayan\\Desktop\\Radarleb coding\\vendor\\laravel\\framework\\src\\Illuminate\\Routing\\Router.php(786): Illuminate\\Routing\\Router->runRouteWithinStack()
#8 C:\\Users\\rayan\\Desktop\\Radarleb coding\\vendor\\laravel\\framework\\src\\Illuminate\\Routing\\Router.php(750): Illuminate\\Routing\\Router->runRoute()
#9 C:\\Users\\rayan\\Desktop\\Radarleb coding\\vendor\\laravel\\framework\\src\\Illuminate\\Routing\\Router.php(739): Illuminate\\Routing\\Router->dispatchToRoute()
#10 C:\\Users\\rayan\\Desktop\\Radarleb coding\\vendor\\laravel\\framework\\src\\Illuminate\\Foundation\\Http\\Kernel.php(200): Illuminate\\Routing\\Router->dispatch()
#11 C:\\Users\\rayan\\Desktop\\Radarleb coding\\vendor\\laravel\\framework\\src\\Illuminate\\Pipeline\\Pipeline.php(169): Illuminate\\Foundation\\Http\\Kernel->{closure:Illuminate\\Foundation\\Http\\Kernel::dispatchToRouter():197}()
#12 C:\\Users\\rayan\\Desktop\\Radarleb coding\\vendor\\livewire\\livewire\\src\\Features\\SupportDisablingBackButtonCache\\DisableBackButtonCacheMiddleware.php(19): Illuminate\\Pipeline\\Pipeline->{closure:Illuminate\\Pipeline\\Pipeline::prepareDestination():167}()
#13 C:\\Users\\rayan\\Desktop\\Radarleb coding\\vendor\\laravel\\framework\\src\\Illuminate\\Pipeline\\Pipeline.php(208): Livewire\\Features\\SupportDisablingBackButtonCache\\DisableBackButtonCacheMiddleware->handle()
#14 C:\\Users\\rayan\\Desktop\\Radarleb coding\\vendor\\laravel\\framework\\src\\Illuminate\\Foundation\\Http\\Middleware\\TransformsRequest.php(21): Illuminate\\Pipeline\\Pipeline->{closure:{closure:Illuminate\\Pipeline\\Pipeline::carry():183}:184}()
#15 C:\\Users\\rayan\\Desktop\\Radarleb coding\\vendor\\laravel\\framework\\src\\Illuminate\\Foundation\\Http\\Middleware\\ConvertEmptyStringsToNull.php(31): Illuminate\\Foundation\\Http\\Middleware\\TransformsRequest->handle()
#16 C:\\Users\\rayan\\Desktop\\Radarleb coding\\vendor\\laravel\\framework\\src\\Illuminate\\Pipeline\\Pipeline.php(208): Illuminate\\Foundation\\Http\\Middleware\\ConvertEmptyStringsToNull->handle()
#17 C:\\Users\\rayan\\Desktop\\Radarleb coding\\vendor\\laravel\\framework\\src\\Illuminate\\Foundation\\Http\\Middleware\\TransformsRequest.php(21): Illuminate\\Pipeline\\Pipeline->{closure:{closure:Illuminate\\Pipeline\\Pipeline::carry():183}:184}()
#18 C:\\Users\\rayan\\Desktop\\Radarleb coding\\vendor\\laravel\\framework\\src\\Illuminate\\Foundation\\Http\\Middleware\\TrimStrings.php(51): Illuminate\\Foundation\\Http\\Middleware\\TransformsRequest->handle()
#19 C:\\Users\\rayan\\Desktop\\Radarleb coding\\vendor\\laravel\\framework\\src\\Illuminate\\Pipeline\\Pipeline.php(208): Illuminate\\Foundation\\Http\\Middleware\\TrimStrings->handle()
#20 C:\\Users\\rayan\\Desktop\\Radarleb coding\\vendor\\laravel\\framework\\src\\Illuminate\\Http\\Middleware\\ValidatePostSize.php(27): Illuminate\\Pipeline\\Pipeline->{closure:{closure:Illuminate\\Pipeline\\Pipeline::carry():183}:184}()
#21 C:\\Users\\rayan\\Desktop\\Radarleb coding\\vendor\\laravel\\framework\\src\\Illuminate\\Pipeline\\Pipeline.php(208): Illuminate\\Http\\Middleware\\ValidatePostSize->handle()
#22 C:\\Users\\rayan\\Desktop\\Radarleb coding\\vendor\\laravel\\framework\\src\\Illuminate\\Foundation\\Http\\Middleware\\PreventRequestsDuringMaintenance.php(109): Illuminate\\Pipeline\\Pipeline->{closure:{closure:Illuminate\\Pipeline\\Pipeline::carry():183}:184}()
#23 C:\\Users\\rayan\\Desktop\\Radarleb coding\\vendor\\laravel\\framework\\src\\Illuminate\\Pipeline\\Pipeline.php(208): Illuminate\\Foundation\\Http\\Middleware\\PreventRequestsDuringMaintenance->handle()
#24 C:\\Users\\rayan\\Desktop\\Radarleb coding\\vendor\\laravel\\framework\\src\\Illuminate\\Http\\Middleware\\HandleCors.php(48): Illuminate\\Pipeline\\Pipeline->{closure:{closure:Illuminate\\Pipeline\\Pipeline::carry():183}:184}()
#25 C:\\Users\\rayan\\Desktop\\Radarleb coding\\vendor\\laravel\\framework\\src\\Illuminate\\Pipeline\\Pipeline.php(208): Illuminate\\Http\\Middleware\\HandleCors->handle()
#26 C:\\Users\\rayan\\Desktop\\Radarleb coding\\vendor\\laravel\\framework\\src\\Illuminate\\Http\\Middleware\\TrustProxies.php(58): Illuminate\\Pipeline\\Pipeline->{closure:{closure:Illuminate\\Pipeline\\Pipeline::carry():183}:184}()
#27 C:\\Users\\rayan\\Desktop\\Radarleb coding\\vendor\\laravel\\framework\\src\\Illuminate\\Pipeline\\Pipeline.php(208): Illuminate\\Http\\Middleware\\TrustProxies->handle()
#28 C:\\Users\\rayan\\Desktop\\Radarleb coding\\vendor\\laravel\\framework\\src\\Illuminate\\Foundation\\Http\\Middleware\\InvokeDeferredCallbacks.php(22): Illuminate\\Pipeline\\Pipeline->{closure:{closure:Illuminate\\Pipeline\\Pipeline::carry():183}:184}()
#29 C:\\Users\\rayan\\Desktop\\Radarleb coding\\vendor\\laravel\\framework\\src\\Illuminate\\Pipeline\\Pipeline.php(208): Illuminate\\Foundation\\Http\\Middleware\\InvokeDeferredCallbacks->handle()
#30 C:\\Users\\rayan\\Desktop\\Radarleb coding\\vendor\\laravel\\framework\\src\\Illuminate\\Http\\Middleware\\ValidatePathEncoding.php(26): Illuminate\\Pipeline\\Pipeline->{closure:{closure:Illuminate\\Pipeline\\Pipeline::carry():183}:184}()
#31 C:\\Users\\rayan\\Desktop\\Radarleb coding\\vendor\\laravel\\framework\\src\\Illuminate\\Pipeline\\Pipeline.php(208): Illuminate\\Http\\Middleware\\ValidatePathEncoding->handle()
#32 C:\\Users\\rayan\\Desktop\\Radarleb coding\\vendor\\laravel\\framework\\src\\Illuminate\\Pipeline\\Pipeline.php(126): Illuminate\\Pipeline\\Pipeline->{closure:{closure:Illuminate\\Pipeline\\Pipeline::carry():183}:184}()
#33 C:\\Users\\rayan\\Desktop\\Radarleb coding\\vendor\\laravel\\framework\\src\\Illuminate\\Foundation\\Http\\Kernel.php(175): Illuminate\\Pipeline\\Pipeline->then()
#34 C:\\Users\\rayan\\Desktop\\Radarleb coding\\vendor\\laravel\\framework\\src\\Illuminate\\Foundation\\Http\\Kernel.php(144): Illuminate\\Foundation\\Http\\Kernel->sendRequestThroughRouter()
#35 C:\\Users\\rayan\\Desktop\\Radarleb coding\\vendor\\laravel\\framework\\src\\Illuminate\\Foundation\\Application.php(1219): Illuminate\\Foundation\\Http\\Kernel->handle()
#36 C:\\Users\\rayan\\Desktop\\Radarleb coding\\public\\index.php(20): Illuminate\\Foundation\\Application->handleRequest()
#37 C:\\Users\\rayan\\Desktop\\Radarleb coding\\vendor\\laravel\\framework\\src\\Illuminate\\Foundation\\resources\\server.php(23): require_once('...')
#38 {main}
"} 
[2025-12-25 18:19:28] local.ERROR: View [app] not found. {"exception":"[object] (InvalidArgumentException(code: 0): View [app] not found. at C:\\Users\\rayan\\Desktop\\Radarleb coding\\vendor\\laravel\\framework\\src\\Illuminate\\View\\FileViewFinder.php:138)
[stacktrace]
#0 C:\\Users\\rayan\\Desktop\\Radarleb coding\\vendor\\laravel\\framework\\src\\Illuminate\\View\\FileViewFinder.php(78): Illuminate\\View\\FileViewFinder->findInPaths()
#1 C:\\Users\\rayan\\Desktop\\Radarleb coding\\vendor\\laravel\\framework\\src\\Illuminate\\View\\Factory.php(150): Illuminate\\View\\FileViewFinder->find()
#2 C:\\Users\\rayan\\Desktop\\Radarleb coding\\vendor\\laravel\\framework\\src\\Illuminate\\Routing\\ResponseFactory.php(90): Illuminate\\View\\Factory->make()
#3 C:\\Users\\rayan\\Desktop\\Radarleb coding\\vendor\\laravel\\framework\\src\\Illuminate\\Support\\Facades\\Facade.php(361): Illuminate\\Routing\\ResponseFactory->view()
#4 C:\\Users\\rayan\\Desktop\\Radarleb coding\\vendor\\inertiajs\\inertia-laravel\\src\\Response.php(126): Illuminate\\Support\\Facades\\Facade::__callStatic()
#5 C:\\Users\\rayan\\Desktop\\Radarleb coding\\vendor\\laravel\\framework\\src\\Illuminate\\Routing\\Router.php(906): Inertia\\Response->toResponse()
#6 C:\\Users\\rayan\\Desktop\\Radarleb coding\\vendor\\laravel\\framework\\src\\Illuminate\\Routing\\Router.php(891): Illuminate\\Routing\\Router::toResponse()
#7 C:\\Users\\rayan\\Desktop\\Radarleb coding\\vendor\\laravel\\framework\\src\\Illuminate\\Routing\\Router.php(807): Illuminate\\Routing\\Router->prepareResponse()
#8 C:\\Users\\rayan\\Desktop\\Radarleb coding\\vendor\\laravel\\framework\\src\\Illuminate\\Pipeline\\Pipeline.php(169): Illuminate\\Routing\\Router->{closure:Illuminate\\Routing\\Router::runRouteWithinStack():807}()
#9 C:\\Users\\rayan\\Desktop\\Radarleb coding\\vendor\\laravel\\framework\\src\\Illuminate\\Auth\\Middleware\\RedirectIfAuthenticated.php(35): Illuminate\\Pipeline\\Pipeline->{closure:Illuminate\\Pipeline\\Pipeline::prepareDestination():167}()
#10 C:\\Users\\rayan\\Desktop\\Radarleb coding\\vendor\\laravel\\framework\\src\\Illuminate\\Pipeline\\Pipeline.php(208): Illuminate\\Auth\\Middleware\\RedirectIfAuthenticated->handle()
#11 C:\\Users\\rayan\\Desktop\\Radarleb coding\\vendor\\inertiajs\\inertia-laravel\\src\\Middleware.php(86): Illuminate\\Pipeline\\Pipeline->{closure:{closure:Illuminate\\Pipeline\\Pipeline::carry():183}:184}()
#12 C:\\Users\\rayan\\Desktop\\Radarleb coding\\vendor\\laravel\\framework\\src\\Illuminate\\Pipeline\\Pipeline.php(208): Inertia\\Middleware->handle()
#13 C:\\Users\\rayan\\Desktop\\Radarleb coding\\vendor\\laravel\\framework\\src\\Illuminate\\Routing\\Middleware\\SubstituteBindings.php(50): Illuminate\\Pipeline\\Pipeline->{closure:{closure:Illuminate\\Pipeline\\Pipeline::carry():183}:184}()
#14 C:\\Users\\rayan\\Desktop\\Radarleb coding\\vendor\\laravel\\framework\\src\\Illuminate\\Pipeline\\Pipeline.php(208): Illuminate\\Routing\\Middleware\\SubstituteBindings->handle()
#15 C:\\Users\\rayan\\Desktop\\Radarleb coding\\vendor\\laravel\\framework\\src\\Illuminate\\Foundation\\Http\\Middleware\\VerifyCsrfToken.php(87): Illuminate\\Pipeline\\Pipeline->{closure:{closure:Illuminate\\Pipeline\\Pipeline::carry():183}:184}()
#16 C:\\Users\\rayan\\Desktop\\Radarleb coding\\vendor\\laravel\\framework\\src\\Illuminate\\Pipeline\\Pipeline.php(208): Illuminate\\Foundation\\Http\\Middleware\\VerifyCsrfToken->handle()
#17 C:\\Users\\rayan\\Desktop\\Radarleb coding\\vendor\\laravel\\framework\\src\\Illuminate\\View\\Middleware\\ShareErrorsFromSession.php(48): Illuminate\\Pipeline\\Pipeline->{closure:{closure:Illuminate\\Pipeline\\Pipeline::carry():183}:184}()
#18 C:\\Users\\rayan\\Desktop\\Radarleb coding\\vendor\\laravel\\framework\\src\\Illuminate\\Pipeline\\Pipeline.php(208): Illuminate\\View\\Middleware\\ShareErrorsFromSession->handle()
#19 C:\\Users\\rayan\\Desktop\\Radarleb coding\\vendor\\laravel\\framework\\src\\Illuminate\\Session\\Middleware\\StartSession.php(120): Illuminate\\Pipeline\\Pipeline->{closure:{closure:Illuminate\\Pipeline\\Pipeline::carry():183}:184}()
#20 C:\\Users\\rayan\\Desktop\\Radarleb coding\\vendor\\laravel\\framework\\src\\Illuminate\\Session\\Middleware\\StartSession.php(63): Illuminate\\Session\\Middleware\\StartSession->handleStatefulRequest()
#21 C:\\Users\\rayan\\Desktop\\Radarleb coding\\vendor\\laravel\\framework\\src\\Illuminate\\Pipeline\\Pipeline.php(208): Illuminate\\Session\\Middleware\\StartSession->handle()
#22 C:\\Users\\rayan\\Desktop\\Radarleb coding\\vendor\\laravel\\framework\\src\\Illuminate\\Cookie\\Middleware\\AddQueuedCookiesToResponse.php(36): Illuminate\\Pipeline\\Pipeline->{closure:{closure:Illuminate\\Pipeline\\Pipeline::carry():183}:184}()
#23 C:\\Users\\rayan\\Desktop\\Radarleb coding\\vendor\\laravel\\framework\\src\\Illuminate\\Pipeline\\Pipeline.php(208): Illuminate\\Cookie\\Middleware\\AddQueuedCookiesToResponse->handle()
#24 C:\\Users\\rayan\\Desktop\\Radarleb coding\\vendor\\laravel\\framework\\src\\Illuminate\\Cookie\\Middleware\\EncryptCookies.php(74): Illuminate\\Pipeline\\Pipeline->{closure:{closure:Illuminate\\Pipeline\\Pipeline::carry():183}:184}()
#25 C:\\Users\\rayan\\Desktop\\Radarleb coding\\vendor\\laravel\\framework\\src\\Illuminate\\Pipeline\\Pipeline.php(208): Illuminate\\Cookie\\Middleware\\EncryptCookies->handle()
#26 C:\\Users\\rayan\\Desktop\\Radarleb coding\\vendor\\laravel\\framework\\src\\Illuminate\\Pipeline\\Pipeline.php(126): Illuminate\\Pipeline\\Pipeline->{closure:{closure:Illuminate\\Pipeline\\Pipeline::carry():183}:184}()
#27 C:\\Users\\rayan\\Desktop\\Radarleb coding\\vendor\\laravel\\framework\\src\\Illuminate\\Routing\\Router.php(807): Illuminate\\Pipeline\\Pipeline->then()
#28 C:\\Users\\rayan\\Desktop\\Radarleb coding\\vendor\\laravel\\framework\\src\\Illuminate\\Routing\\Router.php(786): Illuminate\\Routing\\Router->runRouteWithinStack()
#29 C:\\Users\\rayan\\Desktop\\Radarleb coding\\vendor\\laravel\\framework\\src\\Illuminate\\Routing\\Router.php(750): Illuminate\\Routing\\Router->runRoute()
#30 C:\\Users\\rayan\\Desktop\\Radarleb coding\\vendor\\laravel\\framework\\src\\Illuminate\\Routing\\Router.php(739): Illuminate\\Routing\\Router->dispatchToRoute()
#31 C:\\Users\\rayan\\Desktop\\Radarleb coding\\vendor\\laravel\\framework\\src\\Illuminate\\Foundation\\Http\\Kernel.php(200): Illuminate\\Routing\\Router->dispatch()
#32 C:\\Users\\rayan\\Desktop\\Radarleb coding\\vendor\\laravel\\framework\\src\\Illuminate\\Pipeline\\Pipeline.php(169): Illuminate\\Foundation\\Http\\Kernel->{closure:Illuminate\\Foundation\\Http\\Kernel::dispatchToRouter():197}()
#33 C:\\Users\\rayan\\Desktop\\Radarleb coding\\vendor\\livewire\\livewire\\src\\Features\\SupportDisablingBackButtonCache\\DisableBackButtonCacheMiddleware.php(19): Illuminate\\Pipeline\\Pipeline->{closure:Illuminate\\Pipeline\\Pipeline::prepareDestination():167}()
#34 C:\\Users\\rayan\\Desktop\\Radarleb coding\\vendor\\laravel\\framework\\src\\Illuminate\\Pipeline\\Pipeline.php(208): Livewire\\Features\\SupportDisablingBackButtonCache\\DisableBackButtonCacheMiddleware->handle()
#35 C:\\Users\\rayan\\Desktop\\Radarleb coding\\vendor\\laravel\\framework\\src\\Illuminate\\Foundation\\Http\\Middleware\\TransformsRequest.php(21): Illuminate\\Pipeline\\Pipeline->{closure:{closure:Illuminate\\Pipeline\\Pipeline::carry():183}:184}()
#36 C:\\Users\\rayan\\Desktop\\Radarleb coding\\vendor\\laravel\\framework\\src\\Illuminate\\Foundation\\Http\\Middleware\\ConvertEmptyStringsToNull.php(31): Illuminate\\Foundation\\Http\\Middleware\\TransformsRequest->handle()
#37 C:\\Users\\rayan\\Desktop\\Radarleb coding\\vendor\\laravel\\framework\\src\\Illuminate\\Pipeline\\Pipeline.php(208): Illuminate\\Foundation\\Http\\Middleware\\ConvertEmptyStringsToNull->handle()
#38 C:\\Users\\rayan\\Desktop\\Radarleb coding\\vendor\\laravel\\framework\\src\\Illuminate\\Foundation\\Http\\Middleware\\TransformsRequest.php(21): Illuminate\\Pipeline\\Pipeline->{closure:{closure:Illuminate\\Pipeline\\Pipeline::carry():183}:184}()
#39 C:\\Users\\rayan\\Desktop\\Radarleb coding\\vendor\\laravel\\framework\\src\\Illuminate\\Foundation\\Http\\Middleware\\TrimStrings.php(51): Illuminate\\Foundation\\Http\\Middleware\\TransformsRequest->handle()
#40 C:\\Users\\rayan\\Desktop\\Radarleb coding\\vendor\\laravel\\framework\\src\\Illuminate\\Pipeline\\Pipeline.php(208): Illuminate\\Foundation\\Http\\Middleware\\TrimStrings->handle()
#41 C:\\Users\\rayan\\Desktop\\Radarleb coding\\vendor\\laravel\\framework\\src\\Illuminate\\Http\\Middleware\\ValidatePostSize.php(27): Illuminate\\Pipeline\\Pipeline->{closure:{closure:Illuminate\\Pipeline\\Pipeline::carry():183}:184}()
#42 C:\\Users\\rayan\\Desktop\\Radarleb coding\\vendor\\laravel\\framework\\src\\Illuminate\\Pipeline\\Pipeline.php(208): Illuminate\\Http\\Middleware\\ValidatePostSize->handle()
#43 C:\\Users\\rayan\\Desktop\\Radarleb coding\\vendor\\laravel\\framework\\src\\Illuminate\\Foundation\\Http\\Middleware\\PreventRequestsDuringMaintenance.php(109): Illuminate\\Pipeline\\Pipeline->{closure:{closure:Illuminate\\Pipeline\\Pipeline::carry():183}:184}()
#44 C:\\Users\\rayan\\Desktop\\Radarleb coding\\vendor\\laravel\\framework\\src\\Illuminate\\Pipeline\\Pipeline.php(208): Illuminate\\Foundation\\Http\\Middleware\\PreventRequestsDuringMaintenance->handle()
#45 C:\\Users\\rayan\\Desktop\\Radarleb coding\\vendor\\laravel\\framework\\src\\Illuminate\\Http\\Middleware\\HandleCors.php(48): Illuminate\\Pipeline\\Pipeline->{closure:{closure:Illuminate\\Pipeline\\Pipeline::carry():183}:184}()
#46 C:\\Users\\rayan\\Desktop\\Radarleb coding\\vendor\\laravel\\framework\\src\\Illuminate\\Pipeline\\Pipeline.php(208): Illuminate\\Http\\Middleware\\HandleCors->handle()
#47 C:\\Users\\rayan\\Desktop\\Radarleb coding\\vendor\\laravel\\framework\\src\\Illuminate\\Http\\Middleware\\TrustProxies.php(58): Illuminate\\Pipeline\\Pipeline->{closure:{closure:Illuminate\\Pipeline\\Pipeline::carry():183}:184}()
#48 C:\\Users\\rayan\\Desktop\\Radarleb coding\\vendor\\laravel\\framework\\src\\Illuminate\\Pipeline\\Pipeline.php(208): Illuminate\\Http\\Middleware\\TrustProxies->handle()
#49 C:\\Users\\rayan\\Desktop\\Radarleb coding\\vendor\\laravel\\framework\\src\\Illuminate\\Foundation\\Http\\Middleware\\InvokeDeferredCallbacks.php(22): Illuminate\\Pipeline\\Pipeline->{closure:{closure:Illuminate\\Pipeline\\Pipeline::carry():183}:184}()
#50 C:\\Users\\rayan\\Desktop\\Radarleb coding\\vendor\\laravel\\framework\\src\\Illuminate\\Pipeline\\Pipeline.php(208): Illuminate\\Foundation\\Http\\Middleware\\InvokeDeferredCallbacks->handle()
#51 C:\\Users\\rayan\\Desktop\\Radarleb coding\\vendor\\laravel\\framework\\src\\Illuminate\\Http\\Middleware\\ValidatePathEncoding.php(26): Illuminate\\Pipeline\\Pipeline->{closure:{closure:Illuminate\\Pipeline\\Pipeline::carry():183}:184}()
#52 C:\\Users\\rayan\\Desktop\\Radarleb coding\\vendor\\laravel\\framework\\src\\Illuminate\\Pipeline\\Pipeline.php(208): Illuminate\\Http\\Middleware\\ValidatePathEncoding->handle()
#53 C:\\Users\\rayan\\Desktop\\Radarleb coding\\vendor\\laravel\\framework\\src\\Illuminate\\Pipeline\\Pipeline.php(126): Illuminate\\Pipeline\\Pipeline->{closure:{closure:Illuminate\\Pipeline\\Pipeline::carry():183}:184}()
#54 C:\\Users\\rayan\\Desktop\\Radarleb coding\\vendor\\laravel\\framework\\src\\Illuminate\\Foundation\\Http\\Kernel.php(175): Illuminate\\Pipeline\\Pipeline->then()
#55 C:\\Users\\rayan\\Desktop\\Radarleb coding\\vendor\\laravel\\framework\\src\\Illuminate\\Foundation\\Http\\Kernel.php(144): Illuminate\\Foundation\\Http\\Kernel->sendRequestThroughRouter()
#56 C:\\Users\\rayan\\Desktop\\Radarleb coding\\vendor\\laravel\\framework\\src\\Illuminate\\Foundation\\Application.php(1219): Illuminate\\Foundation\\Http\\Kernel->handle()
#57 C:\\Users\\rayan\\Desktop\\Radarleb coding\\public\\index.php(20): Illuminate\\Foundation\\Application->handleRequest()
#58 C:\\Users\\rayan\\Desktop\\Radarleb coding\\vendor\\laravel\\framework\\src\\Illuminate\\Foundation\\resources\\server.php(23): require_once('...')
#59 {main}
"} 
[2025-12-25 18:25:46] local.ERROR: The [pcntl] extension is required to run Pail. {"exception":"[object] (RuntimeException(code: 0): The [pcntl] extension is required to run Pail. at C:\\Users\\rayan\\Desktop\\Radarleb coding\\vendor\\laravel\\pail\\src\\Guards\\EnsurePcntlIsAvailable.php:15)
[stacktrace]
#0 C:\\Users\\rayan\\Desktop\\Radarleb coding\\vendor\\laravel\\pail\\src\\Console\\Commands\\PailCommand.php(46): Laravel\\Pail\\Guards\\EnsurePcntlIsAvailable::check()
#1 C:\\Users\\rayan\\Desktop\\Radarleb coding\\vendor\\laravel\\framework\\src\\Illuminate\\Container\\BoundMethod.php(36): Laravel\\Pail\\Console\\Commands\\PailCommand->handle()
#2 C:\\Users\\rayan\\Desktop\\Radarleb coding\\vendor\\laravel\\framework\\src\\Illuminate\\Container\\Util.php(43): Illuminate\\Container\\BoundMethod::{closure:Illuminate\\Container\\BoundMethod::call():35}()
#3 C:\\Users\\rayan\\Desktop\\Radarleb coding\\vendor\\laravel\\framework\\src\\Illuminate\\Container\\BoundMethod.php(96): Illuminate\\Container\\Util::unwrapIfClosure()
#4 C:\\Users\\rayan\\Desktop\\Radarleb coding\\vendor\\laravel\\framework\\src\\Illuminate\\Container\\BoundMethod.php(35): Illuminate\\Container\\BoundMethod::callBoundMethod()
#5 C:\\Users\\rayan\\Desktop\\Radarleb coding\\vendor\\laravel\\framework\\src\\Illuminate\\Container\\Container.php(754): Illuminate\\Container\\BoundMethod::call()
#6 C:\\Users\\rayan\\Desktop\\Radarleb coding\\vendor\\laravel\\framework\\src\\Illuminate\\Console\\Command.php(211): Illuminate\\Container\\Container->call()
#7 C:\\Users\\rayan\\Desktop\\Radarleb coding\\vendor\\symfony\\console\\Command\\Command.php(279): Illuminate\\Console\\Command->execute()
#8 C:\\Users\\rayan\\Desktop\\Radarleb coding\\vendor\\laravel\\framework\\src\\Illuminate\\Console\\Command.php(180): Symfony\\Component\\Console\\Command\\Command->run()
#9 C:\\Users\\rayan\\Desktop\\Radarleb coding\\vendor\\symfony\\console\\Application.php(1094): Illuminate\\Console\\Command->run()
#10 C:\\Users\\rayan\\Desktop\\Radarleb coding\\vendor\\symfony\\console\\Application.php(342): Symfony\\Component\\Console\\Application->doRunCommand()
#11 C:\\Users\\rayan\\Desktop\\Radarleb coding\\vendor\\symfony\\console\\Application.php(193): Symfony\\Component\\Console\\Application->doRun()
#12 C:\\Users\\rayan\\Desktop\\Radarleb coding\\vendor\\laravel\\framework\\src\\Illuminate\\Foundation\\Console\\Kernel.php(197): Symfony\\Component\\Console\\Application->run()
#13 C:\\Users\\rayan\\Desktop\\Radarleb coding\\vendor\\laravel\\framework\\src\\Illuminate\\Foundation\\Application.php(1234): Illuminate\\Foundation\\Console\\Kernel->handle()
#14 C:\\Users\\rayan\\Desktop\\Radarleb coding\\artisan(16): Illuminate\\Foundation\\Application->handleCommand()
#15 {main}
"} 
[2025-12-25 18:29:04] local.ERROR: The [pcntl] extension is required to run Pail. {"exception":"[object] (RuntimeException(code: 0): The [pcntl] extension is required to run Pail. at C:\\Users\\rayan\\Desktop\\Radarleb coding\\vendor\\laravel\\pail\\src\\Guards\\EnsurePcntlIsAvailable.php:15)
[stacktrace]
#0 C:\\Users\\rayan\\Desktop\\Radarleb coding\\vendor\\laravel\\pail\\src\\Console\\Commands\\PailCommand.php(46): Laravel\\Pail\\Guards\\EnsurePcntlIsAvailable::check()
#1 C:\\Users\\rayan\\Desktop\\Radarleb coding\\vendor\\laravel\\framework\\src\\Illuminate\\Container\\BoundMethod.php(36): Laravel\\Pail\\Console\\Commands\\PailCommand->handle()
#2 C:\\Users\\rayan\\Desktop\\Radarleb coding\\vendor\\laravel\\framework\\src\\Illuminate\\Container\\Util.php(43): Illuminate\\Container\\BoundMethod::{closure:Illuminate\\Container\\BoundMethod::call():35}()
#3 C:\\Users\\rayan\\Desktop\\Radarleb coding\\vendor\\laravel\\framework\\src\\Illuminate\\Container\\BoundMethod.php(96): Illuminate\\Container\\Util::unwrapIfClosure()
#4 C:\\Users\\rayan\\Desktop\\Radarleb coding\\vendor\\laravel\\framework\\src\\Illuminate\\Container\\BoundMethod.php(35): Illuminate\\Container\\BoundMethod::callBoundMethod()
#5 C:\\Users\\rayan\\Desktop\\Radarleb coding\\vendor\\laravel\\framework\\src\\Illuminate\\Container\\Container.php(754): Illuminate\\Container\\BoundMethod::call()
#6 C:\\Users\\rayan\\Desktop\\Radarleb coding\\vendor\\laravel\\framework\\src\\Illuminate\\Console\\Command.php(211): Illuminate\\Container\\Container->call()
#7 C:\\Users\\rayan\\Desktop\\Radarleb coding\\vendor\\symfony\\console\\Command\\Command.php(279): Illuminate\\Console\\Command->execute()
#8 C:\\Users\\rayan\\Desktop\\Radarleb coding\\vendor\\laravel\\framework\\src\\Illuminate\\Console\\Command.php(180): Symfony\\Component\\Console\\Command\\Command->run()
#9 C:\\Users\\rayan\\Desktop\\Radarleb coding\\vendor\\symfony\\console\\Application.php(1094): Illuminate\\Console\\Command->run()
#10 C:\\Users\\rayan\\Desktop\\Radarleb coding\\vendor\\symfony\\console\\Application.php(342): Symfony\\Component\\Console\\Application->doRunCommand()
#11 C:\\Users\\rayan\\Desktop\\Radarleb coding\\vendor\\symfony\\console\\Application.php(193): Symfony\\Component\\Console\\Application->doRun()
#12 C:\\Users\\rayan\\Desktop\\Radarleb coding\\vendor\\laravel\\framework\\src\\Illuminate\\Foundation\\Console\\Kernel.php(197): Symfony\\Component\\Console\\Application->run()
#13 C:\\Users\\rayan\\Desktop\\Radarleb coding\\vendor\\laravel\\framework\\src\\Illuminate\\Foundation\\Application.php(1234): Illuminate\\Foundation\\Console\\Kernel->handle()
#14 C:\\Users\\rayan\\Desktop\\Radarleb coding\\artisan(16): Illuminate\\Foundation\\Application->handleCommand()
#15 {main}
"} 
[2025-12-25 18:30:16] local.ERROR: The [pcntl] extension is required to run Pail. {"exception":"[object] (RuntimeException(code: 0): The [pcntl] extension is required to run Pail. at C:\\Users\\rayan\\Desktop\\Radarleb coding\\vendor\\laravel\\pail\\src\\Guards\\EnsurePcntlIsAvailable.php:15)
[stacktrace]
#0 C:\\Users\\rayan\\Desktop\\Radarleb coding\\vendor\\laravel\\pail\\src\\Console\\Commands\\PailCommand.php(46): Laravel\\Pail\\Guards\\EnsurePcntlIsAvailable::check()
#1 C:\\Users\\rayan\\Desktop\\Radarleb coding\\vendor\\laravel\\framework\\src\\Illuminate\\Container\\BoundMethod.php(36): Laravel\\Pail\\Console\\Commands\\PailCommand->handle()
#2 C:\\Users\\rayan\\Desktop\\Radarleb coding\\vendor\\laravel\\framework\\src\\Illuminate\\Container\\Util.php(43): Illuminate\\Container\\BoundMethod::{closure:Illuminate\\Container\\BoundMethod::call():35}()
#3 C:\\Users\\rayan\\Desktop\\Radarleb coding\\vendor\\laravel\\framework\\src\\Illuminate\\Container\\BoundMethod.php(96): Illuminate\\Container\\Util::unwrapIfClosure()
#4 C:\\Users\\rayan\\Desktop\\Radarleb coding\\vendor\\laravel\\framework\\src\\Illuminate\\Container\\BoundMethod.php(35): Illuminate\\Container\\BoundMethod::callBoundMethod()
#5 C:\\Users\\rayan\\Desktop\\Radarleb coding\\vendor\\laravel\\framework\\src\\Illuminate\\Container\\Container.php(754): Illuminate\\Container\\BoundMethod::call()
#6 C:\\Users\\rayan\\Desktop\\Radarleb coding\\vendor\\laravel\\framework\\src\\Illuminate\\Console\\Command.php(211): Illuminate\\Container\\Container->call()
#7 C:\\Users\\rayan\\Desktop\\Radarleb coding\\vendor\\symfony\\console\\Command\\Command.php(279): Illuminate\\Console\\Command->execute()
#8 C:\\Users\\rayan\\Desktop\\Radarleb coding\\vendor\\laravel\\framework\\src\\Illuminate\\Console\\Command.php(180): Symfony\\Component\\Console\\Command\\Command->run()
#9 C:\\Users\\rayan\\Desktop\\Radarleb coding\\vendor\\symfony\\console\\Application.php(1094): Illuminate\\Console\\Command->run()
#10 C:\\Users\\rayan\\Desktop\\Radarleb coding\\vendor\\symfony\\console\\Application.php(342): Symfony\\Component\\Console\\Application->doRunCommand()
#11 C:\\Users\\rayan\\Desktop\\Radarleb coding\\vendor\\symfony\\console\\Application.php(193): Symfony\\Component\\Console\\Application->doRun()
#12 C:\\Users\\rayan\\Desktop\\Radarleb coding\\vendor\\laravel\\framework\\src\\Illuminate\\Foundation\\Console\\Kernel.php(197): Symfony\\Component\\Console\\Application->run()
#13 C:\\Users\\rayan\\Desktop\\Radarleb coding\\vendor\\laravel\\framework\\src\\Illuminate\\Foundation\\Application.php(1234): Illuminate\\Foundation\\Console\\Kernel->handle()
#14 C:\\Users\\rayan\\Desktop\\Radarleb coding\\artisan(16): Illuminate\\Foundation\\Application->handleCommand()
#15 {main}
"} 
[2025-12-25 18:34:52] local.ERROR: The [pcntl] extension is required to run Pail. {"exception":"[object] (RuntimeException(code: 0): The [pcntl] extension is required to run Pail. at C:\\Users\\rayan\\Desktop\\Radarleb coding\\vendor\\laravel\\pail\\src\\Guards\\EnsurePcntlIsAvailable.php:15)
[stacktrace]
#0 C:\\Users\\rayan\\Desktop\\Radarleb coding\\vendor\\laravel\\pail\\src\\Console\\Commands\\PailCommand.php(46): Laravel\\Pail\\Guards\\EnsurePcntlIsAvailable::check()
#1 C:\\Users\\rayan\\Desktop\\Radarleb coding\\vendor\\laravel\\framework\\src\\Illuminate\\Container\\BoundMethod.php(36): Laravel\\Pail\\Console\\Commands\\PailCommand->handle()
#2 C:\\Users\\rayan\\Desktop\\Radarleb coding\\vendor\\laravel\\framework\\src\\Illuminate\\Container\\Util.php(43): Illuminate\\Container\\BoundMethod::{closure:Illuminate\\Container\\BoundMethod::call():35}()
#3 C:\\Users\\rayan\\Desktop\\Radarleb coding\\vendor\\laravel\\framework\\src\\Illuminate\\Container\\BoundMethod.php(96): Illuminate\\Container\\Util::unwrapIfClosure()
#4 C:\\Users\\rayan\\Desktop\\Radarleb coding\\vendor\\laravel\\framework\\src\\Illuminate\\Container\\BoundMethod.php(35): Illuminate\\Container\\BoundMethod::callBoundMethod()
#5 C:\\Users\\rayan\\Desktop\\Radarleb coding\\vendor\\laravel\\framework\\src\\Illuminate\\Container\\Container.php(754): Illuminate\\Container\\BoundMethod::call()
#6 C:\\Users\\rayan\\Desktop\\Radarleb coding\\vendor\\laravel\\framework\\src\\Illuminate\\Console\\Command.php(211): Illuminate\\Container\\Container->call()
#7 C:\\Users\\rayan\\Desktop\\Radarleb coding\\vendor\\symfony\\console\\Command\\Command.php(279): Illuminate\\Console\\Command->execute()
#8 C:\\Users\\rayan\\Desktop\\Radarleb coding\\vendor\\laravel\\framework\\src\\Illuminate\\Console\\Command.php(180): Symfony\\Component\\Console\\Command\\Command->run()
#9 C:\\Users\\rayan\\Desktop\\Radarleb coding\\vendor\\symfony\\console\\Application.php(1094): Illuminate\\Console\\Command->run()
#10 C:\\Users\\rayan\\Desktop\\Radarleb coding\\vendor\\symfony\\console\\Application.php(342): Symfony\\Component\\Console\\Application->doRunCommand()
#11 C:\\Users\\rayan\\Desktop\\Radarleb coding\\vendor\\symfony\\console\\Application.php(193): Symfony\\Component\\Console\\Application->doRun()
#12 C:\\Users\\rayan\\Desktop\\Radarleb coding\\vendor\\laravel\\framework\\src\\Illuminate\\Foundation\\Console\\Kernel.php(197): Symfony\\Component\\Console\\Application->run()
#13 C:\\Users\\rayan\\Desktop\\Radarleb coding\\vendor\\laravel\\framework\\src\\Illuminate\\Foundation\\Application.php(1234): Illuminate\\Foundation\\Console\\Kernel->handle()
#14 C:\\Users\\rayan\\Desktop\\Radarleb coding\\artisan(16): Illuminate\\Foundation\\Application->handleCommand()
#15 {main}
"} 
[2025-12-25 18:35:34] local.ERROR: The [pcntl] extension is required to run Pail. {"exception":"[object] (RuntimeException(code: 0): The [pcntl] extension is required to run Pail. at C:\\Users\\rayan\\Desktop\\Radarleb coding\\vendor\\laravel\\pail\\src\\Guards\\EnsurePcntlIsAvailable.php:15)
[stacktrace]
#0 C:\\Users\\rayan\\Desktop\\Radarleb coding\\vendor\\laravel\\pail\\src\\Console\\Commands\\PailCommand.php(46): Laravel\\Pail\\Guards\\EnsurePcntlIsAvailable::check()
#1 C:\\Users\\rayan\\Desktop\\Radarleb coding\\vendor\\laravel\\framework\\src\\Illuminate\\Container\\BoundMethod.php(36): Laravel\\Pail\\Console\\Commands\\PailCommand->handle()
#2 C:\\Users\\rayan\\Desktop\\Radarleb coding\\vendor\\laravel\\framework\\src\\Illuminate\\Container\\Util.php(43): Illuminate\\Container\\BoundMethod::{closure:Illuminate\\Container\\BoundMethod::call():35}()
#3 C:\\Users\\rayan\\Desktop\\Radarleb coding\\vendor\\laravel\\framework\\src\\Illuminate\\Container\\BoundMethod.php(96): Illuminate\\Container\\Util::unwrapIfClosure()
#4 C:\\Users\\rayan\\Desktop\\Radarleb coding\\vendor\\laravel\\framework\\src\\Illuminate\\Container\\BoundMethod.php(35): Illuminate\\Container\\BoundMethod::callBoundMethod()
#5 C:\\Users\\rayan\\Desktop\\Radarleb coding\\vendor\\laravel\\framework\\src\\Illuminate\\Container\\Container.php(754): Illuminate\\Container\\BoundMethod::call()
#6 C:\\Users\\rayan\\Desktop\\Radarleb coding\\vendor\\laravel\\framework\\src\\Illuminate\\Console\\Command.php(211): Illuminate\\Container\\Container->call()
#7 C:\\Users\\rayan\\Desktop\\Radarleb coding\\vendor\\symfony\\console\\Command\\Command.php(279): Illuminate\\Console\\Command->execute()
#8 C:\\Users\\rayan\\Desktop\\Radarleb coding\\vendor\\laravel\\framework\\src\\Illuminate\\Console\\Command.php(180): Symfony\\Component\\Console\\Command\\Command->run()
#9 C:\\Users\\rayan\\Desktop\\Radarleb coding\\vendor\\symfony\\console\\Application.php(1094): Illuminate\\Console\\Command->run()
#10 C:\\Users\\rayan\\Desktop\\Radarleb coding\\vendor\\symfony\\console\\Application.php(342): Symfony\\Component\\Console\\Application->doRunCommand()
#11 C:\\Users\\rayan\\Desktop\\Radarleb coding\\vendor\\symfony\\console\\Application.php(193): Symfony\\Component\\Console\\Application->doRun()
#12 C:\\Users\\rayan\\Desktop\\Radarleb coding\\vendor\\laravel\\framework\\src\\Illuminate\\Foundation\\Console\\Kernel.php(197): Symfony\\Component\\Console\\Application->run()
#13 C:\\Users\\rayan\\Desktop\\Radarleb coding\\vendor\\laravel\\framework\\src\\Illuminate\\Foundation\\Application.php(1234): Illuminate\\Foundation\\Console\\Kernel->handle()
#14 C:\\Users\\rayan\\Desktop\\Radarleb coding\\artisan(16): Illuminate\\Foundation\\Application->handleCommand()
#15 {main}
"} 
[2025-12-25 19:21:34] local.ERROR: SQLSTATE[HY000]: General error: 1 no such table: users (Connection: sqlite, SQL: select * from "users" limit 1) {"exception":"[object] (Illuminate\\Database\\QueryException(code: HY000): SQLSTATE[HY000]: General error: 1 no such table: users (Connection: sqlite, SQL: select * from \"users\" limit 1) at C:\\Users\\rayan\\Desktop\\Radarleb coding\\vendor\\laravel\\framework\\src\\Illuminate\\Database\\Connection.php:822)
[stacktrace]
#0 C:\\Users\\rayan\\Desktop\\Radarleb coding\\vendor\\laravel\\framework\\src\\Illuminate\\Database\\Connection.php(776): Illuminate\\Database\\Connection->runQueryCallback()
#1 C:\\Users\\rayan\\Desktop\\Radarleb coding\\vendor\\laravel\\framework\\src\\Illuminate\\Database\\Connection.php(395): Illuminate\\Database\\Connection->run()
#2 C:\\Users\\rayan\\Desktop\\Radarleb coding\\vendor\\laravel\\framework\\src\\Illuminate\\Database\\Query\\Builder.php(3117): Illuminate\\Database\\Connection->select()
#3 C:\\Users\\rayan\\Desktop\\Radarleb coding\\vendor\\laravel\\framework\\src\\Illuminate\\Database\\Query\\Builder.php(3102): Illuminate\\Database\\Query\\Builder->runSelect()
#4 C:\\Users\\rayan\\Desktop\\Radarleb coding\\vendor\\laravel\\framework\\src\\Illuminate\\Database\\Query\\Builder.php(3689): Illuminate\\Database\\Query\\Builder->{closure:Illuminate\\Database\\Query\\Builder::get():3101}()
#5 C:\\Users\\rayan\\Desktop\\Radarleb coding\\vendor\\laravel\\framework\\src\\Illuminate\\Database\\Query\\Builder.php(3101): Illuminate\\Database\\Query\\Builder->onceWithColumns()
#6 C:\\Users\\rayan\\Desktop\\Radarleb coding\\vendor\\laravel\\framework\\src\\Illuminate\\Database\\Eloquent\\Builder.php(871): Illuminate\\Database\\Query\\Builder->get()
#7 C:\\Users\\rayan\\Desktop\\Radarleb coding\\vendor\\laravel\\framework\\src\\Illuminate\\Database\\Eloquent\\Builder.php(853): Illuminate\\Database\\Eloquent\\Builder->getModels()
#8 C:\\Users\\rayan\\Desktop\\Radarleb coding\\vendor\\laravel\\framework\\src\\Illuminate\\Database\\Concerns\\BuildsQueries.php(366): Illuminate\\Database\\Eloquent\\Builder->get()
#9 C:\\Users\\rayan\\Desktop\\Radarleb coding\\vendor\\laravel\\framework\\src\\Illuminate\\Support\\Traits\\ForwardsCalls.php(23): Illuminate\\Database\\Eloquent\\Builder->first()
#10 C:\\Users\\rayan\\Desktop\\Radarleb coding\\vendor\\laravel\\framework\\src\\Illuminate\\Database\\Eloquent\\Model.php(2449): Illuminate\\Database\\Eloquent\\Model->forwardCallTo()
#11 C:\\Users\\rayan\\Desktop\\Radarleb coding\\vendor\\laravel\\framework\\src\\Illuminate\\Database\\Eloquent\\Model.php(2465): Illuminate\\Database\\Eloquent\\Model->__call()
#12 C:\\Users\\rayan\\Desktop\\Radarleb coding\\app\\Http\\Middleware\\DevAutoAuth.php(25): Illuminate\\Database\\Eloquent\\Model::__callStatic()
#13 C:\\Users\\rayan\\Desktop\\Radarleb coding\\vendor\\laravel\\framework\\src\\Illuminate\\Pipeline\\Pipeline.php(208): App\\Http\\Middleware\\DevAutoAuth->handle()
#14 C:\\Users\\rayan\\Desktop\\Radarleb coding\\vendor\\laravel\\framework\\src\\Illuminate\\Pipeline\\Pipeline.php(126): Illuminate\\Pipeline\\Pipeline->{closure:{closure:Illuminate\\Pipeline\\Pipeline::carry():183}:184}()
#15 C:\\Users\\rayan\\Desktop\\Radarleb coding\\vendor\\laravel\\framework\\src\\Illuminate\\Routing\\Router.php(807): Illuminate\\Pipeline\\Pipeline->then()
#16 C:\\Users\\rayan\\Desktop\\Radarleb coding\\vendor\\laravel\\framework\\src\\Illuminate\\Routing\\Router.php(786): Illuminate\\Routing\\Router->runRouteWithinStack()
#17 C:\\Users\\rayan\\Desktop\\Radarleb coding\\vendor\\laravel\\framework\\src\\Illuminate\\Routing\\Router.php(750): Illuminate\\Routing\\Router->runRoute()
#18 C:\\Users\\rayan\\Desktop\\Radarleb coding\\vendor\\laravel\\framework\\src\\Illuminate\\Routing\\Router.php(739): Illuminate\\Routing\\Router->dispatchToRoute()
#19 C:\\Users\\rayan\\Desktop\\Radarleb coding\\vendor\\laravel\\framework\\src\\Illuminate\\Foundation\\Http\\Kernel.php(200): Illuminate\\Routing\\Router->dispatch()
#20 C:\\Users\\rayan\\Desktop\\Radarleb coding\\vendor\\laravel\\framework\\src\\Illuminate\\Pipeline\\Pipeline.php(169): Illuminate\\Foundation\\Http\\Kernel->{closure:Illuminate\\Foundation\\Http\\Kernel::dispatchToRouter():197}()
#21 C:\\Users\\rayan\\Desktop\\Radarleb coding\\vendor\\livewire\\livewire\\src\\Features\\SupportDisablingBackButtonCache\\DisableBackButtonCacheMiddleware.php(19): Illuminate\\Pipeline\\Pipeline->{closure:Illuminate\\Pipeline\\Pipeline::prepareDestination():167}()
#22 C:\\Users\\rayan\\Desktop\\Radarleb coding\\vendor\\laravel\\framework\\src\\Illuminate\\Pipeline\\Pipeline.php(208): Livewire\\Features\\SupportDisablingBackButtonCache\\DisableBackButtonCacheMiddleware->handle()
#23 C:\\Users\\rayan\\Desktop\\Radarleb coding\\vendor\\laravel\\framework\\src\\Illuminate\\Foundation\\Http\\Middleware\\TransformsRequest.php(21): Illuminate\\Pipeline\\Pipeline->{closure:{closure:Illuminate\\Pipeline\\Pipeline::carry():183}:184}()
#24 C:\\Users\\rayan\\Desktop\\Radarleb coding\\vendor\\laravel\\framework\\src\\Illuminate\\Foundation\\Http\\Middleware\\ConvertEmptyStringsToNull.php(31): Illuminate\\Foundation\\Http\\Middleware\\TransformsRequest->handle()
#25 C:\\Users\\rayan\\Desktop\\Radarleb coding\\vendor\\laravel\\framework\\src\\Illuminate\\Pipeline\\Pipeline.php(208): Illuminate\\Foundation\\Http\\Middleware\\ConvertEmptyStringsToNull->handle()
#26 C:\\Users\\rayan\\Desktop\\Radarleb coding\\vendor\\laravel\\framework\\src\\Illuminate\\Foundation\\Http\\Middleware\\TransformsRequest.php(21): Illuminate\\Pipeline\\Pipeline->{closure:{closure:Illuminate\\Pipeline\\Pipeline::carry():183}:184}()
#27 C:\\Users\\rayan\\Desktop\\Radarleb coding\\vendor\\laravel\\framework\\src\\Illuminate\\Foundation\\Http\\Middleware\\TrimStrings.php(51): Illuminate\\Foundation\\Http\\Middleware\\TransformsRequest->handle()
#28 C:\\Users\\rayan\\Desktop\\Radarleb coding\\vendor\\laravel\\framework\\src\\Illuminate\\Pipeline\\Pipeline.php(208): Illuminate\\Foundation\\Http\\Middleware\\TrimStrings->handle()
#29 C:\\Users\\rayan\\Desktop\\Radarleb coding\\vendor\\laravel\\framework\\src\\Illuminate\\Http\\Middleware\\ValidatePostSize.php(27): Illuminate\\Pipeline\\Pipeline->{closure:{closure:Illuminate\\Pipeline\\Pipeline::carry():183}:184}()
#30 C:\\Users\\rayan\\Desktop\\Radarleb coding\\vendor\\laravel\\framework\\src\\Illuminate\\Pipeline\\Pipeline.php(208): Illuminate\\Http\\Middleware\\ValidatePostSize->handle()
#31 C:\\Users\\rayan\\Desktop\\Radarleb coding\\vendor\\laravel\\framework\\src\\Illuminate\\Foundation\\Http\\Middleware\\PreventRequestsDuringMaintenance.php(109): Illuminate\\Pipeline\\Pipeline->{closure:{closure:Illuminate\\Pipeline\\Pipeline::carry():183}:184}()
#32 C:\\Users\\rayan\\Desktop\\Radarleb coding\\vendor\\laravel\\framework\\src\\Illuminate\\Pipeline\\Pipeline.php(208): Illuminate\\Foundation\\Http\\Middleware\\PreventRequestsDuringMaintenance->handle()
#33 C:\\Users\\rayan\\Desktop\\Radarleb coding\\vendor\\laravel\\framework\\src\\Illuminate\\Http\\Middleware\\HandleCors.php(48): Illuminate\\Pipeline\\Pipeline->{closure:{closure:Illuminate\\Pipeline\\Pipeline::carry():183}:184}()
#34 C:\\Users\\rayan\\Desktop\\Radarleb coding\\vendor\\laravel\\framework\\src\\Illuminate\\Pipeline\\Pipeline.php(208): Illuminate\\Http\\Middleware\\HandleCors->handle()
#35 C:\\Users\\rayan\\Desktop\\Radarleb coding\\vendor\\laravel\\framework\\src\\Illuminate\\Http\\Middleware\\TrustProxies.php(58): Illuminate\\Pipeline\\Pipeline->{closure:{closure:Illuminate\\Pipeline\\Pipeline::carry():183}:184}()
#36 C:\\Users\\rayan\\Desktop\\Radarleb coding\\vendor\\laravel\\framework\\src\\Illuminate\\Pipeline\\Pipeline.php(208): Illuminate\\Http\\Middleware\\TrustProxies->handle()
#37 C:\\Users\\rayan\\Desktop\\Radarleb coding\\vendor\\laravel\\framework\\src\\Illuminate\\Foundation\\Http\\Middleware\\InvokeDeferredCallbacks.php(22): Illuminate\\Pipeline\\Pipeline->{closure:{closure:Illuminate\\Pipeline\\Pipeline::carry():183}:184}()
#38 C:\\Users\\rayan\\Desktop\\Radarleb coding\\vendor\\laravel\\framework\\src\\Illuminate\\Pipeline\\Pipeline.php(208): Illuminate\\Foundation\\Http\\Middleware\\InvokeDeferredCallbacks->handle()
#39 C:\\Users\\rayan\\Desktop\\Radarleb coding\\vendor\\laravel\\framework\\src\\Illuminate\\Http\\Middleware\\ValidatePathEncoding.php(26): Illuminate\\Pipeline\\Pipeline->{closure:{closure:Illuminate\\Pipeline\\Pipeline::carry():183}:184}()
#40 C:\\Users\\rayan\\Desktop\\Radarleb coding\\vendor\\laravel\\framework\\src\\Illuminate\\Pipeline\\Pipeline.php(208): Illuminate\\Http\\Middleware\\ValidatePathEncoding->handle()
#41 C:\\Users\\rayan\\Desktop\\Radarleb coding\\vendor\\laravel\\framework\\src\\Illuminate\\Pipeline\\Pipeline.php(126): Illuminate\\Pipeline\\Pipeline->{closure:{closure:Illuminate\\Pipeline\\Pipeline::carry():183}:184}()
#42 C:\\Users\\rayan\\Desktop\\Radarleb coding\\vendor\\laravel\\framework\\src\\Illuminate\\Foundation\\Http\\Kernel.php(175): Illuminate\\Pipeline\\Pipeline->then()
#43 C:\\Users\\rayan\\Desktop\\Radarleb coding\\vendor\\laravel\\framework\\src\\Illuminate\\Foundation\\Http\\Kernel.php(144): Illuminate\\Foundation\\Http\\Kernel->sendRequestThroughRouter()
#44 C:\\Users\\rayan\\Desktop\\Radarleb coding\\vendor\\laravel\\framework\\src\\Illuminate\\Foundation\\Application.php(1219): Illuminate\\Foundation\\Http\\Kernel->handle()
#45 C:\\Users\\rayan\\Desktop\\Radarleb coding\\public\\index.php(20): Illuminate\\Foundation\\Application->handleRequest()
#46 C:\\Users\\rayan\\Desktop\\Radarleb coding\\vendor\\laravel\\framework\\src\\Illuminate\\Foundation\\resources\\server.php(23): require_once('...')
#47 {main}

[previous exception] [object] (PDOException(code: HY000): SQLSTATE[HY000]: General error: 1 no such table: users at C:\\Users\\rayan\\Desktop\\Radarleb coding\\vendor\\laravel\\framework\\src\\Illuminate\\Database\\Connection.php:404)
[stacktrace]
#0 C:\\Users\\rayan\\Desktop\\Radarleb coding\\vendor\\laravel\\framework\\src\\Illuminate\\Database\\Connection.php(404): PDO->prepare()
#1 C:\\Users\\rayan\\Desktop\\Radarleb coding\\vendor\\laravel\\framework\\src\\Illuminate\\Database\\Connection.php(809): Illuminate\\Database\\Connection->{closure:Illuminate\\Database\\Connection::select():395}()
#2 C:\\Users\\rayan\\Desktop\\Radarleb coding\\vendor\\laravel\\framework\\src\\Illuminate\\Database\\Connection.php(776): Illuminate\\Database\\Connection->runQueryCallback()
#3 C:\\Users\\rayan\\Desktop\\Radarleb coding\\vendor\\laravel\\framework\\src\\Illuminate\\Database\\Connection.php(395): Illuminate\\Database\\Connection->run()
#4 C:\\Users\\rayan\\Desktop\\Radarleb coding\\vendor\\laravel\\framework\\src\\Illuminate\\Database\\Query\\Builder.php(3117): Illuminate\\Database\\Connection->select()
#5 C:\\Users\\rayan\\Desktop\\Radarleb coding\\vendor\\laravel\\framework\\src\\Illuminate\\Database\\Query\\Builder.php(3102): Illuminate\\Database\\Query\\Builder->runSelect()
#6 C:\\Users\\rayan\\Desktop\\Radarleb coding\\vendor\\laravel\\framework\\src\\Illuminate\\Database\\Query\\Builder.php(3689): Illuminate\\Database\\Query\\Builder->{closure:Illuminate\\Database\\Query\\Builder::get():3101}()
#7 C:\\Users\\rayan\\Desktop\\Radarleb coding\\vendor\\laravel\\framework\\src\\Illuminate\\Database\\Query\\Builder.php(3101): Illuminate\\Database\\Query\\Builder->onceWithColumns()
#8 C:\\Users\\rayan\\Desktop\\Radarleb coding\\vendor\\laravel\\framework\\src\\Illuminate\\Database\\Eloquent\\Builder.php(871): Illuminate\\Database\\Query\\Builder->get()
#9 C:\\Users\\rayan\\Desktop\\Radarleb coding\\vendor\\laravel\\framework\\src\\Illuminate\\Database\\Eloquent\\Builder.php(853): Illuminate\\Database\\Eloquent\\Builder->getModels()
#10 C:\\Users\\rayan\\Desktop\\Radarleb coding\\vendor\\laravel\\framework\\src\\Illuminate\\Database\\Concerns\\BuildsQueries.php(366): Illuminate\\Database\\Eloquent\\Builder->get()
#11 C:\\Users\\rayan\\Desktop\\Radarleb coding\\vendor\\laravel\\framework\\src\\Illuminate\\Support\\Traits\\ForwardsCalls.php(23): Illuminate\\Database\\Eloquent\\Builder->first()
#12 C:\\Users\\rayan\\Desktop\\Radarleb coding\\vendor\\laravel\\framework\\src\\Illuminate\\Database\\Eloquent\\Model.php(2449): Illuminate\\Database\\Eloquent\\Model->forwardCallTo()
#13 C:\\Users\\rayan\\Desktop\\Radarleb coding\\vendor\\laravel\\framework\\src\\Illuminate\\Database\\Eloquent\\Model.php(2465): Illuminate\\Database\\Eloquent\\Model->__call()
#14 C:\\Users\\rayan\\Desktop\\Radarleb coding\\app\\Http\\Middleware\\DevAutoAuth.php(25): Illuminate\\Database\\Eloquent\\Model::__callStatic()
#15 C:\\Users\\rayan\\Desktop\\Radarleb coding\\vendor\\laravel\\framework\\src\\Illuminate\\Pipeline\\Pipeline.php(208): App\\Http\\Middleware\\DevAutoAuth->handle()
#16 C:\\Users\\rayan\\Desktop\\Radarleb coding\\vendor\\laravel\\framework\\src\\Illuminate\\Pipeline\\Pipeline.php(126): Illuminate\\Pipeline\\Pipeline->{closure:{closure:Illuminate\\Pipeline\\Pipeline::carry():183}:184}()
#17 C:\\Users\\rayan\\Desktop\\Radarleb coding\\vendor\\laravel\\framework\\src\\Illuminate\\Routing\\Router.php(807): Illuminate\\Pipeline\\Pipeline->then()
#18 C:\\Users\\rayan\\Desktop\\Radarleb coding\\vendor\\laravel\\framework\\src\\Illuminate\\Routing\\Router.php(786): Illuminate\\Routing\\Router->runRouteWithinStack()
#19 C:\\Users\\rayan\\Desktop\\Radarleb coding\\vendor\\laravel\\framework\\src\\Illuminate\\Routing\\Router.php(750): Illuminate\\Routing\\Router->runRoute()
#20 C:\\Users\\rayan\\Desktop\\Radarleb coding\\vendor\\laravel\\framework\\src\\Illuminate\\Routing\\Router.php(739): Illuminate\\Routing\\Router->dispatchToRoute()
#21 C:\\Users\\rayan\\Desktop\\Radarleb coding\\vendor\\laravel\\framework\\src\\Illuminate\\Foundation\\Http\\Kernel.php(200): Illuminate\\Routing\\Router->dispatch()
#22 C:\\Users\\rayan\\Desktop\\Radarleb coding\\vendor\\laravel\\framework\\src\\Illuminate\\Pipeline\\Pipeline.php(169): Illuminate\\Foundation\\Http\\Kernel->{closure:Illuminate\\Foundation\\Http\\Kernel::dispatchToRouter():197}()
#23 C:\\Users\\rayan\\Desktop\\Radarleb coding\\vendor\\livewire\\livewire\\src\\Features\\SupportDisablingBackButtonCache\\DisableBackButtonCacheMiddleware.php(19): Illuminate\\Pipeline\\Pipeline->{closure:Illuminate\\Pipeline\\Pipeline::prepareDestination():167}()
#24 C:\\Users\\rayan\\Desktop\\Radarleb coding\\vendor\\laravel\\framework\\src\\Illuminate\\Pipeline\\Pipeline.php(208): Livewire\\Features\\SupportDisablingBackButtonCache\\DisableBackButtonCacheMiddleware->handle()
#25 C:\\Users\\rayan\\Desktop\\Radarleb coding\\vendor\\laravel\\framework\\src\\Illuminate\\Foundation\\Http\\Middleware\\TransformsRequest.php(21): Illuminate\\Pipeline\\Pipeline->{closure:{closure:Illuminate\\Pipeline\\Pipeline::carry():183}:184}()
#26 C:\\Users\\rayan\\Desktop\\Radarleb coding\\vendor\\laravel\\framework\\src\\Illuminate\\Foundation\\Http\\Middleware\\ConvertEmptyStringsToNull.php(31): Illuminate\\Foundation\\Http\\Middleware\\TransformsRequest->handle()
#27 C:\\Users\\rayan\\Desktop\\Radarleb coding\\vendor\\laravel\\framework\\src\\Illuminate\\Pipeline\\Pipeline.php(208): Illuminate\\Foundation\\Http\\Middleware\\ConvertEmptyStringsToNull->handle()
#28 C:\\Users\\rayan\\Desktop\\Radarleb coding\\vendor\\laravel\\framework\\src\\Illuminate\\Foundation\\Http\\Middleware\\TransformsRequest.php(21): Illuminate\\Pipeline\\Pipeline->{closure:{closure:Illuminate\\Pipeline\\Pipeline::carry():183}:184}()
#29 C:\\Users\\rayan\\Desktop\\Radarleb coding\\vendor\\laravel\\framework\\src\\Illuminate\\Foundation\\Http\\Middleware\\TrimStrings.php(51): Illuminate\\Foundation\\Http\\Middleware\\TransformsRequest->handle()
#30 C:\\Users\\rayan\\Desktop\\Radarleb coding\\vendor\\laravel\\framework\\src\\Illuminate\\Pipeline\\Pipeline.php(208): Illuminate\\Foundation\\Http\\Middleware\\TrimStrings->handle()
#31 C:\\Users\\rayan\\Desktop\\Radarleb coding\\vendor\\laravel\\framework\\src\\Illuminate\\Http\\Middleware\\ValidatePostSize.php(27): Illuminate\\Pipeline\\Pipeline->{closure:{closure:Illuminate\\Pipeline\\Pipeline::carry():183}:184}()
#32 C:\\Users\\rayan\\Desktop\\Radarleb coding\\vendor\\laravel\\framework\\src\\Illuminate\\Pipeline\\Pipeline.php(208): Illuminate\\Http\\Middleware\\ValidatePostSize->handle()
#33 C:\\Users\\rayan\\Desktop\\Radarleb coding\\vendor\\laravel\\framework\\src\\Illuminate\\Foundation\\Http\\Middleware\\PreventRequestsDuringMaintenance.php(109): Illuminate\\Pipeline\\Pipeline->{closure:{closure:Illuminate\\Pipeline\\Pipeline::carry():183}:184}()
#34 C:\\Users\\rayan\\Desktop\\Radarleb coding\\vendor\\laravel\\framework\\src\\Illuminate\\Pipeline\\Pipeline.php(208): Illuminate\\Foundation\\Http\\Middleware\\PreventRequestsDuringMaintenance->handle()
#35 C:\\Users\\rayan\\Desktop\\Radarleb coding\\vendor\\laravel\\framework\\src\\Illuminate\\Http\\Middleware\\HandleCors.php(48): Illuminate\\Pipeline\\Pipeline->{closure:{closure:Illuminate\\Pipeline\\Pipeline::carry():183}:184}()
#36 C:\\Users\\rayan\\Desktop\\Radarleb coding\\vendor\\laravel\\framework\\src\\Illuminate\\Pipeline\\Pipeline.php(208): Illuminate\\Http\\Middleware\\HandleCors->handle()
#37 C:\\Users\\rayan\\Desktop\\Radarleb coding\\vendor\\laravel\\framework\\src\\Illuminate\\Http\\Middleware\\TrustProxies.php(58): Illuminate\\Pipeline\\Pipeline->{closure:{closure:Illuminate\\Pipeline\\Pipeline::carry():183}:184}()
#38 C:\\Users\\rayan\\Desktop\\Radarleb coding\\vendor\\laravel\\framework\\src\\Illuminate\\Pipeline\\Pipeline.php(208): Illuminate\\Http\\Middleware\\TrustProxies->handle()
#39 C:\\Users\\rayan\\Desktop\\Radarleb coding\\vendor\\laravel\\framework\\src\\Illuminate\\Foundation\\Http\\Middleware\\InvokeDeferredCallbacks.php(22): Illuminate\\Pipeline\\Pipeline->{closure:{closure:Illuminate\\Pipeline\\Pipeline::carry():183}:184}()
#40 C:\\Users\\rayan\\Desktop\\Radarleb coding\\vendor\\laravel\\framework\\src\\Illuminate\\Pipeline\\Pipeline.php(208): Illuminate\\Foundation\\Http\\Middleware\\InvokeDeferredCallbacks->handle()
#41 C:\\Users\\rayan\\Desktop\\Radarleb coding\\vendor\\laravel\\framework\\src\\Illuminate\\Http\\Middleware\\ValidatePathEncoding.php(26): Illuminate\\Pipeline\\Pipeline->{closure:{closure:Illuminate\\Pipeline\\Pipeline::carry():183}:184}()
#42 C:\\Users\\rayan\\Desktop\\Radarleb coding\\vendor\\laravel\\framework\\src\\Illuminate\\Pipeline\\Pipeline.php(208): Illuminate\\Http\\Middleware\\ValidatePathEncoding->handle()
#43 C:\\Users\\rayan\\Desktop\\Radarleb coding\\vendor\\laravel\\framework\\src\\Illuminate\\Pipeline\\Pipeline.php(126): Illuminate\\Pipeline\\Pipeline->{closure:{closure:Illuminate\\Pipeline\\Pipeline::carry():183}:184}()
#44 C:\\Users\\rayan\\Desktop\\Radarleb coding\\vendor\\laravel\\framework\\src\\Illuminate\\Foundation\\Http\\Kernel.php(175): Illuminate\\Pipeline\\Pipeline->then()
#45 C:\\Users\\rayan\\Desktop\\Radarleb coding\\vendor\\laravel\\framework\\src\\Illuminate\\Foundation\\Http\\Kernel.php(144): Illuminate\\Foundation\\Http\\Kernel->sendRequestThroughRouter()
#46 C:\\Users\\rayan\\Desktop\\Radarleb coding\\vendor\\laravel\\framework\\src\\Illuminate\\Foundation\\Application.php(1219): Illuminate\\Foundation\\Http\\Kernel->handle()
#47 C:\\Users\\rayan\\Desktop\\Radarleb coding\\public\\index.php(20): Illuminate\\Foundation\\Application->handleRequest()
#48 C:\\Users\\rayan\\Desktop\\Radarleb coding\\vendor\\laravel\\framework\\src\\Illuminate\\Foundation\\resources\\server.php(23): require_once('...')
#49 {main}
"} 
[2025-12-25 19:22:17] local.ERROR: Call to undefined function Termwind\ValueObjects\mb_strimwidth() {"exception":"[object] (Error(code: 0): Call to undefined function Termwind\\ValueObjects\\mb_strimwidth() at C:\\Users\\rayan\\Desktop\\Radarleb coding\\vendor\\nunomaduro\\termwind\\src\\ValueObjects\\Styles.php:1052)
[stacktrace]
#0 C:\\Users\\rayan\\Desktop\\Radarleb coding\\vendor\\nunomaduro\\termwind\\src\\ValueObjects\\Styles.php(870): Termwind\\ValueObjects\\Styles::trimText()
#1 C:\\Users\\rayan\\Desktop\\Radarleb coding\\vendor\\nunomaduro\\termwind\\src\\ValueObjects\\Styles.php(732): Termwind\\ValueObjects\\Styles->applyWidth()
#2 C:\\Users\\rayan\\Desktop\\Radarleb coding\\vendor\\nunomaduro\\termwind\\src\\Components\\Element.php(77): Termwind\\ValueObjects\\Styles->format()
#3 C:\\Users\\rayan\\Desktop\\Radarleb coding\\vendor\\nunomaduro\\termwind\\src\\Components\\Element.php(120): Termwind\\Components\\Element->toString()
#4 [internal function]: Termwind\\Components\\Element->__toString()
#5 C:\\Users\\rayan\\Desktop\\Radarleb coding\\vendor\\nunomaduro\\termwind\\src\\Components\\Element.php(74): implode()
#6 C:\\Users\\rayan\\Desktop\\Radarleb coding\\vendor\\nunomaduro\\termwind\\src\\Components\\Element.php(112): Termwind\\Components\\Element->toString()
#7 C:\\Users\\rayan\\Desktop\\Radarleb coding\\vendor\\nunomaduro\\termwind\\src\\HtmlRenderer.php(24): Termwind\\Components\\Element->render()
#8 C:\\Users\\rayan\\Desktop\\Radarleb coding\\vendor\\nunomaduro\\termwind\\src\\Functions.php(41): Termwind\\HtmlRenderer->render()
#9 C:\\Users\\rayan\\Desktop\\Radarleb coding\\vendor\\laravel\\framework\\src\\Illuminate\\Console\\View\\Components\\Component.php(51): Termwind\\render()
#10 C:\\Users\\rayan\\Desktop\\Radarleb coding\\vendor\\laravel\\framework\\src\\Illuminate\\Console\\View\\Components\\TwoColumnDetail.php(31): Illuminate\\Console\\View\\Components\\Component->renderView()
#11 C:\\Users\\rayan\\Desktop\\Radarleb coding\\vendor\\laravel\\framework\\src\\Illuminate\\Console\\View\\Components\\Factory.php(59): Illuminate\\Console\\View\\Components\\TwoColumnDetail->render()
#12 C:\\Users\\rayan\\Desktop\\Radarleb coding\\vendor\\laravel\\framework\\src\\Illuminate\\Database\\Console\\Migrations\\StatusCommand.php(73): Illuminate\\Console\\View\\Components\\Factory->__call()
#13 C:\\Users\\rayan\\Desktop\\Radarleb coding\\vendor\\laravel\\framework\\src\\Illuminate\\Database\\Migrations\\Migrator.php(665): Illuminate\\Database\\Console\\Migrations\\StatusCommand->{closure:Illuminate\\Database\\Console\\Migrations\\StatusCommand::handle():54}()
#14 C:\\Users\\rayan\\Desktop\\Radarleb coding\\vendor\\laravel\\framework\\src\\Illuminate\\Database\\Console\\Migrations\\StatusCommand.php(54): Illuminate\\Database\\Migrations\\Migrator->usingConnection()
#15 C:\\Users\\rayan\\Desktop\\Radarleb coding\\vendor\\laravel\\framework\\src\\Illuminate\\Container\\BoundMethod.php(36): Illuminate\\Database\\Console\\Migrations\\StatusCommand->handle()
#16 C:\\Users\\rayan\\Desktop\\Radarleb coding\\vendor\\laravel\\framework\\src\\Illuminate\\Container\\Util.php(43): Illuminate\\Container\\BoundMethod::{closure:Illuminate\\Container\\BoundMethod::call():35}()
#17 C:\\Users\\rayan\\Desktop\\Radarleb coding\\vendor\\laravel\\framework\\src\\Illuminate\\Container\\BoundMethod.php(96): Illuminate\\Container\\Util::unwrapIfClosure()
#18 C:\\Users\\rayan\\Desktop\\Radarleb coding\\vendor\\laravel\\framework\\src\\Illuminate\\Container\\BoundMethod.php(35): Illuminate\\Container\\BoundMethod::callBoundMethod()
#19 C:\\Users\\rayan\\Desktop\\Radarleb coding\\vendor\\laravel\\framework\\src\\Illuminate\\Container\\Container.php(754): Illuminate\\Container\\BoundMethod::call()
#20 C:\\Users\\rayan\\Desktop\\Radarleb coding\\vendor\\laravel\\framework\\src\\Illuminate\\Console\\Command.php(211): Illuminate\\Container\\Container->call()
#21 C:\\Users\\rayan\\Desktop\\Radarleb coding\\vendor\\symfony\\console\\Command\\Command.php(279): Illuminate\\Console\\Command->execute()
#22 C:\\Users\\rayan\\Desktop\\Radarleb coding\\vendor\\laravel\\framework\\src\\Illuminate\\Console\\Command.php(180): Symfony\\Component\\Console\\Command\\Command->run()
#23 C:\\Users\\rayan\\Desktop\\Radarleb coding\\vendor\\symfony\\console\\Application.php(1094): Illuminate\\Console\\Command->run()
#24 C:\\Users\\rayan\\Desktop\\Radarleb coding\\vendor\\symfony\\console\\Application.php(342): Symfony\\Component\\Console\\Application->doRunCommand()
#25 C:\\Users\\rayan\\Desktop\\Radarleb coding\\vendor\\symfony\\console\\Application.php(193): Symfony\\Component\\Console\\Application->doRun()
#26 C:\\Users\\rayan\\Desktop\\Radarleb coding\\vendor\\laravel\\framework\\src\\Illuminate\\Foundation\\Console\\Kernel.php(197): Symfony\\Component\\Console\\Application->run()
#27 C:\\Users\\rayan\\Desktop\\Radarleb coding\\vendor\\laravel\\framework\\src\\Illuminate\\Foundation\\Application.php(1234): Illuminate\\Foundation\\Console\\Kernel->handle()
#28 C:\\Users\\rayan\\Desktop\\Radarleb coding\\artisan(16): Illuminate\\Foundation\\Application->handleCommand()
#29 {main}
"} 
[2025-12-25 19:23:20] local.ERROR: SQLSTATE[HY000]: General error: 1 table "jobs" already exists (Connection: sqlite, SQL: create table "jobs" ("id" integer primary key autoincrement not null, "queue" varchar not null, "payload" text not null, "attempts" integer not null, "reserved_at" integer, "available_at" integer not null, "created_at" integer not null)) {"exception":"[object] (Illuminate\\Database\\QueryException(code: HY000): SQLSTATE[HY000]: General error: 1 table \"jobs\" already exists (Connection: sqlite, SQL: create table \"jobs\" (\"id\" integer primary key autoincrement not null, \"queue\" varchar not null, \"payload\" text not null, \"attempts\" integer not null, \"reserved_at\" integer, \"available_at\" integer not null, \"created_at\" integer not null)) at C:\\Users\\rayan\\Desktop\\Radarleb coding\\vendor\\laravel\\framework\\src\\Illuminate\\Database\\Connection.php:822)
[stacktrace]
#0 C:\\Users\\rayan\\Desktop\\Radarleb coding\\vendor\\laravel\\framework\\src\\Illuminate\\Database\\Connection.php(776): Illuminate\\Database\\Connection->runQueryCallback()
#1 C:\\Users\\rayan\\Desktop\\Radarleb coding\\vendor\\laravel\\framework\\src\\Illuminate\\Database\\Connection.php(557): Illuminate\\Database\\Connection->run()
#2 C:\\Users\\rayan\\Desktop\\Radarleb coding\\vendor\\laravel\\framework\\src\\Illuminate\\Database\\Schema\\Blueprint.php(119): Illuminate\\Database\\Connection->statement()
#3 C:\\Users\\rayan\\Desktop\\Radarleb coding\\vendor\\laravel\\framework\\src\\Illuminate\\Database\\Schema\\Builder.php(618): Illuminate\\Database\\Schema\\Blueprint->build()
#4 C:\\Users\\rayan\\Desktop\\Radarleb coding\\vendor\\laravel\\framework\\src\\Illuminate\\Database\\Schema\\Builder.php(472): Illuminate\\Database\\Schema\\Builder->build()
#5 C:\\Users\\rayan\\Desktop\\Radarleb coding\\vendor\\laravel\\framework\\src\\Illuminate\\Support\\Facades\\Facade.php(361): Illuminate\\Database\\Schema\\Builder->create()
#6 C:\\Users\\rayan\\Desktop\\Radarleb coding\\database\\migrations\\2025_12_25_180807_create_jobs_table.php(14): Illuminate\\Support\\Facades\\Facade::__callStatic()
#7 C:\\Users\\rayan\\Desktop\\Radarleb coding\\vendor\\laravel\\framework\\src\\Illuminate\\Database\\Migrations\\Migrator.php(514): Illuminate\\Database\\Migrations\\Migration@anonymous->up()
#8 C:\\Users\\rayan\\Desktop\\Radarleb coding\\vendor\\laravel\\framework\\src\\Illuminate\\Database\\Migrations\\Migrator.php(439): Illuminate\\Database\\Migrations\\Migrator->runMethod()
#9 C:\\Users\\rayan\\Desktop\\Radarleb coding\\vendor\\laravel\\framework\\src\\Illuminate\\Database\\Migrations\\Migrator.php(448): Illuminate\\Database\\Migrations\\Migrator->{closure:Illuminate\\Database\\Migrations\\Migrator::runMigration():435}()
#10 C:\\Users\\rayan\\Desktop\\Radarleb coding\\vendor\\laravel\\framework\\src\\Illuminate\\Database\\Migrations\\Migrator.php(250): Illuminate\\Database\\Migrations\\Migrator->runMigration()
#11 C:\\Users\\rayan\\Desktop\\Radarleb coding\\vendor\\laravel\\framework\\src\\Illuminate\\Console\\View\\Components\\Task.php(41): Illuminate\\Database\\Migrations\\Migrator->{closure:Illuminate\\Database\\Migrations\\Migrator::runUp():250}()
#12 C:\\Users\\rayan\\Desktop\\Radarleb coding\\vendor\\laravel\\framework\\src\\Illuminate\\Database\\Migrations\\Migrator.php(805): Illuminate\\Console\\View\\Components\\Task->render()
#13 C:\\Users\\rayan\\Desktop\\Radarleb coding\\vendor\\laravel\\framework\\src\\Illuminate\\Database\\Migrations\\Migrator.php(250): Illuminate\\Database\\Migrations\\Migrator->write()
#14 C:\\Users\\rayan\\Desktop\\Radarleb coding\\vendor\\laravel\\framework\\src\\Illuminate\\Database\\Migrations\\Migrator.php(210): Illuminate\\Database\\Migrations\\Migrator->runUp()
#15 C:\\Users\\rayan\\Desktop\\Radarleb coding\\vendor\\laravel\\framework\\src\\Illuminate\\Database\\Migrations\\Migrator.php(137): Illuminate\\Database\\Migrations\\Migrator->runPending()
#16 C:\\Users\\rayan\\Desktop\\Radarleb coding\\vendor\\laravel\\framework\\src\\Illuminate\\Database\\Console\\Migrations\\MigrateCommand.php(116): Illuminate\\Database\\Migrations\\Migrator->run()
#17 C:\\Users\\rayan\\Desktop\\Radarleb coding\\vendor\\laravel\\framework\\src\\Illuminate\\Database\\Migrations\\Migrator.php(665): Illuminate\\Database\\Console\\Migrations\\MigrateCommand->{closure:Illuminate\\Database\\Console\\Migrations\\MigrateCommand::runMigrations():109}()
#18 C:\\Users\\rayan\\Desktop\\Radarleb coding\\vendor\\laravel\\framework\\src\\Illuminate\\Database\\Console\\Migrations\\MigrateCommand.php(109): Illuminate\\Database\\Migrations\\Migrator->usingConnection()
#19 C:\\Users\\rayan\\Desktop\\Radarleb coding\\vendor\\laravel\\framework\\src\\Illuminate\\Database\\Console\\Migrations\\MigrateCommand.php(88): Illuminate\\Database\\Console\\Migrations\\MigrateCommand->runMigrations()
#20 C:\\Users\\rayan\\Desktop\\Radarleb coding\\vendor\\laravel\\framework\\src\\Illuminate\\Container\\BoundMethod.php(36): Illuminate\\Database\\Console\\Migrations\\MigrateCommand->handle()
#21 C:\\Users\\rayan\\Desktop\\Radarleb coding\\vendor\\laravel\\framework\\src\\Illuminate\\Container\\Util.php(43): Illuminate\\Container\\BoundMethod::{closure:Illuminate\\Container\\BoundMethod::call():35}()
#22 C:\\Users\\rayan\\Desktop\\Radarleb coding\\vendor\\laravel\\framework\\src\\Illuminate\\Container\\BoundMethod.php(96): Illuminate\\Container\\Util::unwrapIfClosure()
#23 C:\\Users\\rayan\\Desktop\\Radarleb coding\\vendor\\laravel\\framework\\src\\Illuminate\\Container\\BoundMethod.php(35): Illuminate\\Container\\BoundMethod::callBoundMethod()
#24 C:\\Users\\rayan\\Desktop\\Radarleb coding\\vendor\\laravel\\framework\\src\\Illuminate\\Container\\Container.php(754): Illuminate\\Container\\BoundMethod::call()
#25 C:\\Users\\rayan\\Desktop\\Radarleb coding\\vendor\\laravel\\framework\\src\\Illuminate\\Console\\Command.php(211): Illuminate\\Container\\Container->call()
#26 C:\\Users\\rayan\\Desktop\\Radarleb coding\\vendor\\symfony\\console\\Command\\Command.php(279): Illuminate\\Console\\Command->execute()
#27 C:\\Users\\rayan\\Desktop\\Radarleb coding\\vendor\\laravel\\framework\\src\\Illuminate\\Console\\Command.php(180): Symfony\\Component\\Console\\Command\\Command->run()
#28 C:\\Users\\rayan\\Desktop\\Radarleb coding\\vendor\\laravel\\framework\\src\\Illuminate\\Console\\Concerns\\CallsCommands.php(68): Illuminate\\Console\\Command->run()
#29 C:\\Users\\rayan\\Desktop\\Radarleb coding\\vendor\\laravel\\framework\\src\\Illuminate\\Console\\Concerns\\CallsCommands.php(29): Illuminate\\Console\\Command->runCommand()
#30 C:\\Users\\rayan\\Desktop\\Radarleb coding\\vendor\\laravel\\framework\\src\\Illuminate\\Database\\Console\\Migrations\\FreshCommand.php(81): Illuminate\\Console\\Command->call()
#31 C:\\Users\\rayan\\Desktop\\Radarleb coding\\vendor\\laravel\\framework\\src\\Illuminate\\Container\\BoundMethod.php(36): Illuminate\\Database\\Console\\Migrations\\FreshCommand->handle()
#32 C:\\Users\\rayan\\Desktop\\Radarleb coding\\vendor\\laravel\\framework\\src\\Illuminate\\Container\\Util.php(43): Illuminate\\Container\\BoundMethod::{closure:Illuminate\\Container\\BoundMethod::call():35}()
#33 C:\\Users\\rayan\\Desktop\\Radarleb coding\\vendor\\laravel\\framework\\src\\Illuminate\\Container\\BoundMethod.php(96): Illuminate\\Container\\Util::unwrapIfClosure()
#34 C:\\Users\\rayan\\Desktop\\Radarleb coding\\vendor\\laravel\\framework\\src\\Illuminate\\Container\\BoundMethod.php(35): Illuminate\\Container\\BoundMethod::callBoundMethod()
#35 C:\\Users\\rayan\\Desktop\\Radarleb coding\\vendor\\laravel\\framework\\src\\Illuminate\\Container\\Container.php(754): Illuminate\\Container\\BoundMethod::call()
#36 C:\\Users\\rayan\\Desktop\\Radarleb coding\\vendor\\laravel\\framework\\src\\Illuminate\\Console\\Command.php(211): Illuminate\\Container\\Container->call()
#37 C:\\Users\\rayan\\Desktop\\Radarleb coding\\vendor\\symfony\\console\\Command\\Command.php(279): Illuminate\\Console\\Command->execute()
#38 C:\\Users\\rayan\\Desktop\\Radarleb coding\\vendor\\laravel\\framework\\src\\Illuminate\\Console\\Command.php(180): Symfony\\Component\\Console\\Command\\Command->run()
#39 C:\\Users\\rayan\\Desktop\\Radarleb coding\\vendor\\symfony\\console\\Application.php(1094): Illuminate\\Console\\Command->run()
#40 C:\\Users\\rayan\\Desktop\\Radarleb coding\\vendor\\symfony\\console\\Application.php(342): Symfony\\Component\\Console\\Application->doRunCommand()
#41 C:\\Users\\rayan\\Desktop\\Radarleb coding\\vendor\\symfony\\console\\Application.php(193): Symfony\\Component\\Console\\Application->doRun()
#42 C:\\Users\\rayan\\Desktop\\Radarleb coding\\vendor\\laravel\\framework\\src\\Illuminate\\Foundation\\Console\\Kernel.php(197): Symfony\\Component\\Console\\Application->run()
#43 C:\\Users\\rayan\\Desktop\\Radarleb coding\\vendor\\laravel\\framework\\src\\Illuminate\\Foundation\\Application.php(1234): Illuminate\\Foundation\\Console\\Kernel->handle()
#44 C:\\Users\\rayan\\Desktop\\Radarleb coding\\artisan(16): Illuminate\\Foundation\\Application->handleCommand()
#45 {main}

[previous exception] [object] (PDOException(code: HY000): SQLSTATE[HY000]: General error: 1 table \"jobs\" already exists at C:\\Users\\rayan\\Desktop\\Radarleb coding\\vendor\\laravel\\framework\\src\\Illuminate\\Database\\Connection.php:562)
[stacktrace]
#0 C:\\Users\\rayan\\Desktop\\Radarleb coding\\vendor\\laravel\\framework\\src\\Illuminate\\Database\\Connection.php(562): PDO->prepare()
#1 C:\\Users\\rayan\\Desktop\\Radarleb coding\\vendor\\laravel\\framework\\src\\Illuminate\\Database\\Connection.php(809): Illuminate\\Database\\Connection->{closure:Illuminate\\Database\\Connection::statement():557}()
#2 C:\\Users\\rayan\\Desktop\\Radarleb coding\\vendor\\laravel\\framework\\src\\Illuminate\\Database\\Connection.php(776): Illuminate\\Database\\Connection->runQueryCallback()
#3 C:\\Users\\rayan\\Desktop\\Radarleb coding\\vendor\\laravel\\framework\\src\\Illuminate\\Database\\Connection.php(557): Illuminate\\Database\\Connection->run()
#4 C:\\Users\\rayan\\Desktop\\Radarleb coding\\vendor\\laravel\\framework\\src\\Illuminate\\Database\\Schema\\Blueprint.php(119): Illuminate\\Database\\Connection->statement()
#5 C:\\Users\\rayan\\Desktop\\Radarleb coding\\vendor\\laravel\\framework\\src\\Illuminate\\Database\\Schema\\Builder.php(618): Illuminate\\Database\\Schema\\Blueprint->build()
#6 C:\\Users\\rayan\\Desktop\\Radarleb coding\\vendor\\laravel\\framework\\src\\Illuminate\\Database\\Schema\\Builder.php(472): Illuminate\\Database\\Schema\\Builder->build()
#7 C:\\Users\\rayan\\Desktop\\Radarleb coding\\vendor\\laravel\\framework\\src\\Illuminate\\Support\\Facades\\Facade.php(361): Illuminate\\Database\\Schema\\Builder->create()
#8 C:\\Users\\rayan\\Desktop\\Radarleb coding\\database\\migrations\\2025_12_25_180807_create_jobs_table.php(14): Illuminate\\Support\\Facades\\Facade::__callStatic()
#9 C:\\Users\\rayan\\Desktop\\Radarleb coding\\vendor\\laravel\\framework\\src\\Illuminate\\Database\\Migrations\\Migrator.php(514): Illuminate\\Database\\Migrations\\Migration@anonymous->up()
#10 C:\\Users\\rayan\\Desktop\\Radarleb coding\\vendor\\laravel\\framework\\src\\Illuminate\\Database\\Migrations\\Migrator.php(439): Illuminate\\Database\\Migrations\\Migrator->runMethod()
#11 C:\\Users\\rayan\\Desktop\\Radarleb coding\\vendor\\laravel\\framework\\src\\Illuminate\\Database\\Migrations\\Migrator.php(448): Illuminate\\Database\\Migrations\\Migrator->{closure:Illuminate\\Database\\Migrations\\Migrator::runMigration():435}()
#12 C:\\Users\\rayan\\Desktop\\Radarleb coding\\vendor\\laravel\\framework\\src\\Illuminate\\Database\\Migrations\\Migrator.php(250): Illuminate\\Database\\Migrations\\Migrator->runMigration()
#13 C:\\Users\\rayan\\Desktop\\Radarleb coding\\vendor\\laravel\\framework\\src\\Illuminate\\Console\\View\\Components\\Task.php(41): Illuminate\\Database\\Migrations\\Migrator->{closure:Illuminate\\Database\\Migrations\\Migrator::runUp():250}()
#14 C:\\Users\\rayan\\Desktop\\Radarleb coding\\vendor\\laravel\\framework\\src\\Illuminate\\Database\\Migrations\\Migrator.php(805): Illuminate\\Console\\View\\Components\\Task->render()
#15 C:\\Users\\rayan\\Desktop\\Radarleb coding\\vendor\\laravel\\framework\\src\\Illuminate\\Database\\Migrations\\Migrator.php(250): Illuminate\\Database\\Migrations\\Migrator->write()
#16 C:\\Users\\rayan\\Desktop\\Radarleb coding\\vendor\\laravel\\framework\\src\\Illuminate\\Database\\Migrations\\Migrator.php(210): Illuminate\\Database\\Migrations\\Migrator->runUp()
#17 C:\\Users\\rayan\\Desktop\\Radarleb coding\\vendor\\laravel\\framework\\src\\Illuminate\\Database\\Migrations\\Migrator.php(137): Illuminate\\Database\\Migrations\\Migrator->runPending()
#18 C:\\Users\\rayan\\Desktop\\Radarleb coding\\vendor\\laravel\\framework\\src\\Illuminate\\Database\\Console\\Migrations\\MigrateCommand.php(116): Illuminate\\Database\\Migrations\\Migrator->run()
#19 C:\\Users\\rayan\\Desktop\\Radarleb coding\\vendor\\laravel\\framework\\src\\Illuminate\\Database\\Migrations\\Migrator.php(665): Illuminate\\Database\\Console\\Migrations\\MigrateCommand->{closure:Illuminate\\Database\\Console\\Migrations\\MigrateCommand::runMigrations():109}()
#20 C:\\Users\\rayan\\Desktop\\Radarleb coding\\vendor\\laravel\\framework\\src\\Illuminate\\Database\\Console\\Migrations\\MigrateCommand.php(109): Illuminate\\Database\\Migrations\\Migrator->usingConnection()
#21 C:\\Users\\rayan\\Desktop\\Radarleb coding\\vendor\\laravel\\framework\\src\\Illuminate\\Database\\Console\\Migrations\\MigrateCommand.php(88): Illuminate\\Database\\Console\\Migrations\\MigrateCommand->runMigrations()
#22 C:\\Users\\rayan\\Desktop\\Radarleb coding\\vendor\\laravel\\framework\\src\\Illuminate\\Container\\BoundMethod.php(36): Illuminate\\Database\\Console\\Migrations\\MigrateCommand->handle()
#23 C:\\Users\\rayan\\Desktop\\Radarleb coding\\vendor\\laravel\\framework\\src\\Illuminate\\Container\\Util.php(43): Illuminate\\Container\\BoundMethod::{closure:Illuminate\\Container\\BoundMethod::call():35}()
#24 C:\\Users\\rayan\\Desktop\\Radarleb coding\\vendor\\laravel\\framework\\src\\Illuminate\\Container\\BoundMethod.php(96): Illuminate\\Container\\Util::unwrapIfClosure()
#25 C:\\Users\\rayan\\Desktop\\Radarleb coding\\vendor\\laravel\\framework\\src\\Illuminate\\Container\\BoundMethod.php(35): Illuminate\\Container\\BoundMethod::callBoundMethod()
#26 C:\\Users\\rayan\\Desktop\\Radarleb coding\\vendor\\laravel\\framework\\src\\Illuminate\\Container\\Container.php(754): Illuminate\\Container\\BoundMethod::call()
#27 C:\\Users\\rayan\\Desktop\\Radarleb coding\\vendor\\laravel\\framework\\src\\Illuminate\\Console\\Command.php(211): Illuminate\\Container\\Container->call()
#28 C:\\Users\\rayan\\Desktop\\Radarleb coding\\vendor\\symfony\\console\\Command\\Command.php(279): Illuminate\\Console\\Command->execute()
#29 C:\\Users\\rayan\\Desktop\\Radarleb coding\\vendor\\laravel\\framework\\src\\Illuminate\\Console\\Command.php(180): Symfony\\Component\\Console\\Command\\Command->run()
#30 C:\\Users\\rayan\\Desktop\\Radarleb coding\\vendor\\laravel\\framework\\src\\Illuminate\\Console\\Concerns\\CallsCommands.php(68): Illuminate\\Console\\Command->run()
#31 C:\\Users\\rayan\\Desktop\\Radarleb coding\\vendor\\laravel\\framework\\src\\Illuminate\\Console\\Concerns\\CallsCommands.php(29): Illuminate\\Console\\Command->runCommand()
#32 C:\\Users\\rayan\\Desktop\\Radarleb coding\\vendor\\laravel\\framework\\src\\Illuminate\\Database\\Console\\Migrations\\FreshCommand.php(81): Illuminate\\Console\\Command->call()
#33 C:\\Users\\rayan\\Desktop\\Radarleb coding\\vendor\\laravel\\framework\\src\\Illuminate\\Container\\BoundMethod.php(36): Illuminate\\Database\\Console\\Migrations\\FreshCommand->handle()
#34 C:\\Users\\rayan\\Desktop\\Radarleb coding\\vendor\\laravel\\framework\\src\\Illuminate\\Container\\Util.php(43): Illuminate\\Container\\BoundMethod::{closure:Illuminate\\Container\\BoundMethod::call():35}()
#35 C:\\Users\\rayan\\Desktop\\Radarleb coding\\vendor\\laravel\\framework\\src\\Illuminate\\Container\\BoundMethod.php(96): Illuminate\\Container\\Util::unwrapIfClosure()
#36 C:\\Users\\rayan\\Desktop\\Radarleb coding\\vendor\\laravel\\framework\\src\\Illuminate\\Container\\BoundMethod.php(35): Illuminate\\Container\\BoundMethod::callBoundMethod()
#37 C:\\Users\\rayan\\Desktop\\Radarleb coding\\vendor\\laravel\\framework\\src\\Illuminate\\Container\\Container.php(754): Illuminate\\Container\\BoundMethod::call()
#38 C:\\Users\\rayan\\Desktop\\Radarleb coding\\vendor\\laravel\\framework\\src\\Illuminate\\Console\\Command.php(211): Illuminate\\Container\\Container->call()
#39 C:\\Users\\rayan\\Desktop\\Radarleb coding\\vendor\\symfony\\console\\Command\\Command.php(279): Illuminate\\Console\\Command->execute()
#40 C:\\Users\\rayan\\Desktop\\Radarleb coding\\vendor\\laravel\\framework\\src\\Illuminate\\Console\\Command.php(180): Symfony\\Component\\Console\\Command\\Command->run()
#41 C:\\Users\\rayan\\Desktop\\Radarleb coding\\vendor\\symfony\\console\\Application.php(1094): Illuminate\\Console\\Command->run()
#42 C:\\Users\\rayan\\Desktop\\Radarleb coding\\vendor\\symfony\\console\\Application.php(342): Symfony\\Component\\Console\\Application->doRunCommand()
#43 C:\\Users\\rayan\\Desktop\\Radarleb coding\\vendor\\symfony\\console\\Application.php(193): Symfony\\Component\\Console\\Application->doRun()
#44 C:\\Users\\rayan\\Desktop\\Radarleb coding\\vendor\\laravel\\framework\\src\\Illuminate\\Foundation\\Console\\Kernel.php(197): Symfony\\Component\\Console\\Application->run()
#45 C:\\Users\\rayan\\Desktop\\Radarleb coding\\vendor\\laravel\\framework\\src\\Illuminate\\Foundation\\Application.php(1234): Illuminate\\Foundation\\Console\\Kernel->handle()
#46 C:\\Users\\rayan\\Desktop\\Radarleb coding\\artisan(16): Illuminate\\Foundation\\Application->handleCommand()
#47 {main}
"} 
[2025-12-25 19:23:36] local.ERROR: Target class [DatabaseSeeder] does not exist. {"exception":"[object] (Illuminate\\Contracts\\Container\\BindingResolutionException(code: 0): Target class [DatabaseSeeder] does not exist. at C:\\Users\\rayan\\Desktop\\Radarleb coding\\vendor\\laravel\\framework\\src\\Illuminate\\Container\\Container.php:1019)
[stacktrace]
#0 C:\\Users\\rayan\\Desktop\\Radarleb coding\\vendor\\laravel\\framework\\src\\Illuminate\\Container\\Container.php(890): Illuminate\\Container\\Container->build()
#1 C:\\Users\\rayan\\Desktop\\Radarleb coding\\vendor\\laravel\\framework\\src\\Illuminate\\Foundation\\Application.php(1077): Illuminate\\Container\\Container->resolve()
#2 C:\\Users\\rayan\\Desktop\\Radarleb coding\\vendor\\laravel\\framework\\src\\Illuminate\\Container\\Container.php(821): Illuminate\\Foundation\\Application->resolve()
#3 C:\\Users\\rayan\\Desktop\\Radarleb coding\\vendor\\laravel\\framework\\src\\Illuminate\\Foundation\\Application.php(1057): Illuminate\\Container\\Container->make()
#4 C:\\Users\\rayan\\Desktop\\Radarleb coding\\vendor\\laravel\\framework\\src\\Illuminate\\Database\\Console\\Seeds\\SeedCommand.php(99): Illuminate\\Foundation\\Application->make()
#5 C:\\Users\\rayan\\Desktop\\Radarleb coding\\vendor\\laravel\\framework\\src\\Illuminate\\Database\\Console\\Seeds\\SeedCommand.php(71): Illuminate\\Database\\Console\\Seeds\\SeedCommand->getSeeder()
#6 C:\\Users\\rayan\\Desktop\\Radarleb coding\\vendor\\laravel\\framework\\src\\Illuminate\\Database\\Eloquent\\Concerns\\GuardsAttributes.php(155): Illuminate\\Database\\Console\\Seeds\\SeedCommand->{closure:Illuminate\\Database\\Console\\Seeds\\SeedCommand::handle():70}()
#7 C:\\Users\\rayan\\Desktop\\Radarleb coding\\vendor\\laravel\\framework\\src\\Illuminate\\Database\\Console\\Seeds\\SeedCommand.php(70): Illuminate\\Database\\Eloquent\\Model::unguarded()
#8 C:\\Users\\rayan\\Desktop\\Radarleb coding\\vendor\\laravel\\framework\\src\\Illuminate\\Container\\BoundMethod.php(36): Illuminate\\Database\\Console\\Seeds\\SeedCommand->handle()
#9 C:\\Users\\rayan\\Desktop\\Radarleb coding\\vendor\\laravel\\framework\\src\\Illuminate\\Container\\Util.php(43): Illuminate\\Container\\BoundMethod::{closure:Illuminate\\Container\\BoundMethod::call():35}()
#10 C:\\Users\\rayan\\Desktop\\Radarleb coding\\vendor\\laravel\\framework\\src\\Illuminate\\Container\\BoundMethod.php(96): Illuminate\\Container\\Util::unwrapIfClosure()
#11 C:\\Users\\rayan\\Desktop\\Radarleb coding\\vendor\\laravel\\framework\\src\\Illuminate\\Container\\BoundMethod.php(35): Illuminate\\Container\\BoundMethod::callBoundMethod()
#12 C:\\Users\\rayan\\Desktop\\Radarleb coding\\vendor\\laravel\\framework\\src\\Illuminate\\Container\\Container.php(754): Illuminate\\Container\\BoundMethod::call()
#13 C:\\Users\\rayan\\Desktop\\Radarleb coding\\vendor\\laravel\\framework\\src\\Illuminate\\Console\\Command.php(211): Illuminate\\Container\\Container->call()
#14 C:\\Users\\rayan\\Desktop\\Radarleb coding\\vendor\\symfony\\console\\Command\\Command.php(279): Illuminate\\Console\\Command->execute()
#15 C:\\Users\\rayan\\Desktop\\Radarleb coding\\vendor\\laravel\\framework\\src\\Illuminate\\Console\\Command.php(180): Symfony\\Component\\Console\\Command\\Command->run()
#16 C:\\Users\\rayan\\Desktop\\Radarleb coding\\vendor\\symfony\\console\\Application.php(1094): Illuminate\\Console\\Command->run()
#17 C:\\Users\\rayan\\Desktop\\Radarleb coding\\vendor\\symfony\\console\\Application.php(342): Symfony\\Component\\Console\\Application->doRunCommand()
#18 C:\\Users\\rayan\\Desktop\\Radarleb coding\\vendor\\symfony\\console\\Application.php(193): Symfony\\Component\\Console\\Application->doRun()
#19 C:\\Users\\rayan\\Desktop\\Radarleb coding\\vendor\\laravel\\framework\\src\\Illuminate\\Foundation\\Console\\Kernel.php(197): Symfony\\Component\\Console\\Application->run()
#20 C:\\Users\\rayan\\Desktop\\Radarleb coding\\vendor\\laravel\\framework\\src\\Illuminate\\Foundation\\Application.php(1234): Illuminate\\Foundation\\Console\\Kernel->handle()
#21 C:\\Users\\rayan\\Desktop\\Radarleb coding\\artisan(16): Illuminate\\Foundation\\Application->handleCommand()
#22 {main}

[previous exception] [object] (ReflectionException(code: -1): Class \"DatabaseSeeder\" does not exist at C:\\Users\\rayan\\Desktop\\Radarleb coding\\vendor\\laravel\\framework\\src\\Illuminate\\Container\\Container.php:1017)
[stacktrace]
#0 C:\\Users\\rayan\\Desktop\\Radarleb coding\\vendor\\laravel\\framework\\src\\Illuminate\\Container\\Container.php(1017): ReflectionClass->__construct()
#1 C:\\Users\\rayan\\Desktop\\Radarleb coding\\vendor\\laravel\\framework\\src\\Illuminate\\Container\\Container.php(890): Illuminate\\Container\\Container->build()
#2 C:\\Users\\rayan\\Desktop\\Radarleb coding\\vendor\\laravel\\framework\\src\\Illuminate\\Foundation\\Application.php(1077): Illuminate\\Container\\Container->resolve()
#3 C:\\Users\\rayan\\Desktop\\Radarleb coding\\vendor\\laravel\\framework\\src\\Illuminate\\Container\\Container.php(821): Illuminate\\Foundation\\Application->resolve()
#4 C:\\Users\\rayan\\Desktop\\Radarleb coding\\vendor\\laravel\\framework\\src\\Illuminate\\Foundation\\Application.php(1057): Illuminate\\Container\\Container->make()
#5 C:\\Users\\rayan\\Desktop\\Radarleb coding\\vendor\\laravel\\framework\\src\\Illuminate\\Database\\Console\\Seeds\\SeedCommand.php(99): Illuminate\\Foundation\\Application->make()
#6 C:\\Users\\rayan\\Desktop\\Radarleb coding\\vendor\\laravel\\framework\\src\\Illuminate\\Database\\Console\\Seeds\\SeedCommand.php(71): Illuminate\\Database\\Console\\Seeds\\SeedCommand->getSeeder()
#7 C:\\Users\\rayan\\Desktop\\Radarleb coding\\vendor\\laravel\\framework\\src\\Illuminate\\Database\\Eloquent\\Concerns\\GuardsAttributes.php(155): Illuminate\\Database\\Console\\Seeds\\SeedCommand->{closure:Illuminate\\Database\\Console\\Seeds\\SeedCommand::handle():70}()
#8 C:\\Users\\rayan\\Desktop\\Radarleb coding\\vendor\\laravel\\framework\\src\\Illuminate\\Database\\Console\\Seeds\\SeedCommand.php(70): Illuminate\\Database\\Eloquent\\Model::unguarded()
#9 C:\\Users\\rayan\\Desktop\\Radarleb coding\\vendor\\laravel\\framework\\src\\Illuminate\\Container\\BoundMethod.php(36): Illuminate\\Database\\Console\\Seeds\\SeedCommand->handle()
#10 C:\\Users\\rayan\\Desktop\\Radarleb coding\\vendor\\laravel\\framework\\src\\Illuminate\\Container\\Util.php(43): Illuminate\\Container\\BoundMethod::{closure:Illuminate\\Container\\BoundMethod::call():35}()
#11 C:\\Users\\rayan\\Desktop\\Radarleb coding\\vendor\\laravel\\framework\\src\\Illuminate\\Container\\BoundMethod.php(96): Illuminate\\Container\\Util::unwrapIfClosure()
#12 C:\\Users\\rayan\\Desktop\\Radarleb coding\\vendor\\laravel\\framework\\src\\Illuminate\\Container\\BoundMethod.php(35): Illuminate\\Container\\BoundMethod::callBoundMethod()
#13 C:\\Users\\rayan\\Desktop\\Radarleb coding\\vendor\\laravel\\framework\\src\\Illuminate\\Container\\Container.php(754): Illuminate\\Container\\BoundMethod::call()
#14 C:\\Users\\rayan\\Desktop\\Radarleb coding\\vendor\\laravel\\framework\\src\\Illuminate\\Console\\Command.php(211): Illuminate\\Container\\Container->call()
#15 C:\\Users\\rayan\\Desktop\\Radarleb coding\\vendor\\symfony\\console\\Command\\Command.php(279): Illuminate\\Console\\Command->execute()
#16 C:\\Users\\rayan\\Desktop\\Radarleb coding\\vendor\\laravel\\framework\\src\\Illuminate\\Console\\Command.php(180): Symfony\\Component\\Console\\Command\\Command->run()
#17 C:\\Users\\rayan\\Desktop\\Radarleb coding\\vendor\\symfony\\console\\Application.php(1094): Illuminate\\Console\\Command->run()
#18 C:\\Users\\rayan\\Desktop\\Radarleb coding\\vendor\\symfony\\console\\Application.php(342): Symfony\\Component\\Console\\Application->doRunCommand()
#19 C:\\Users\\rayan\\Desktop\\Radarleb coding\\vendor\\symfony\\console\\Application.php(193): Symfony\\Component\\Console\\Application->doRun()
#20 C:\\Users\\rayan\\Desktop\\Radarleb coding\\vendor\\laravel\\framework\\src\\Illuminate\\Foundation\\Console\\Kernel.php(197): Symfony\\Component\\Console\\Application->run()
#21 C:\\Users\\rayan\\Desktop\\Radarleb coding\\vendor\\laravel\\framework\\src\\Illuminate\\Foundation\\Application.php(1234): Illuminate\\Foundation\\Console\\Kernel->handle()
#22 C:\\Users\\rayan\\Desktop\\Radarleb coding\\artisan(16): Illuminate\\Foundation\\Application->handleCommand()
#23 {main}
"} 
[2025-12-25 19:23:58] local.ERROR: Class "Database\Factories\UserFactory" not found {"exception":"[object] (Error(code: 0): Class \"Database\\Factories\\UserFactory\" not found at C:\\Users\\rayan\\Desktop\\Radarleb coding\\vendor\\laravel\\framework\\src\\Illuminate\\Database\\Eloquent\\Factories\\Factory.php:885)
[stacktrace]
#0 C:\\Users\\rayan\\Desktop\\Radarleb coding\\vendor\\laravel\\framework\\src\\Illuminate\\Database\\Eloquent\\Factories\\HasFactory.php(21): Illuminate\\Database\\Eloquent\\Factories\\Factory::factoryForModel()
#1 C:\\Users\\rayan\\Desktop\\Radarleb coding\\database\\seeders\\DatabaseSeeder.php(18): App\\Models\\User::factory()
#2 C:\\Users\\rayan\\Desktop\\Radarleb coding\\vendor\\laravel\\framework\\src\\Illuminate\\Container\\BoundMethod.php(36): Database\\Seeders\\DatabaseSeeder->run()
#3 C:\\Users\\rayan\\Desktop\\Radarleb coding\\vendor\\laravel\\framework\\src\\Illuminate\\Container\\Util.php(43): Illuminate\\Container\\BoundMethod::{closure:Illuminate\\Container\\BoundMethod::call():35}()
#4 C:\\Users\\rayan\\Desktop\\Radarleb coding\\vendor\\laravel\\framework\\src\\Illuminate\\Container\\BoundMethod.php(96): Illuminate\\Container\\Util::unwrapIfClosure()
#5 C:\\Users\\rayan\\Desktop\\Radarleb coding\\vendor\\laravel\\framework\\src\\Illuminate\\Container\\BoundMethod.php(35): Illuminate\\Container\\BoundMethod::callBoundMethod()
#6 C:\\Users\\rayan\\Desktop\\Radarleb coding\\vendor\\laravel\\framework\\src\\Illuminate\\Container\\Container.php(754): Illuminate\\Container\\BoundMethod::call()
#7 C:\\Users\\rayan\\Desktop\\Radarleb coding\\vendor\\laravel\\framework\\src\\Illuminate\\Database\\Seeder.php(188): Illuminate\\Container\\Container->call()
#8 C:\\Users\\rayan\\Desktop\\Radarleb coding\\vendor\\laravel\\framework\\src\\Illuminate\\Database\\Seeder.php(197): Illuminate\\Database\\Seeder->{closure:Illuminate\\Database\\Seeder::__invoke():187}()
#9 C:\\Users\\rayan\\Desktop\\Radarleb coding\\vendor\\laravel\\framework\\src\\Illuminate\\Database\\Console\\Seeds\\SeedCommand.php(71): Illuminate\\Database\\Seeder->__invoke()
#10 C:\\Users\\rayan\\Desktop\\Radarleb coding\\vendor\\laravel\\framework\\src\\Illuminate\\Database\\Eloquent\\Concerns\\GuardsAttributes.php(155): Illuminate\\Database\\Console\\Seeds\\SeedCommand->{closure:Illuminate\\Database\\Console\\Seeds\\SeedCommand::handle():70}()
#11 C:\\Users\\rayan\\Desktop\\Radarleb coding\\vendor\\laravel\\framework\\src\\Illuminate\\Database\\Console\\Seeds\\SeedCommand.php(70): Illuminate\\Database\\Eloquent\\Model::unguarded()
#12 C:\\Users\\rayan\\Desktop\\Radarleb coding\\vendor\\laravel\\framework\\src\\Illuminate\\Container\\BoundMethod.php(36): Illuminate\\Database\\Console\\Seeds\\SeedCommand->handle()
#13 C:\\Users\\rayan\\Desktop\\Radarleb coding\\vendor\\laravel\\framework\\src\\Illuminate\\Container\\Util.php(43): Illuminate\\Container\\BoundMethod::{closure:Illuminate\\Container\\BoundMethod::call():35}()
#14 C:\\Users\\rayan\\Desktop\\Radarleb coding\\vendor\\laravel\\framework\\src\\Illuminate\\Container\\BoundMethod.php(96): Illuminate\\Container\\Util::unwrapIfClosure()
#15 C:\\Users\\rayan\\Desktop\\Radarleb coding\\vendor\\laravel\\framework\\src\\Illuminate\\Container\\BoundMethod.php(35): Illuminate\\Container\\BoundMethod::callBoundMethod()
#16 C:\\Users\\rayan\\Desktop\\Radarleb coding\\vendor\\laravel\\framework\\src\\Illuminate\\Container\\Container.php(754): Illuminate\\Container\\BoundMethod::call()
#17 C:\\Users\\rayan\\Desktop\\Radarleb coding\\vendor\\laravel\\framework\\src\\Illuminate\\Console\\Command.php(211): Illuminate\\Container\\Container->call()
#18 C:\\Users\\rayan\\Desktop\\Radarleb coding\\vendor\\symfony\\console\\Command\\Command.php(279): Illuminate\\Console\\Command->execute()
#19 C:\\Users\\rayan\\Desktop\\Radarleb coding\\vendor\\laravel\\framework\\src\\Illuminate\\Console\\Command.php(180): Symfony\\Component\\Console\\Command\\Command->run()
#20 C:\\Users\\rayan\\Desktop\\Radarleb coding\\vendor\\symfony\\console\\Application.php(1094): Illuminate\\Console\\Command->run()
#21 C:\\Users\\rayan\\Desktop\\Radarleb coding\\vendor\\symfony\\console\\Application.php(342): Symfony\\Component\\Console\\Application->doRunCommand()
#22 C:\\Users\\rayan\\Desktop\\Radarleb coding\\vendor\\symfony\\console\\Application.php(193): Symfony\\Component\\Console\\Application->doRun()
#23 C:\\Users\\rayan\\Desktop\\Radarleb coding\\vendor\\laravel\\framework\\src\\Illuminate\\Foundation\\Console\\Kernel.php(197): Symfony\\Component\\Console\\Application->run()
#24 C:\\Users\\rayan\\Desktop\\Radarleb coding\\vendor\\laravel\\framework\\src\\Illuminate\\Foundation\\Application.php(1234): Illuminate\\Foundation\\Console\\Kernel->handle()
#25 C:\\Users\\rayan\\Desktop\\Radarleb coding\\artisan(16): Illuminate\\Foundation\\Application->handleCommand()
#26 {main}
"} 
[2025-12-25 19:24:09] local.ERROR: Class "Database\Factories\UserFactory" not found {"exception":"[object] (Error(code: 0): Class \"Database\\Factories\\UserFactory\" not found at C:\\Users\\rayan\\Desktop\\Radarleb coding\\vendor\\laravel\\framework\\src\\Illuminate\\Database\\Eloquent\\Factories\\Factory.php:885)
[stacktrace]
#0 C:\\Users\\rayan\\Desktop\\Radarleb coding\\vendor\\laravel\\framework\\src\\Illuminate\\Database\\Eloquent\\Factories\\HasFactory.php(21): Illuminate\\Database\\Eloquent\\Factories\\Factory::factoryForModel()
#1 C:\\Users\\rayan\\Desktop\\Radarleb coding\\database\\seeders\\DatabaseSeeder.php(18): App\\Models\\User::factory()
#2 C:\\Users\\rayan\\Desktop\\Radarleb coding\\vendor\\laravel\\framework\\src\\Illuminate\\Container\\BoundMethod.php(36): Database\\Seeders\\DatabaseSeeder->run()
#3 C:\\Users\\rayan\\Desktop\\Radarleb coding\\vendor\\laravel\\framework\\src\\Illuminate\\Container\\Util.php(43): Illuminate\\Container\\BoundMethod::{closure:Illuminate\\Container\\BoundMethod::call():35}()
#4 C:\\Users\\rayan\\Desktop\\Radarleb coding\\vendor\\laravel\\framework\\src\\Illuminate\\Container\\BoundMethod.php(96): Illuminate\\Container\\Util::unwrapIfClosure()
#5 C:\\Users\\rayan\\Desktop\\Radarleb coding\\vendor\\laravel\\framework\\src\\Illuminate\\Container\\BoundMethod.php(35): Illuminate\\Container\\BoundMethod::callBoundMethod()
#6 C:\\Users\\rayan\\Desktop\\Radarleb coding\\vendor\\laravel\\framework\\src\\Illuminate\\Container\\Container.php(754): Illuminate\\Container\\BoundMethod::call()
#7 C:\\Users\\rayan\\Desktop\\Radarleb coding\\vendor\\laravel\\framework\\src\\Illuminate\\Database\\Seeder.php(188): Illuminate\\Container\\Container->call()
#8 C:\\Users\\rayan\\Desktop\\Radarleb coding\\vendor\\laravel\\framework\\src\\Illuminate\\Database\\Seeder.php(197): Illuminate\\Database\\Seeder->{closure:Illuminate\\Database\\Seeder::__invoke():187}()
#9 C:\\Users\\rayan\\Desktop\\Radarleb coding\\vendor\\laravel\\framework\\src\\Illuminate\\Database\\Console\\Seeds\\SeedCommand.php(71): Illuminate\\Database\\Seeder->__invoke()
#10 C:\\Users\\rayan\\Desktop\\Radarleb coding\\vendor\\laravel\\framework\\src\\Illuminate\\Database\\Eloquent\\Concerns\\GuardsAttributes.php(155): Illuminate\\Database\\Console\\Seeds\\SeedCommand->{closure:Illuminate\\Database\\Console\\Seeds\\SeedCommand::handle():70}()
#11 C:\\Users\\rayan\\Desktop\\Radarleb coding\\vendor\\laravel\\framework\\src\\Illuminate\\Database\\Console\\Seeds\\SeedCommand.php(70): Illuminate\\Database\\Eloquent\\Model::unguarded()
#12 C:\\Users\\rayan\\Desktop\\Radarleb coding\\vendor\\laravel\\framework\\src\\Illuminate\\Container\\BoundMethod.php(36): Illuminate\\Database\\Console\\Seeds\\SeedCommand->handle()
#13 C:\\Users\\rayan\\Desktop\\Radarleb coding\\vendor\\laravel\\framework\\src\\Illuminate\\Container\\Util.php(43): Illuminate\\Container\\BoundMethod::{closure:Illuminate\\Container\\BoundMethod::call():35}()
#14 C:\\Users\\rayan\\Desktop\\Radarleb coding\\vendor\\laravel\\framework\\src\\Illuminate\\Container\\BoundMethod.php(96): Illuminate\\Container\\Util::unwrapIfClosure()
#15 C:\\Users\\rayan\\Desktop\\Radarleb coding\\vendor\\laravel\\framework\\src\\Illuminate\\Container\\BoundMethod.php(35): Illuminate\\Container\\BoundMethod::callBoundMethod()
#16 C:\\Users\\rayan\\Desktop\\Radarleb coding\\vendor\\laravel\\framework\\src\\Illuminate\\Container\\Container.php(754): Illuminate\\Container\\BoundMethod::call()
#17 C:\\Users\\rayan\\Desktop\\Radarleb coding\\vendor\\laravel\\framework\\src\\Illuminate\\Console\\Command.php(211): Illuminate\\Container\\Container->call()
#18 C:\\Users\\rayan\\Desktop\\Radarleb coding\\vendor\\symfony\\console\\Command\\Command.php(279): Illuminate\\Console\\Command->execute()
#19 C:\\Users\\rayan\\Desktop\\Radarleb coding\\vendor\\laravel\\framework\\src\\Illuminate\\Console\\Command.php(180): Symfony\\Component\\Console\\Command\\Command->run()
#20 C:\\Users\\rayan\\Desktop\\Radarleb coding\\vendor\\symfony\\console\\Application.php(1094): Illuminate\\Console\\Command->run()
#21 C:\\Users\\rayan\\Desktop\\Radarleb coding\\vendor\\symfony\\console\\Application.php(342): Symfony\\Component\\Console\\Application->doRunCommand()
#22 C:\\Users\\rayan\\Desktop\\Radarleb coding\\vendor\\symfony\\console\\Application.php(193): Symfony\\Component\\Console\\Application->doRun()
#23 C:\\Users\\rayan\\Desktop\\Radarleb coding\\vendor\\laravel\\framework\\src\\Illuminate\\Foundation\\Console\\Kernel.php(197): Symfony\\Component\\Console\\Application->run()
#24 C:\\Users\\rayan\\Desktop\\Radarleb coding\\vendor\\laravel\\framework\\src\\Illuminate\\Foundation\\Application.php(1234): Illuminate\\Foundation\\Console\\Kernel->handle()
#25 C:\\Users\\rayan\\Desktop\\Radarleb coding\\artisan(16): Illuminate\\Foundation\\Application->handleCommand()
#26 {main}
"} 
[2025-12-25 19:24:21] local.ERROR: Call to undefined function Termwind\ValueObjects\mb_strimwidth() {"exception":"[object] (Error(code: 0): Call to undefined function Termwind\\ValueObjects\\mb_strimwidth() at C:\\Users\\rayan\\Desktop\\Radarleb coding\\vendor\\nunomaduro\\termwind\\src\\ValueObjects\\Styles.php:1052)
[stacktrace]
#0 C:\\Users\\rayan\\Desktop\\Radarleb coding\\vendor\\nunomaduro\\termwind\\src\\ValueObjects\\Styles.php(870): Termwind\\ValueObjects\\Styles::trimText()
#1 C:\\Users\\rayan\\Desktop\\Radarleb coding\\vendor\\nunomaduro\\termwind\\src\\ValueObjects\\Styles.php(732): Termwind\\ValueObjects\\Styles->applyWidth()
#2 C:\\Users\\rayan\\Desktop\\Radarleb coding\\vendor\\nunomaduro\\termwind\\src\\Components\\Element.php(77): Termwind\\ValueObjects\\Styles->format()
#3 C:\\Users\\rayan\\Desktop\\Radarleb coding\\vendor\\nunomaduro\\termwind\\src\\Components\\Element.php(120): Termwind\\Components\\Element->toString()
#4 [internal function]: Termwind\\Components\\Element->__toString()
#5 C:\\Users\\rayan\\Desktop\\Radarleb coding\\vendor\\nunomaduro\\termwind\\src\\Components\\Element.php(74): implode()
#6 C:\\Users\\rayan\\Desktop\\Radarleb coding\\vendor\\nunomaduro\\termwind\\src\\Components\\Element.php(112): Termwind\\Components\\Element->toString()
#7 C:\\Users\\rayan\\Desktop\\Radarleb coding\\vendor\\nunomaduro\\termwind\\src\\HtmlRenderer.php(24): Termwind\\Components\\Element->render()
#8 C:\\Users\\rayan\\Desktop\\Radarleb coding\\vendor\\nunomaduro\\termwind\\src\\Functions.php(41): Termwind\\HtmlRenderer->render()
#9 C:\\Users\\rayan\\Desktop\\Radarleb coding\\vendor\\laravel\\framework\\src\\Illuminate\\Console\\View\\Components\\Component.php(51): Termwind\\render()
#10 C:\\Users\\rayan\\Desktop\\Radarleb coding\\vendor\\laravel\\framework\\src\\Illuminate\\Console\\View\\Components\\TwoColumnDetail.php(31): Illuminate\\Console\\View\\Components\\Component->renderView()
#11 C:\\Users\\rayan\\Desktop\\Radarleb coding\\vendor\\laravel\\framework\\src\\Illuminate\\Database\\Seeder.php(53): Illuminate\\Console\\View\\Components\\TwoColumnDetail->render()
#12 C:\\Users\\rayan\\Desktop\\Radarleb coding\\database\\seeders\\DatabaseSeeder.php(24): Illuminate\\Database\\Seeder->call()
#13 C:\\Users\\rayan\\Desktop\\Radarleb coding\\vendor\\laravel\\framework\\src\\Illuminate\\Container\\BoundMethod.php(36): Database\\Seeders\\DatabaseSeeder->run()
#14 C:\\Users\\rayan\\Desktop\\Radarleb coding\\vendor\\laravel\\framework\\src\\Illuminate\\Container\\Util.php(43): Illuminate\\Container\\BoundMethod::{closure:Illuminate\\Container\\BoundMethod::call():35}()
#15 C:\\Users\\rayan\\Desktop\\Radarleb coding\\vendor\\laravel\\framework\\src\\Illuminate\\Container\\BoundMethod.php(96): Illuminate\\Container\\Util::unwrapIfClosure()
#16 C:\\Users\\rayan\\Desktop\\Radarleb coding\\vendor\\laravel\\framework\\src\\Illuminate\\Container\\BoundMethod.php(35): Illuminate\\Container\\BoundMethod::callBoundMethod()
#17 C:\\Users\\rayan\\Desktop\\Radarleb coding\\vendor\\laravel\\framework\\src\\Illuminate\\Container\\Container.php(754): Illuminate\\Container\\BoundMethod::call()
#18 C:\\Users\\rayan\\Desktop\\Radarleb coding\\vendor\\laravel\\framework\\src\\Illuminate\\Database\\Seeder.php(188): Illuminate\\Container\\Container->call()
#19 C:\\Users\\rayan\\Desktop\\Radarleb coding\\vendor\\laravel\\framework\\src\\Illuminate\\Database\\Seeder.php(197): Illuminate\\Database\\Seeder->{closure:Illuminate\\Database\\Seeder::__invoke():187}()
#20 C:\\Users\\rayan\\Desktop\\Radarleb coding\\vendor\\laravel\\framework\\src\\Illuminate\\Database\\Console\\Seeds\\SeedCommand.php(71): Illuminate\\Database\\Seeder->__invoke()
#21 C:\\Users\\rayan\\Desktop\\Radarleb coding\\vendor\\laravel\\framework\\src\\Illuminate\\Database\\Eloquent\\Concerns\\GuardsAttributes.php(155): Illuminate\\Database\\Console\\Seeds\\SeedCommand->{closure:Illuminate\\Database\\Console\\Seeds\\SeedCommand::handle():70}()
#22 C:\\Users\\rayan\\Desktop\\Radarleb coding\\vendor\\laravel\\framework\\src\\Illuminate\\Database\\Console\\Seeds\\SeedCommand.php(70): Illuminate\\Database\\Eloquent\\Model::unguarded()
#23 C:\\Users\\rayan\\Desktop\\Radarleb coding\\vendor\\laravel\\framework\\src\\Illuminate\\Container\\BoundMethod.php(36): Illuminate\\Database\\Console\\Seeds\\SeedCommand->handle()
#24 C:\\Users\\rayan\\Desktop\\Radarleb coding\\vendor\\laravel\\framework\\src\\Illuminate\\Container\\Util.php(43): Illuminate\\Container\\BoundMethod::{closure:Illuminate\\Container\\BoundMethod::call():35}()
#25 C:\\Users\\rayan\\Desktop\\Radarleb coding\\vendor\\laravel\\framework\\src\\Illuminate\\Container\\BoundMethod.php(96): Illuminate\\Container\\Util::unwrapIfClosure()
#26 C:\\Users\\rayan\\Desktop\\Radarleb coding\\vendor\\laravel\\framework\\src\\Illuminate\\Container\\BoundMethod.php(35): Illuminate\\Container\\BoundMethod::callBoundMethod()
#27 C:\\Users\\rayan\\Desktop\\Radarleb coding\\vendor\\laravel\\framework\\src\\Illuminate\\Container\\Container.php(754): Illuminate\\Container\\BoundMethod::call()
#28 C:\\Users\\rayan\\Desktop\\Radarleb coding\\vendor\\laravel\\framework\\src\\Illuminate\\Console\\Command.php(211): Illuminate\\Container\\Container->call()
#29 C:\\Users\\rayan\\Desktop\\Radarleb coding\\vendor\\symfony\\console\\Command\\Command.php(279): Illuminate\\Console\\Command->execute()
#30 C:\\Users\\rayan\\Desktop\\Radarleb coding\\vendor\\laravel\\framework\\src\\Illuminate\\Console\\Command.php(180): Symfony\\Component\\Console\\Command\\Command->run()
#31 C:\\Users\\rayan\\Desktop\\Radarleb coding\\vendor\\symfony\\console\\Application.php(1094): Illuminate\\Console\\Command->run()
#32 C:\\Users\\rayan\\Desktop\\Radarleb coding\\vendor\\symfony\\console\\Application.php(342): Symfony\\Component\\Console\\Application->doRunCommand()
#33 C:\\Users\\rayan\\Desktop\\Radarleb coding\\vendor\\symfony\\console\\Application.php(193): Symfony\\Component\\Console\\Application->doRun()
#34 C:\\Users\\rayan\\Desktop\\Radarleb coding\\vendor\\laravel\\framework\\src\\Illuminate\\Foundation\\Console\\Kernel.php(197): Symfony\\Component\\Console\\Application->run()
#35 C:\\Users\\rayan\\Desktop\\Radarleb coding\\vendor\\laravel\\framework\\src\\Illuminate\\Foundation\\Application.php(1234): Illuminate\\Foundation\\Console\\Kernel->handle()
#36 C:\\Users\\rayan\\Desktop\\Radarleb coding\\artisan(16): Illuminate\\Foundation\\Application->handleCommand()
#37 {main}
"} 
[2025-12-25 19:31:24] local.ERROR: PHP Parse error: Syntax error, unexpected '=' on line 1 {"exception":"[object] (Psy\\Exception\\ParseErrorException(code: 0): PHP Parse error: Syntax error, unexpected '=' on line 1 at C:\\Users\\rayan\\Desktop\\Radarleb coding\\vendor\\psy\\psysh\\src\\Exception\\ParseErrorException.php:44)
[stacktrace]
#0 C:\\Users\\rayan\\Desktop\\Radarleb coding\\vendor\\psy\\psysh\\src\\CodeCleaner.php(306): Psy\\Exception\\ParseErrorException::fromParseError()
#1 C:\\Users\\rayan\\Desktop\\Radarleb coding\\vendor\\psy\\psysh\\src\\CodeCleaner.php(240): Psy\\CodeCleaner->parse()
#2 C:\\Users\\rayan\\Desktop\\Radarleb coding\\vendor\\psy\\psysh\\src\\Shell.php(852): Psy\\CodeCleaner->clean()
#3 C:\\Users\\rayan\\Desktop\\Radarleb coding\\vendor\\psy\\psysh\\src\\Shell.php(881): Psy\\Shell->addCode()
#4 C:\\Users\\rayan\\Desktop\\Radarleb coding\\vendor\\psy\\psysh\\src\\Shell.php(1390): Psy\\Shell->setCode()
#5 C:\\Users\\rayan\\Desktop\\Radarleb coding\\vendor\\laravel\\tinker\\src\\Console\\TinkerCommand.php(76): Psy\\Shell->execute()
#6 C:\\Users\\rayan\\Desktop\\Radarleb coding\\vendor\\laravel\\framework\\src\\Illuminate\\Container\\BoundMethod.php(36): Laravel\\Tinker\\Console\\TinkerCommand->handle()
#7 C:\\Users\\rayan\\Desktop\\Radarleb coding\\vendor\\laravel\\framework\\src\\Illuminate\\Container\\Util.php(43): Illuminate\\Container\\BoundMethod::{closure:Illuminate\\Container\\BoundMethod::call():35}()
#8 C:\\Users\\rayan\\Desktop\\Radarleb coding\\vendor\\laravel\\framework\\src\\Illuminate\\Container\\BoundMethod.php(96): Illuminate\\Container\\Util::unwrapIfClosure()
#9 C:\\Users\\rayan\\Desktop\\Radarleb coding\\vendor\\laravel\\framework\\src\\Illuminate\\Container\\BoundMethod.php(35): Illuminate\\Container\\BoundMethod::callBoundMethod()
#10 C:\\Users\\rayan\\Desktop\\Radarleb coding\\vendor\\laravel\\framework\\src\\Illuminate\\Container\\Container.php(754): Illuminate\\Container\\BoundMethod::call()
#11 C:\\Users\\rayan\\Desktop\\Radarleb coding\\vendor\\laravel\\framework\\src\\Illuminate\\Console\\Command.php(211): Illuminate\\Container\\Container->call()
#12 C:\\Users\\rayan\\Desktop\\Radarleb coding\\vendor\\symfony\\console\\Command\\Command.php(279): Illuminate\\Console\\Command->execute()
#13 C:\\Users\\rayan\\Desktop\\Radarleb coding\\vendor\\laravel\\framework\\src\\Illuminate\\Console\\Command.php(180): Symfony\\Component\\Console\\Command\\Command->run()
#14 C:\\Users\\rayan\\Desktop\\Radarleb coding\\vendor\\symfony\\console\\Application.php(1094): Illuminate\\Console\\Command->run()
#15 C:\\Users\\rayan\\Desktop\\Radarleb coding\\vendor\\symfony\\console\\Application.php(342): Symfony\\Component\\Console\\Application->doRunCommand()
#16 C:\\Users\\rayan\\Desktop\\Radarleb coding\\vendor\\symfony\\console\\Application.php(193): Symfony\\Component\\Console\\Application->doRun()
#17 C:\\Users\\rayan\\Desktop\\Radarleb coding\\vendor\\laravel\\framework\\src\\Illuminate\\Foundation\\Console\\Kernel.php(197): Symfony\\Component\\Console\\Application->run()
#18 C:\\Users\\rayan\\Desktop\\Radarleb coding\\vendor\\laravel\\framework\\src\\Illuminate\\Foundation\\Application.php(1234): Illuminate\\Foundation\\Console\\Kernel->handle()
#19 C:\\Users\\rayan\\Desktop\\Radarleb coding\\artisan(16): Illuminate\\Foundation\\Application->handleCommand()
#20 {main}
"} 
[2025-12-25 19:33:53] local.ERROR: Class "App\Http\Requests\Auth\LoginRequest" does not exist {"exception":"[object] (ReflectionException(code: -1): Class \"App\\Http\\Requests\\Auth\\LoginRequest\" does not exist at C:\\Users\\rayan\\Desktop\\Radarleb coding\\vendor\\laravel\\framework\\src\\Illuminate\\Routing\\ResolvesRouteDependencies.php:88)
[stacktrace]
#0 C:\\Users\\rayan\\Desktop\\Radarleb coding\\vendor\\laravel\\framework\\src\\Illuminate\\Routing\\ResolvesRouteDependencies.php(88): ReflectionClass->__construct()
#1 C:\\Users\\rayan\\Desktop\\Radarleb coding\\vendor\\laravel\\framework\\src\\Illuminate\\Routing\\ResolvesRouteDependencies.php(51): Illuminate\\Routing\\ControllerDispatcher->transformDependency()
#2 C:\\Users\\rayan\\Desktop\\Radarleb coding\\vendor\\laravel\\framework\\src\\Illuminate\\Routing\\ResolvesRouteDependencies.php(30): Illuminate\\Routing\\ControllerDispatcher->resolveMethodDependencies()
#3 C:\\Users\\rayan\\Desktop\\Radarleb coding\\vendor\\laravel\\framework\\src\\Illuminate\\Routing\\ControllerDispatcher.php(59): Illuminate\\Routing\\ControllerDispatcher->resolveClassMethodDependencies()
#4 C:\\Users\\rayan\\Desktop\\Radarleb coding\\vendor\\laravel\\framework\\src\\Illuminate\\Routing\\ControllerDispatcher.php(40): Illuminate\\Routing\\ControllerDispatcher->resolveParameters()
#5 C:\\Users\\rayan\\Desktop\\Radarleb coding\\vendor\\laravel\\framework\\src\\Illuminate\\Routing\\Route.php(265): Illuminate\\Routing\\ControllerDispatcher->dispatch()
#6 C:\\Users\\rayan\\Desktop\\Radarleb coding\\vendor\\laravel\\framework\\src\\Illuminate\\Routing\\Route.php(211): Illuminate\\Routing\\Route->runController()
#7 C:\\Users\\rayan\\Desktop\\Radarleb coding\\vendor\\laravel\\framework\\src\\Illuminate\\Routing\\Router.php(808): Illuminate\\Routing\\Route->run()
#8 C:\\Users\\rayan\\Desktop\\Radarleb coding\\vendor\\laravel\\framework\\src\\Illuminate\\Pipeline\\Pipeline.php(169): Illuminate\\Routing\\Router->{closure:Illuminate\\Routing\\Router::runRouteWithinStack():807}()
#9 C:\\Users\\rayan\\Desktop\\Radarleb coding\\vendor\\laravel\\framework\\src\\Illuminate\\Auth\\Middleware\\RedirectIfAuthenticated.php(35): Illuminate\\Pipeline\\Pipeline->{closure:Illuminate\\Pipeline\\Pipeline::prepareDestination():167}()
#10 C:\\Users\\rayan\\Desktop\\Radarleb coding\\vendor\\laravel\\framework\\src\\Illuminate\\Pipeline\\Pipeline.php(208): Illuminate\\Auth\\Middleware\\RedirectIfAuthenticated->handle()
#11 C:\\Users\\rayan\\Desktop\\Radarleb coding\\vendor\\inertiajs\\inertia-laravel\\src\\Middleware.php(86): Illuminate\\Pipeline\\Pipeline->{closure:{closure:Illuminate\\Pipeline\\Pipeline::carry():183}:184}()
#12 C:\\Users\\rayan\\Desktop\\Radarleb coding\\vendor\\laravel\\framework\\src\\Illuminate\\Pipeline\\Pipeline.php(208): Inertia\\Middleware->handle()
#13 C:\\Users\\rayan\\Desktop\\Radarleb coding\\vendor\\laravel\\framework\\src\\Illuminate\\Routing\\Middleware\\SubstituteBindings.php(50): Illuminate\\Pipeline\\Pipeline->{closure:{closure:Illuminate\\Pipeline\\Pipeline::carry():183}:184}()
#14 C:\\Users\\rayan\\Desktop\\Radarleb coding\\vendor\\laravel\\framework\\src\\Illuminate\\Pipeline\\Pipeline.php(208): Illuminate\\Routing\\Middleware\\SubstituteBindings->handle()
#15 C:\\Users\\rayan\\Desktop\\Radarleb coding\\vendor\\laravel\\framework\\src\\Illuminate\\Foundation\\Http\\Middleware\\VerifyCsrfToken.php(87): Illuminate\\Pipeline\\Pipeline->{closure:{closure:Illuminate\\Pipeline\\Pipeline::carry():183}:184}()
#16 C:\\Users\\rayan\\Desktop\\Radarleb coding\\vendor\\laravel\\framework\\src\\Illuminate\\Pipeline\\Pipeline.php(208): Illuminate\\Foundation\\Http\\Middleware\\VerifyCsrfToken->handle()
#17 C:\\Users\\rayan\\Desktop\\Radarleb coding\\vendor\\laravel\\framework\\src\\Illuminate\\View\\Middleware\\ShareErrorsFromSession.php(48): Illuminate\\Pipeline\\Pipeline->{closure:{closure:Illuminate\\Pipeline\\Pipeline::carry():183}:184}()
#18 C:\\Users\\rayan\\Desktop\\Radarleb coding\\vendor\\laravel\\framework\\src\\Illuminate\\Pipeline\\Pipeline.php(208): Illuminate\\View\\Middleware\\ShareErrorsFromSession->handle()
#19 C:\\Users\\rayan\\Desktop\\Radarleb coding\\vendor\\laravel\\framework\\src\\Illuminate\\Session\\Middleware\\StartSession.php(120): Illuminate\\Pipeline\\Pipeline->{closure:{closure:Illuminate\\Pipeline\\Pipeline::carry():183}:184}()
#20 C:\\Users\\rayan\\Desktop\\Radarleb coding\\vendor\\laravel\\framework\\src\\Illuminate\\Session\\Middleware\\StartSession.php(63): Illuminate\\Session\\Middleware\\StartSession->handleStatefulRequest()
#21 C:\\Users\\rayan\\Desktop\\Radarleb coding\\vendor\\laravel\\framework\\src\\Illuminate\\Pipeline\\Pipeline.php(208): Illuminate\\Session\\Middleware\\StartSession->handle()
#22 C:\\Users\\rayan\\Desktop\\Radarleb coding\\vendor\\laravel\\framework\\src\\Illuminate\\Cookie\\Middleware\\AddQueuedCookiesToResponse.php(36): Illuminate\\Pipeline\\Pipeline->{closure:{closure:Illuminate\\Pipeline\\Pipeline::carry():183}:184}()
#23 C:\\Users\\rayan\\Desktop\\Radarleb coding\\vendor\\laravel\\framework\\src\\Illuminate\\Pipeline\\Pipeline.php(208): Illuminate\\Cookie\\Middleware\\AddQueuedCookiesToResponse->handle()
#24 C:\\Users\\rayan\\Desktop\\Radarleb coding\\vendor\\laravel\\framework\\src\\Illuminate\\Cookie\\Middleware\\EncryptCookies.php(74): Illuminate\\Pipeline\\Pipeline->{closure:{closure:Illuminate\\Pipeline\\Pipeline::carry():183}:184}()
#25 C:\\Users\\rayan\\Desktop\\Radarleb coding\\vendor\\laravel\\framework\\src\\Illuminate\\Pipeline\\Pipeline.php(208): Illuminate\\Cookie\\Middleware\\EncryptCookies->handle()
#26 C:\\Users\\rayan\\Desktop\\Radarleb coding\\vendor\\laravel\\framework\\src\\Illuminate\\Pipeline\\Pipeline.php(126): Illuminate\\Pipeline\\Pipeline->{closure:{closure:Illuminate\\Pipeline\\Pipeline::carry():183}:184}()
#27 C:\\Users\\rayan\\Desktop\\Radarleb coding\\vendor\\laravel\\framework\\src\\Illuminate\\Routing\\Router.php(807): Illuminate\\Pipeline\\Pipeline->then()
#28 C:\\Users\\rayan\\Desktop\\Radarleb coding\\vendor\\laravel\\framework\\src\\Illuminate\\Routing\\Router.php(786): Illuminate\\Routing\\Router->runRouteWithinStack()
#29 C:\\Users\\rayan\\Desktop\\Radarleb coding\\vendor\\laravel\\framework\\src\\Illuminate\\Routing\\Router.php(750): Illuminate\\Routing\\Router->runRoute()
#30 C:\\Users\\rayan\\Desktop\\Radarleb coding\\vendor\\laravel\\framework\\src\\Illuminate\\Routing\\Router.php(739): Illuminate\\Routing\\Router->dispatchToRoute()
#31 C:\\Users\\rayan\\Desktop\\Radarleb coding\\vendor\\laravel\\framework\\src\\Illuminate\\Foundation\\Http\\Kernel.php(200): Illuminate\\Routing\\Router->dispatch()
#32 C:\\Users\\rayan\\Desktop\\Radarleb coding\\vendor\\laravel\\framework\\src\\Illuminate\\Pipeline\\Pipeline.php(169): Illuminate\\Foundation\\Http\\Kernel->{closure:Illuminate\\Foundation\\Http\\Kernel::dispatchToRouter():197}()
#33 C:\\Users\\rayan\\Desktop\\Radarleb coding\\vendor\\livewire\\livewire\\src\\Features\\SupportDisablingBackButtonCache\\DisableBackButtonCacheMiddleware.php(19): Illuminate\\Pipeline\\Pipeline->{closure:Illuminate\\Pipeline\\Pipeline::prepareDestination():167}()
#34 C:\\Users\\rayan\\Desktop\\Radarleb coding\\vendor\\laravel\\framework\\src\\Illuminate\\Pipeline\\Pipeline.php(208): Livewire\\Features\\SupportDisablingBackButtonCache\\DisableBackButtonCacheMiddleware->handle()
#35 C:\\Users\\rayan\\Desktop\\Radarleb coding\\vendor\\laravel\\framework\\src\\Illuminate\\Foundation\\Http\\Middleware\\TransformsRequest.php(21): Illuminate\\Pipeline\\Pipeline->{closure:{closure:Illuminate\\Pipeline\\Pipeline::carry():183}:184}()
#36 C:\\Users\\rayan\\Desktop\\Radarleb coding\\vendor\\laravel\\framework\\src\\Illuminate\\Foundation\\Http\\Middleware\\ConvertEmptyStringsToNull.php(31): Illuminate\\Foundation\\Http\\Middleware\\TransformsRequest->handle()
#37 C:\\Users\\rayan\\Desktop\\Radarleb coding\\vendor\\laravel\\framework\\src\\Illuminate\\Pipeline\\Pipeline.php(208): Illuminate\\Foundation\\Http\\Middleware\\ConvertEmptyStringsToNull->handle()
#38 C:\\Users\\rayan\\Desktop\\Radarleb coding\\vendor\\laravel\\framework\\src\\Illuminate\\Foundation\\Http\\Middleware\\TransformsRequest.php(21): Illuminate\\Pipeline\\Pipeline->{closure:{closure:Illuminate\\Pipeline\\Pipeline::carry():183}:184}()
#39 C:\\Users\\rayan\\Desktop\\Radarleb coding\\vendor\\laravel\\framework\\src\\Illuminate\\Foundation\\Http\\Middleware\\TrimStrings.php(51): Illuminate\\Foundation\\Http\\Middleware\\TransformsRequest->handle()
#40 C:\\Users\\rayan\\Desktop\\Radarleb coding\\vendor\\laravel\\framework\\src\\Illuminate\\Pipeline\\Pipeline.php(208): Illuminate\\Foundation\\Http\\Middleware\\TrimStrings->handle()
#41 C:\\Users\\rayan\\Desktop\\Radarleb coding\\vendor\\laravel\\framework\\src\\Illuminate\\Http\\Middleware\\ValidatePostSize.php(27): Illuminate\\Pipeline\\Pipeline->{closure:{closure:Illuminate\\Pipeline\\Pipeline::carry():183}:184}()
#42 C:\\Users\\rayan\\Desktop\\Radarleb coding\\vendor\\laravel\\framework\\src\\Illuminate\\Pipeline\\Pipeline.php(208): Illuminate\\Http\\Middleware\\ValidatePostSize->handle()
#43 C:\\Users\\rayan\\Desktop\\Radarleb coding\\vendor\\laravel\\framework\\src\\Illuminate\\Foundation\\Http\\Middleware\\PreventRequestsDuringMaintenance.php(109): Illuminate\\Pipeline\\Pipeline->{closure:{closure:Illuminate\\Pipeline\\Pipeline::carry():183}:184}()
#44 C:\\Users\\rayan\\Desktop\\Radarleb coding\\vendor\\laravel\\framework\\src\\Illuminate\\Pipeline\\Pipeline.php(208): Illuminate\\Foundation\\Http\\Middleware\\PreventRequestsDuringMaintenance->handle()
#45 C:\\Users\\rayan\\Desktop\\Radarleb coding\\vendor\\laravel\\framework\\src\\Illuminate\\Http\\Middleware\\HandleCors.php(48): Illuminate\\Pipeline\\Pipeline->{closure:{closure:Illuminate\\Pipeline\\Pipeline::carry():183}:184}()
#46 C:\\Users\\rayan\\Desktop\\Radarleb coding\\vendor\\laravel\\framework\\src\\Illuminate\\Pipeline\\Pipeline.php(208): Illuminate\\Http\\Middleware\\HandleCors->handle()
#47 C:\\Users\\rayan\\Desktop\\Radarleb coding\\vendor\\laravel\\framework\\src\\Illuminate\\Http\\Middleware\\TrustProxies.php(58): Illuminate\\Pipeline\\Pipeline->{closure:{closure:Illuminate\\Pipeline\\Pipeline::carry():183}:184}()
#48 C:\\Users\\rayan\\Desktop\\Radarleb coding\\vendor\\laravel\\framework\\src\\Illuminate\\Pipeline\\Pipeline.php(208): Illuminate\\Http\\Middleware\\TrustProxies->handle()
#49 C:\\Users\\rayan\\Desktop\\Radarleb coding\\vendor\\laravel\\framework\\src\\Illuminate\\Foundation\\Http\\Middleware\\InvokeDeferredCallbacks.php(22): Illuminate\\Pipeline\\Pipeline->{closure:{closure:Illuminate\\Pipeline\\Pipeline::carry():183}:184}()
#50 C:\\Users\\rayan\\Desktop\\Radarleb coding\\vendor\\laravel\\framework\\src\\Illuminate\\Pipeline\\Pipeline.php(208): Illuminate\\Foundation\\Http\\Middleware\\InvokeDeferredCallbacks->handle()
#51 C:\\Users\\rayan\\Desktop\\Radarleb coding\\vendor\\laravel\\framework\\src\\Illuminate\\Http\\Middleware\\ValidatePathEncoding.php(26): Illuminate\\Pipeline\\Pipeline->{closure:{closure:Illuminate\\Pipeline\\Pipeline::carry():183}:184}()
#52 C:\\Users\\rayan\\Desktop\\Radarleb coding\\vendor\\laravel\\framework\\src\\Illuminate\\Pipeline\\Pipeline.php(208): Illuminate\\Http\\Middleware\\ValidatePathEncoding->handle()
#53 C:\\Users\\rayan\\Desktop\\Radarleb coding\\vendor\\laravel\\framework\\src\\Illuminate\\Pipeline\\Pipeline.php(126): Illuminate\\Pipeline\\Pipeline->{closure:{closure:Illuminate\\Pipeline\\Pipeline::carry():183}:184}()
#54 C:\\Users\\rayan\\Desktop\\Radarleb coding\\vendor\\laravel\\framework\\src\\Illuminate\\Foundation\\Http\\Kernel.php(175): Illuminate\\Pipeline\\Pipeline->then()
#55 C:\\Users\\rayan\\Desktop\\Radarleb coding\\vendor\\laravel\\framework\\src\\Illuminate\\Foundation\\Http\\Kernel.php(144): Illuminate\\Foundation\\Http\\Kernel->sendRequestThroughRouter()
#56 C:\\Users\\rayan\\Desktop\\Radarleb coding\\vendor\\laravel\\framework\\src\\Illuminate\\Foundation\\Application.php(1219): Illuminate\\Foundation\\Http\\Kernel->handle()
#57 C:\\Users\\rayan\\Desktop\\Radarleb coding\\public\\index.php(20): Illuminate\\Foundation\\Application->handleRequest()
#58 C:\\Users\\rayan\\Desktop\\Radarleb coding\\vendor\\laravel\\framework\\src\\Illuminate\\Foundation\\resources\\server.php(23): require_once('...')
#59 {main}
"} 
[2025-12-25 19:41:30] local.ERROR: Target class [App\Http\Controllers\DashboardController] does not exist. {"userId":2,"exception":"[object] (Illuminate\\Contracts\\Container\\BindingResolutionException(code: 0): Target class [App\\Http\\Controllers\\DashboardController] does not exist. at C:\\Users\\rayan\\Desktop\\Radarleb coding\\vendor\\laravel\\framework\\src\\Illuminate\\Container\\Container.php:1019)
[stacktrace]
#0 C:\\Users\\rayan\\Desktop\\Radarleb coding\\vendor\\laravel\\framework\\src\\Illuminate\\Container\\Container.php(890): Illuminate\\Container\\Container->build()
#1 C:\\Users\\rayan\\Desktop\\Radarleb coding\\vendor\\laravel\\framework\\src\\Illuminate\\Foundation\\Application.php(1077): Illuminate\\Container\\Container->resolve()
#2 C:\\Users\\rayan\\Desktop\\Radarleb coding\\vendor\\laravel\\framework\\src\\Illuminate\\Container\\Container.php(821): Illuminate\\Foundation\\Application->resolve()
#3 C:\\Users\\rayan\\Desktop\\Radarleb coding\\vendor\\laravel\\framework\\src\\Illuminate\\Foundation\\Application.php(1057): Illuminate\\Container\\Container->make()
#4 C:\\Users\\rayan\\Desktop\\Radarleb coding\\vendor\\laravel\\framework\\src\\Illuminate\\Routing\\Route.php(286): Illuminate\\Foundation\\Application->make()
#5 C:\\Users\\rayan\\Desktop\\Radarleb coding\\vendor\\laravel\\framework\\src\\Illuminate\\Routing\\Route.php(266): Illuminate\\Routing\\Route->getController()
#6 C:\\Users\\rayan\\Desktop\\Radarleb coding\\vendor\\laravel\\framework\\src\\Illuminate\\Routing\\Route.php(211): Illuminate\\Routing\\Route->runController()
#7 C:\\Users\\rayan\\Desktop\\Radarleb coding\\vendor\\laravel\\framework\\src\\Illuminate\\Routing\\Router.php(808): Illuminate\\Routing\\Route->run()
#8 C:\\Users\\rayan\\Desktop\\Radarleb coding\\vendor\\laravel\\framework\\src\\Illuminate\\Pipeline\\Pipeline.php(169): Illuminate\\Routing\\Router->{closure:Illuminate\\Routing\\Router::runRouteWithinStack():807}()
#9 C:\\Users\\rayan\\Desktop\\Radarleb coding\\vendor\\laravel\\framework\\src\\Illuminate\\Auth\\Middleware\\EnsureEmailIsVerified.php(41): Illuminate\\Pipeline\\Pipeline->{closure:Illuminate\\Pipeline\\Pipeline::prepareDestination():167}()
#10 C:\\Users\\rayan\\Desktop\\Radarleb coding\\vendor\\laravel\\framework\\src\\Illuminate\\Pipeline\\Pipeline.php(208): Illuminate\\Auth\\Middleware\\EnsureEmailIsVerified->handle()
#11 C:\\Users\\rayan\\Desktop\\Radarleb coding\\vendor\\inertiajs\\inertia-laravel\\src\\Middleware.php(86): Illuminate\\Pipeline\\Pipeline->{closure:{closure:Illuminate\\Pipeline\\Pipeline::carry():183}:184}()
#12 C:\\Users\\rayan\\Desktop\\Radarleb coding\\vendor\\laravel\\framework\\src\\Illuminate\\Pipeline\\Pipeline.php(208): Inertia\\Middleware->handle()
#13 C:\\Users\\rayan\\Desktop\\Radarleb coding\\vendor\\laravel\\framework\\src\\Illuminate\\Routing\\Middleware\\SubstituteBindings.php(50): Illuminate\\Pipeline\\Pipeline->{closure:{closure:Illuminate\\Pipeline\\Pipeline::carry():183}:184}()
#14 C:\\Users\\rayan\\Desktop\\Radarleb coding\\vendor\\laravel\\framework\\src\\Illuminate\\Pipeline\\Pipeline.php(208): Illuminate\\Routing\\Middleware\\SubstituteBindings->handle()
#15 C:\\Users\\rayan\\Desktop\\Radarleb coding\\vendor\\laravel\\framework\\src\\Illuminate\\Auth\\Middleware\\Authenticate.php(63): Illuminate\\Pipeline\\Pipeline->{closure:{closure:Illuminate\\Pipeline\\Pipeline::carry():183}:184}()
#16 C:\\Users\\rayan\\Desktop\\Radarleb coding\\vendor\\laravel\\framework\\src\\Illuminate\\Pipeline\\Pipeline.php(208): Illuminate\\Auth\\Middleware\\Authenticate->handle()
#17 C:\\Users\\rayan\\Desktop\\Radarleb coding\\vendor\\laravel\\framework\\src\\Illuminate\\Foundation\\Http\\Middleware\\VerifyCsrfToken.php(87): Illuminate\\Pipeline\\Pipeline->{closure:{closure:Illuminate\\Pipeline\\Pipeline::carry():183}:184}()
#18 C:\\Users\\rayan\\Desktop\\Radarleb coding\\vendor\\laravel\\framework\\src\\Illuminate\\Pipeline\\Pipeline.php(208): Illuminate\\Foundation\\Http\\Middleware\\VerifyCsrfToken->handle()
#19 C:\\Users\\rayan\\Desktop\\Radarleb coding\\vendor\\laravel\\framework\\src\\Illuminate\\View\\Middleware\\ShareErrorsFromSession.php(48): Illuminate\\Pipeline\\Pipeline->{closure:{closure:Illuminate\\Pipeline\\Pipeline::carry():183}:184}()
#20 C:\\Users\\rayan\\Desktop\\Radarleb coding\\vendor\\laravel\\framework\\src\\Illuminate\\Pipeline\\Pipeline.php(208): Illuminate\\View\\Middleware\\ShareErrorsFromSession->handle()
#21 C:\\Users\\rayan\\Desktop\\Radarleb coding\\vendor\\laravel\\framework\\src\\Illuminate\\Session\\Middleware\\StartSession.php(120): Illuminate\\Pipeline\\Pipeline->{closure:{closure:Illuminate\\Pipeline\\Pipeline::carry():183}:184}()
#22 C:\\Users\\rayan\\Desktop\\Radarleb coding\\vendor\\laravel\\framework\\src\\Illuminate\\Session\\Middleware\\StartSession.php(63): Illuminate\\Session\\Middleware\\StartSession->handleStatefulRequest()
#23 C:\\Users\\rayan\\Desktop\\Radarleb coding\\vendor\\laravel\\framework\\src\\Illuminate\\Pipeline\\Pipeline.php(208): Illuminate\\Session\\Middleware\\StartSession->handle()
#24 C:\\Users\\rayan\\Desktop\\Radarleb coding\\vendor\\laravel\\framework\\src\\Illuminate\\Cookie\\Middleware\\AddQueuedCookiesToResponse.php(36): Illuminate\\Pipeline\\Pipeline->{closure:{closure:Illuminate\\Pipeline\\Pipeline::carry():183}:184}()
#25 C:\\Users\\rayan\\Desktop\\Radarleb coding\\vendor\\laravel\\framework\\src\\Illuminate\\Pipeline\\Pipeline.php(208): Illuminate\\Cookie\\Middleware\\AddQueuedCookiesToResponse->handle()
#26 C:\\Users\\rayan\\Desktop\\Radarleb coding\\vendor\\laravel\\framework\\src\\Illuminate\\Cookie\\Middleware\\EncryptCookies.php(74): Illuminate\\Pipeline\\Pipeline->{closure:{closure:Illuminate\\Pipeline\\Pipeline::carry():183}:184}()
#27 C:\\Users\\rayan\\Desktop\\Radarleb coding\\vendor\\laravel\\framework\\src\\Illuminate\\Pipeline\\Pipeline.php(208): Illuminate\\Cookie\\Middleware\\EncryptCookies->handle()
#28 C:\\Users\\rayan\\Desktop\\Radarleb coding\\vendor\\laravel\\framework\\src\\Illuminate\\Pipeline\\Pipeline.php(126): Illuminate\\Pipeline\\Pipeline->{closure:{closure:Illuminate\\Pipeline\\Pipeline::carry():183}:184}()
#29 C:\\Users\\rayan\\Desktop\\Radarleb coding\\vendor\\laravel\\framework\\src\\Illuminate\\Routing\\Router.php(807): Illuminate\\Pipeline\\Pipeline->then()
#30 C:\\Users\\rayan\\Desktop\\Radarleb coding\\vendor\\laravel\\framework\\src\\Illuminate\\Routing\\Router.php(786): Illuminate\\Routing\\Router->runRouteWithinStack()
#31 C:\\Users\\rayan\\Desktop\\Radarleb coding\\vendor\\laravel\\framework\\src\\Illuminate\\Routing\\Router.php(750): Illuminate\\Routing\\Router->runRoute()
#32 C:\\Users\\rayan\\Desktop\\Radarleb coding\\vendor\\laravel\\framework\\src\\Illuminate\\Routing\\Router.php(739): Illuminate\\Routing\\Router->dispatchToRoute()
#33 C:\\Users\\rayan\\Desktop\\Radarleb coding\\vendor\\laravel\\framework\\src\\Illuminate\\Foundation\\Http\\Kernel.php(200): Illuminate\\Routing\\Router->dispatch()
#34 C:\\Users\\rayan\\Desktop\\Radarleb coding\\vendor\\laravel\\framework\\src\\Illuminate\\Pipeline\\Pipeline.php(169): Illuminate\\Foundation\\Http\\Kernel->{closure:Illuminate\\Foundation\\Http\\Kernel::dispatchToRouter():197}()
#35 C:\\Users\\rayan\\Desktop\\Radarleb coding\\vendor\\livewire\\livewire\\src\\Features\\SupportDisablingBackButtonCache\\DisableBackButtonCacheMiddleware.php(19): Illuminate\\Pipeline\\Pipeline->{closure:Illuminate\\Pipeline\\Pipeline::prepareDestination():167}()
#36 C:\\Users\\rayan\\Desktop\\Radarleb coding\\vendor\\laravel\\framework\\src\\Illuminate\\Pipeline\\Pipeline.php(208): Livewire\\Features\\SupportDisablingBackButtonCache\\DisableBackButtonCacheMiddleware->handle()
#37 C:\\Users\\rayan\\Desktop\\Radarleb coding\\vendor\\laravel\\framework\\src\\Illuminate\\Foundation\\Http\\Middleware\\TransformsRequest.php(21): Illuminate\\Pipeline\\Pipeline->{closure:{closure:Illuminate\\Pipeline\\Pipeline::carry():183}:184}()
#38 C:\\Users\\rayan\\Desktop\\Radarleb coding\\vendor\\laravel\\framework\\src\\Illuminate\\Foundation\\Http\\Middleware\\ConvertEmptyStringsToNull.php(31): Illuminate\\Foundation\\Http\\Middleware\\TransformsRequest->handle()
#39 C:\\Users\\rayan\\Desktop\\Radarleb coding\\vendor\\laravel\\framework\\src\\Illuminate\\Pipeline\\Pipeline.php(208): Illuminate\\Foundation\\Http\\Middleware\\ConvertEmptyStringsToNull->handle()
#40 C:\\Users\\rayan\\Desktop\\Radarleb coding\\vendor\\laravel\\framework\\src\\Illuminate\\Foundation\\Http\\Middleware\\TransformsRequest.php(21): Illuminate\\Pipeline\\Pipeline->{closure:{closure:Illuminate\\Pipeline\\Pipeline::carry():183}:184}()
#41 C:\\Users\\rayan\\Desktop\\Radarleb coding\\vendor\\laravel\\framework\\src\\Illuminate\\Foundation\\Http\\Middleware\\TrimStrings.php(51): Illuminate\\Foundation\\Http\\Middleware\\TransformsRequest->handle()
#42 C:\\Users\\rayan\\Desktop\\Radarleb coding\\vendor\\laravel\\framework\\src\\Illuminate\\Pipeline\\Pipeline.php(208): Illuminate\\Foundation\\Http\\Middleware\\TrimStrings->handle()
#43 C:\\Users\\rayan\\Desktop\\Radarleb coding\\vendor\\laravel\\framework\\src\\Illuminate\\Http\\Middleware\\ValidatePostSize.php(27): Illuminate\\Pipeline\\Pipeline->{closure:{closure:Illuminate\\Pipeline\\Pipeline::carry():183}:184}()
#44 C:\\Users\\rayan\\Desktop\\Radarleb coding\\vendor\\laravel\\framework\\src\\Illuminate\\Pipeline\\Pipeline.php(208): Illuminate\\Http\\Middleware\\ValidatePostSize->handle()
#45 C:\\Users\\rayan\\Desktop\\Radarleb coding\\vendor\\laravel\\framework\\src\\Illuminate\\Foundation\\Http\\Middleware\\PreventRequestsDuringMaintenance.php(109): Illuminate\\Pipeline\\Pipeline->{closure:{closure:Illuminate\\Pipeline\\Pipeline::carry():183}:184}()
#46 C:\\Users\\rayan\\Desktop\\Radarleb coding\\vendor\\laravel\\framework\\src\\Illuminate\\Pipeline\\Pipeline.php(208): Illuminate\\Foundation\\Http\\Middleware\\PreventRequestsDuringMaintenance->handle()
#47 C:\\Users\\rayan\\Desktop\\Radarleb coding\\vendor\\laravel\\framework\\src\\Illuminate\\Http\\Middleware\\HandleCors.php(48): Illuminate\\Pipeline\\Pipeline->{closure:{closure:Illuminate\\Pipeline\\Pipeline::carry():183}:184}()
#48 C:\\Users\\rayan\\Desktop\\Radarleb coding\\vendor\\laravel\\framework\\src\\Illuminate\\Pipeline\\Pipeline.php(208): Illuminate\\Http\\Middleware\\HandleCors->handle()
#49 C:\\Users\\rayan\\Desktop\\Radarleb coding\\vendor\\laravel\\framework\\src\\Illuminate\\Http\\Middleware\\TrustProxies.php(58): Illuminate\\Pipeline\\Pipeline->{closure:{closure:Illuminate\\Pipeline\\Pipeline::carry():183}:184}()
#50 C:\\Users\\rayan\\Desktop\\Radarleb coding\\vendor\\laravel\\framework\\src\\Illuminate\\Pipeline\\Pipeline.php(208): Illuminate\\Http\\Middleware\\TrustProxies->handle()
#51 C:\\Users\\rayan\\Desktop\\Radarleb coding\\vendor\\laravel\\framework\\src\\Illuminate\\Foundation\\Http\\Middleware\\InvokeDeferredCallbacks.php(22): Illuminate\\Pipeline\\Pipeline->{closure:{closure:Illuminate\\Pipeline\\Pipeline::carry():183}:184}()
#52 C:\\Users\\rayan\\Desktop\\Radarleb coding\\vendor\\laravel\\framework\\src\\Illuminate\\Pipeline\\Pipeline.php(208): Illuminate\\Foundation\\Http\\Middleware\\InvokeDeferredCallbacks->handle()
#53 C:\\Users\\rayan\\Desktop\\Radarleb coding\\vendor\\laravel\\framework\\src\\Illuminate\\Http\\Middleware\\ValidatePathEncoding.php(26): Illuminate\\Pipeline\\Pipeline->{closure:{closure:Illuminate\\Pipeline\\Pipeline::carry():183}:184}()
#54 C:\\Users\\rayan\\Desktop\\Radarleb coding\\vendor\\laravel\\framework\\src\\Illuminate\\Pipeline\\Pipeline.php(208): Illuminate\\Http\\Middleware\\ValidatePathEncoding->handle()
#55 C:\\Users\\rayan\\Desktop\\Radarleb coding\\vendor\\laravel\\framework\\src\\Illuminate\\Pipeline\\Pipeline.php(126): Illuminate\\Pipeline\\Pipeline->{closure:{closure:Illuminate\\Pipeline\\Pipeline::carry():183}:184}()
#56 C:\\Users\\rayan\\Desktop\\Radarleb coding\\vendor\\laravel\\framework\\src\\Illuminate\\Foundation\\Http\\Kernel.php(175): Illuminate\\Pipeline\\Pipeline->then()
#57 C:\\Users\\rayan\\Desktop\\Radarleb coding\\vendor\\laravel\\framework\\src\\Illuminate\\Foundation\\Http\\Kernel.php(144): Illuminate\\Foundation\\Http\\Kernel->sendRequestThroughRouter()
#58 C:\\Users\\rayan\\Desktop\\Radarleb coding\\vendor\\laravel\\framework\\src\\Illuminate\\Foundation\\Application.php(1219): Illuminate\\Foundation\\Http\\Kernel->handle()
#59 C:\\Users\\rayan\\Desktop\\Radarleb coding\\public\\index.php(20): Illuminate\\Foundation\\Application->handleRequest()
#60 C:\\Users\\rayan\\Desktop\\Radarleb coding\\vendor\\laravel\\framework\\src\\Illuminate\\Foundation\\resources\\server.php(23): require_once('...')
#61 {main}

[previous exception] [object] (ReflectionException(code: -1): Class \"App\\Http\\Controllers\\DashboardController\" does not exist at C:\\Users\\rayan\\Desktop\\Radarleb coding\\vendor\\laravel\\framework\\src\\Illuminate\\Container\\Container.php:1017)
[stacktrace]
#0 C:\\Users\\rayan\\Desktop\\Radarleb coding\\vendor\\laravel\\framework\\src\\Illuminate\\Container\\Container.php(1017): ReflectionClass->__construct()
#1 C:\\Users\\rayan\\Desktop\\Radarleb coding\\vendor\\laravel\\framework\\src\\Illuminate\\Container\\Container.php(890): Illuminate\\Container\\Container->build()
#2 C:\\Users\\rayan\\Desktop\\Radarleb coding\\vendor\\laravel\\framework\\src\\Illuminate\\Foundation\\Application.php(1077): Illuminate\\Container\\Container->resolve()
#3 C:\\Users\\rayan\\Desktop\\Radarleb coding\\vendor\\laravel\\framework\\src\\Illuminate\\Container\\Container.php(821): Illuminate\\Foundation\\Application->resolve()
#4 C:\\Users\\rayan\\Desktop\\Radarleb coding\\vendor\\laravel\\framework\\src\\Illuminate\\Foundation\\Application.php(1057): Illuminate\\Container\\Container->make()
#5 C:\\Users\\rayan\\Desktop\\Radarleb coding\\vendor\\laravel\\framework\\src\\Illuminate\\Routing\\Route.php(286): Illuminate\\Foundation\\Application->make()
#6 C:\\Users\\rayan\\Desktop\\Radarleb coding\\vendor\\laravel\\framework\\src\\Illuminate\\Routing\\Route.php(266): Illuminate\\Routing\\Route->getController()
#7 C:\\Users\\rayan\\Desktop\\Radarleb coding\\vendor\\laravel\\framework\\src\\Illuminate\\Routing\\Route.php(211): Illuminate\\Routing\\Route->runController()
#8 C:\\Users\\rayan\\Desktop\\Radarleb coding\\vendor\\laravel\\framework\\src\\Illuminate\\Routing\\Router.php(808): Illuminate\\Routing\\Route->run()
#9 C:\\Users\\rayan\\Desktop\\Radarleb coding\\vendor\\laravel\\framework\\src\\Illuminate\\Pipeline\\Pipeline.php(169): Illuminate\\Routing\\Router->{closure:Illuminate\\Routing\\Router::runRouteWithinStack():807}()
#10 C:\\Users\\rayan\\Desktop\\Radarleb coding\\vendor\\laravel\\framework\\src\\Illuminate\\Auth\\Middleware\\EnsureEmailIsVerified.php(41): Illuminate\\Pipeline\\Pipeline->{closure:Illuminate\\Pipeline\\Pipeline::prepareDestination():167}()
#11 C:\\Users\\rayan\\Desktop\\Radarleb coding\\vendor\\laravel\\framework\\src\\Illuminate\\Pipeline\\Pipeline.php(208): Illuminate\\Auth\\Middleware\\EnsureEmailIsVerified->handle()
#12 C:\\Users\\rayan\\Desktop\\Radarleb coding\\vendor\\inertiajs\\inertia-laravel\\src\\Middleware.php(86): Illuminate\\Pipeline\\Pipeline->{closure:{closure:Illuminate\\Pipeline\\Pipeline::carry():183}:184}()
#13 C:\\Users\\rayan\\Desktop\\Radarleb coding\\vendor\\laravel\\framework\\src\\Illuminate\\Pipeline\\Pipeline.php(208): Inertia\\Middleware->handle()
#14 C:\\Users\\rayan\\Desktop\\Radarleb coding\\vendor\\laravel\\framework\\src\\Illuminate\\Routing\\Middleware\\SubstituteBindings.php(50): Illuminate\\Pipeline\\Pipeline->{closure:{closure:Illuminate\\Pipeline\\Pipeline::carry():183}:184}()
#15 C:\\Users\\rayan\\Desktop\\Radarleb coding\\vendor\\laravel\\framework\\src\\Illuminate\\Pipeline\\Pipeline.php(208): Illuminate\\Routing\\Middleware\\SubstituteBindings->handle()
#16 C:\\Users\\rayan\\Desktop\\Radarleb coding\\vendor\\laravel\\framework\\src\\Illuminate\\Auth\\Middleware\\Authenticate.php(63): Illuminate\\Pipeline\\Pipeline->{closure:{closure:Illuminate\\Pipeline\\Pipeline::carry():183}:184}()
#17 C:\\Users\\rayan\\Desktop\\Radarleb coding\\vendor\\laravel\\framework\\src\\Illuminate\\Pipeline\\Pipeline.php(208): Illuminate\\Auth\\Middleware\\Authenticate->handle()
#18 C:\\Users\\rayan\\Desktop\\Radarleb coding\\vendor\\laravel\\framework\\src\\Illuminate\\Foundation\\Http\\Middleware\\VerifyCsrfToken.php(87): Illuminate\\Pipeline\\Pipeline->{closure:{closure:Illuminate\\Pipeline\\Pipeline::carry():183}:184}()
#19 C:\\Users\\rayan\\Desktop\\Radarleb coding\\vendor\\laravel\\framework\\src\\Illuminate\\Pipeline\\Pipeline.php(208): Illuminate\\Foundation\\Http\\Middleware\\VerifyCsrfToken->handle()
#20 C:\\Users\\rayan\\Desktop\\Radarleb coding\\vendor\\laravel\\framework\\src\\Illuminate\\View\\Middleware\\ShareErrorsFromSession.php(48): Illuminate\\Pipeline\\Pipeline->{closure:{closure:Illuminate\\Pipeline\\Pipeline::carry():183}:184}()
#21 C:\\Users\\rayan\\Desktop\\Radarleb coding\\vendor\\laravel\\framework\\src\\Illuminate\\Pipeline\\Pipeline.php(208): Illuminate\\View\\Middleware\\ShareErrorsFromSession->handle()
#22 C:\\Users\\rayan\\Desktop\\Radarleb coding\\vendor\\laravel\\framework\\src\\Illuminate\\Session\\Middleware\\StartSession.php(120): Illuminate\\Pipeline\\Pipeline->{closure:{closure:Illuminate\\Pipeline\\Pipeline::carry():183}:184}()
#23 C:\\Users\\rayan\\Desktop\\Radarleb coding\\vendor\\laravel\\framework\\src\\Illuminate\\Session\\Middleware\\StartSession.php(63): Illuminate\\Session\\Middleware\\StartSession->handleStatefulRequest()
#24 C:\\Users\\rayan\\Desktop\\Radarleb coding\\vendor\\laravel\\framework\\src\\Illuminate\\Pipeline\\Pipeline.php(208): Illuminate\\Session\\Middleware\\StartSession->handle()
#25 C:\\Users\\rayan\\Desktop\\Radarleb coding\\vendor\\laravel\\framework\\src\\Illuminate\\Cookie\\Middleware\\AddQueuedCookiesToResponse.php(36): Illuminate\\Pipeline\\Pipeline->{closure:{closure:Illuminate\\Pipeline\\Pipeline::carry():183}:184}()
#26 C:\\Users\\rayan\\Desktop\\Radarleb coding\\vendor\\laravel\\framework\\src\\Illuminate\\Pipeline\\Pipeline.php(208): Illuminate\\Cookie\\Middleware\\AddQueuedCookiesToResponse->handle()
#27 C:\\Users\\rayan\\Desktop\\Radarleb coding\\vendor\\laravel\\framework\\src\\Illuminate\\Cookie\\Middleware\\EncryptCookies.php(74): Illuminate\\Pipeline\\Pipeline->{closure:{closure:Illuminate\\Pipeline\\Pipeline::carry():183}:184}()
#28 C:\\Users\\rayan\\Desktop\\Radarleb coding\\vendor\\laravel\\framework\\src\\Illuminate\\Pipeline\\Pipeline.php(208): Illuminate\\Cookie\\Middleware\\EncryptCookies->handle()
#29 C:\\Users\\rayan\\Desktop\\Radarleb coding\\vendor\\laravel\\framework\\src\\Illuminate\\Pipeline\\Pipeline.php(126): Illuminate\\Pipeline\\Pipeline->{closure:{closure:Illuminate\\Pipeline\\Pipeline::carry():183}:184}()
#30 C:\\Users\\rayan\\Desktop\\Radarleb coding\\vendor\\laravel\\framework\\src\\Illuminate\\Routing\\Router.php(807): Illuminate\\Pipeline\\Pipeline->then()
#31 C:\\Users\\rayan\\Desktop\\Radarleb coding\\vendor\\laravel\\framework\\src\\Illuminate\\Routing\\Router.php(786): Illuminate\\Routing\\Router->runRouteWithinStack()
#32 C:\\Users\\rayan\\Desktop\\Radarleb coding\\vendor\\laravel\\framework\\src\\Illuminate\\Routing\\Router.php(750): Illuminate\\Routing\\Router->runRoute()
#33 C:\\Users\\rayan\\Desktop\\Radarleb coding\\vendor\\laravel\\framework\\src\\Illuminate\\Routing\\Router.php(739): Illuminate\\Routing\\Router->dispatchToRoute()
#34 C:\\Users\\rayan\\Desktop\\Radarleb coding\\vendor\\laravel\\framework\\src\\Illuminate\\Foundation\\Http\\Kernel.php(200): Illuminate\\Routing\\Router->dispatch()
#35 C:\\Users\\rayan\\Desktop\\Radarleb coding\\vendor\\laravel\\framework\\src\\Illuminate\\Pipeline\\Pipeline.php(169): Illuminate\\Foundation\\Http\\Kernel->{closure:Illuminate\\Foundation\\Http\\Kernel::dispatchToRouter():197}()
#36 C:\\Users\\rayan\\Desktop\\Radarleb coding\\vendor\\livewire\\livewire\\src\\Features\\SupportDisablingBackButtonCache\\DisableBackButtonCacheMiddleware.php(19): Illuminate\\Pipeline\\Pipeline->{closure:Illuminate\\Pipeline\\Pipeline::prepareDestination():167}()
#37 C:\\Users\\rayan\\Desktop\\Radarleb coding\\vendor\\laravel\\framework\\src\\Illuminate\\Pipeline\\Pipeline.php(208): Livewire\\Features\\SupportDisablingBackButtonCache\\DisableBackButtonCacheMiddleware->handle()
#38 C:\\Users\\rayan\\Desktop\\Radarleb coding\\vendor\\laravel\\framework\\src\\Illuminate\\Foundation\\Http\\Middleware\\TransformsRequest.php(21): Illuminate\\Pipeline\\Pipeline->{closure:{closure:Illuminate\\Pipeline\\Pipeline::carry():183}:184}()
#39 C:\\Users\\rayan\\Desktop\\Radarleb coding\\vendor\\laravel\\framework\\src\\Illuminate\\Foundation\\Http\\Middleware\\ConvertEmptyStringsToNull.php(31): Illuminate\\Foundation\\Http\\Middleware\\TransformsRequest->handle()
#40 C:\\Users\\rayan\\Desktop\\Radarleb coding\\vendor\\laravel\\framework\\src\\Illuminate\\Pipeline\\Pipeline.php(208): Illuminate\\Foundation\\Http\\Middleware\\ConvertEmptyStringsToNull->handle()
#41 C:\\Users\\rayan\\Desktop\\Radarleb coding\\vendor\\laravel\\framework\\src\\Illuminate\\Foundation\\Http\\Middleware\\TransformsRequest.php(21): Illuminate\\Pipeline\\Pipeline->{closure:{closure:Illuminate\\Pipeline\\Pipeline::carry():183}:184}()
#42 C:\\Users\\rayan\\Desktop\\Radarleb coding\\vendor\\laravel\\framework\\src\\Illuminate\\Foundation\\Http\\Middleware\\TrimStrings.php(51): Illuminate\\Foundation\\Http\\Middleware\\TransformsRequest->handle()
#43 C:\\Users\\rayan\\Desktop\\Radarleb coding\\vendor\\laravel\\framework\\src\\Illuminate\\Pipeline\\Pipeline.php(208): Illuminate\\Foundation\\Http\\Middleware\\TrimStrings->handle()
#44 C:\\Users\\rayan\\Desktop\\Radarleb coding\\vendor\\laravel\\framework\\src\\Illuminate\\Http\\Middleware\\ValidatePostSize.php(27): Illuminate\\Pipeline\\Pipeline->{closure:{closure:Illuminate\\Pipeline\\Pipeline::carry():183}:184}()
#45 C:\\Users\\rayan\\Desktop\\Radarleb coding\\vendor\\laravel\\framework\\src\\Illuminate\\Pipeline\\Pipeline.php(208): Illuminate\\Http\\Middleware\\ValidatePostSize->handle()
#46 C:\\Users\\rayan\\Desktop\\Radarleb coding\\vendor\\laravel\\framework\\src\\Illuminate\\Foundation\\Http\\Middleware\\PreventRequestsDuringMaintenance.php(109): Illuminate\\Pipeline\\Pipeline->{closure:{closure:Illuminate\\Pipeline\\Pipeline::carry():183}:184}()
#47 C:\\Users\\rayan\\Desktop\\Radarleb coding\\vendor\\laravel\\framework\\src\\Illuminate\\Pipeline\\Pipeline.php(208): Illuminate\\Foundation\\Http\\Middleware\\PreventRequestsDuringMaintenance->handle()
#48 C:\\Users\\rayan\\Desktop\\Radarleb coding\\vendor\\laravel\\framework\\src\\Illuminate\\Http\\Middleware\\HandleCors.php(48): Illuminate\\Pipeline\\Pipeline->{closure:{closure:Illuminate\\Pipeline\\Pipeline::carry():183}:184}()
#49 C:\\Users\\rayan\\Desktop\\Radarleb coding\\vendor\\laravel\\framework\\src\\Illuminate\\Pipeline\\Pipeline.php(208): Illuminate\\Http\\Middleware\\HandleCors->handle()
#50 C:\\Users\\rayan\\Desktop\\Radarleb coding\\vendor\\laravel\\framework\\src\\Illuminate\\Http\\Middleware\\TrustProxies.php(58): Illuminate\\Pipeline\\Pipeline->{closure:{closure:Illuminate\\Pipeline\\Pipeline::carry():183}:184}()
#51 C:\\Users\\rayan\\Desktop\\Radarleb coding\\vendor\\laravel\\framework\\src\\Illuminate\\Pipeline\\Pipeline.php(208): Illuminate\\Http\\Middleware\\TrustProxies->handle()
#52 C:\\Users\\rayan\\Desktop\\Radarleb coding\\vendor\\laravel\\framework\\src\\Illuminate\\Foundation\\Http\\Middleware\\InvokeDeferredCallbacks.php(22): Illuminate\\Pipeline\\Pipeline->{closure:{closure:Illuminate\\Pipeline\\Pipeline::carry():183}:184}()
#53 C:\\Users\\rayan\\Desktop\\Radarleb coding\\vendor\\laravel\\framework\\src\\Illuminate\\Pipeline\\Pipeline.php(208): Illuminate\\Foundation\\Http\\Middleware\\InvokeDeferredCallbacks->handle()
#54 C:\\Users\\rayan\\Desktop\\Radarleb coding\\vendor\\laravel\\framework\\src\\Illuminate\\Http\\Middleware\\ValidatePathEncoding.php(26): Illuminate\\Pipeline\\Pipeline->{closure:{closure:Illuminate\\Pipeline\\Pipeline::carry():183}:184}()
#55 C:\\Users\\rayan\\Desktop\\Radarleb coding\\vendor\\laravel\\framework\\src\\Illuminate\\Pipeline\\Pipeline.php(208): Illuminate\\Http\\Middleware\\ValidatePathEncoding->handle()
#56 C:\\Users\\rayan\\Desktop\\Radarleb coding\\vendor\\laravel\\framework\\src\\Illuminate\\Pipeline\\Pipeline.php(126): Illuminate\\Pipeline\\Pipeline->{closure:{closure:Illuminate\\Pipeline\\Pipeline::carry():183}:184}()
#57 C:\\Users\\rayan\\Desktop\\Radarleb coding\\vendor\\laravel\\framework\\src\\Illuminate\\Foundation\\Http\\Kernel.php(175): Illuminate\\Pipeline\\Pipeline->then()
#58 C:\\Users\\rayan\\Desktop\\Radarleb coding\\vendor\\laravel\\framework\\src\\Illuminate\\Foundation\\Http\\Kernel.php(144): Illuminate\\Foundation\\Http\\Kernel->sendRequestThroughRouter()
#59 C:\\Users\\rayan\\Desktop\\Radarleb coding\\vendor\\laravel\\framework\\src\\Illuminate\\Foundation\\Application.php(1219): Illuminate\\Foundation\\Http\\Kernel->handle()
#60 C:\\Users\\rayan\\Desktop\\Radarleb coding\\public\\index.php(20): Illuminate\\Foundation\\Application->handleRequest()
#61 C:\\Users\\rayan\\Desktop\\Radarleb coding\\vendor\\laravel\\framework\\src\\Illuminate\\Foundation\\resources\\server.php(23): require_once('...')
#62 {main}
"} 
[2025-12-25 19:53:45] local.ERROR: Vite manifest not found at: C:\Users\rayan\Desktop\Radarleb coding\public\build/manifest.json (View: C:\Users\rayan\Desktop\Radarleb coding\resources\views\app.blade.php) {"userId":2,"exception":"[object] (Illuminate\\View\\ViewException(code: 0): Vite manifest not found at: C:\\Users\\rayan\\Desktop\\Radarleb coding\\public\\build/manifest.json (View: C:\\Users\\rayan\\Desktop\\Radarleb coding\\resources\\views\\app.blade.php) at C:\\Users\\rayan\\Desktop\\Radarleb coding\\vendor\\laravel\\framework\\src\\Illuminate\\Foundation\\Vite.php:934)
[stacktrace]
#0 C:\\Users\\rayan\\Desktop\\Radarleb coding\\vendor\\livewire\\livewire\\src\\Mechanisms\\ExtendBlade\\ExtendedCompilerEngine.php(58): Illuminate\\View\\Engines\\CompilerEngine->handleViewException()
#1 C:\\Users\\rayan\\Desktop\\Radarleb coding\\vendor\\laravel\\framework\\src\\Illuminate\\View\\Engines\\PhpEngine.php(59): Livewire\\Mechanisms\\ExtendBlade\\ExtendedCompilerEngine->handleViewException()
#2 C:\\Users\\rayan\\Desktop\\Radarleb coding\\vendor\\livewire\\livewire\\src\\Mechanisms\\ExtendBlade\\ExtendedCompilerEngine.php(22): Illuminate\\View\\Engines\\PhpEngine->evaluatePath()
#3 C:\\Users\\rayan\\Desktop\\Radarleb coding\\vendor\\laravel\\framework\\src\\Illuminate\\View\\Engines\\CompilerEngine.php(74): Livewire\\Mechanisms\\ExtendBlade\\ExtendedCompilerEngine->evaluatePath()
#4 C:\\Users\\rayan\\Desktop\\Radarleb coding\\vendor\\livewire\\livewire\\src\\Mechanisms\\ExtendBlade\\ExtendedCompilerEngine.php(10): Illuminate\\View\\Engines\\CompilerEngine->get()
#5 C:\\Users\\rayan\\Desktop\\Radarleb coding\\vendor\\laravel\\framework\\src\\Illuminate\\View\\View.php(208): Livewire\\Mechanisms\\ExtendBlade\\ExtendedCompilerEngine->get()
#6 C:\\Users\\rayan\\Desktop\\Radarleb coding\\vendor\\laravel\\framework\\src\\Illuminate\\View\\View.php(191): Illuminate\\View\\View->getContents()
#7 C:\\Users\\rayan\\Desktop\\Radarleb coding\\vendor\\laravel\\framework\\src\\Illuminate\\View\\View.php(160): Illuminate\\View\\View->renderContents()
#8 C:\\Users\\rayan\\Desktop\\Radarleb coding\\vendor\\laravel\\framework\\src\\Illuminate\\Http\\Response.php(78): Illuminate\\View\\View->render()
#9 C:\\Users\\rayan\\Desktop\\Radarleb coding\\vendor\\laravel\\framework\\src\\Illuminate\\Http\\Response.php(34): Illuminate\\Http\\Response->setContent()
#10 C:\\Users\\rayan\\Desktop\\Radarleb coding\\vendor\\laravel\\framework\\src\\Illuminate\\Routing\\ResponseFactory.php(60): Illuminate\\Http\\Response->__construct()
#11 C:\\Users\\rayan\\Desktop\\Radarleb coding\\vendor\\laravel\\framework\\src\\Illuminate\\Routing\\ResponseFactory.php(90): Illuminate\\Routing\\ResponseFactory->make()
#12 C:\\Users\\rayan\\Desktop\\Radarleb coding\\vendor\\laravel\\framework\\src\\Illuminate\\Support\\Facades\\Facade.php(361): Illuminate\\Routing\\ResponseFactory->view()
#13 C:\\Users\\rayan\\Desktop\\Radarleb coding\\vendor\\inertiajs\\inertia-laravel\\src\\Response.php(126): Illuminate\\Support\\Facades\\Facade::__callStatic()
#14 C:\\Users\\rayan\\Desktop\\Radarleb coding\\vendor\\laravel\\framework\\src\\Illuminate\\Routing\\Router.php(906): Inertia\\Response->toResponse()
#15 C:\\Users\\rayan\\Desktop\\Radarleb coding\\vendor\\laravel\\framework\\src\\Illuminate\\Routing\\Router.php(891): Illuminate\\Routing\\Router::toResponse()
#16 C:\\Users\\rayan\\Desktop\\Radarleb coding\\vendor\\laravel\\framework\\src\\Illuminate\\Routing\\Router.php(807): Illuminate\\Routing\\Router->prepareResponse()
#17 C:\\Users\\rayan\\Desktop\\Radarleb coding\\vendor\\laravel\\framework\\src\\Illuminate\\Pipeline\\Pipeline.php(169): Illuminate\\Routing\\Router->{closure:Illuminate\\Routing\\Router::runRouteWithinStack():807}()
#18 C:\\Users\\rayan\\Desktop\\Radarleb coding\\vendor\\laravel\\framework\\src\\Illuminate\\Auth\\Middleware\\EnsureEmailIsVerified.php(41): Illuminate\\Pipeline\\Pipeline->{closure:Illuminate\\Pipeline\\Pipeline::prepareDestination():167}()
#19 C:\\Users\\rayan\\Desktop\\Radarleb coding\\vendor\\laravel\\framework\\src\\Illuminate\\Pipeline\\Pipeline.php(208): Illuminate\\Auth\\Middleware\\EnsureEmailIsVerified->handle()
#20 C:\\Users\\rayan\\Desktop\\Radarleb coding\\vendor\\inertiajs\\inertia-laravel\\src\\Middleware.php(86): Illuminate\\Pipeline\\Pipeline->{closure:{closure:Illuminate\\Pipeline\\Pipeline::carry():183}:184}()
#21 C:\\Users\\rayan\\Desktop\\Radarleb coding\\vendor\\laravel\\framework\\src\\Illuminate\\Pipeline\\Pipeline.php(208): Inertia\\Middleware->handle()
#22 C:\\Users\\rayan\\Desktop\\Radarleb coding\\vendor\\laravel\\framework\\src\\Illuminate\\Routing\\Middleware\\SubstituteBindings.php(50): Illuminate\\Pipeline\\Pipeline->{closure:{closure:Illuminate\\Pipeline\\Pipeline::carry():183}:184}()
#23 C:\\Users\\rayan\\Desktop\\Radarleb coding\\vendor\\laravel\\framework\\src\\Illuminate\\Pipeline\\Pipeline.php(208): Illuminate\\Routing\\Middleware\\SubstituteBindings->handle()
#24 C:\\Users\\rayan\\Desktop\\Radarleb coding\\vendor\\laravel\\framework\\src\\Illuminate\\Auth\\Middleware\\Authenticate.php(63): Illuminate\\Pipeline\\Pipeline->{closure:{closure:Illuminate\\Pipeline\\Pipeline::carry():183}:184}()
#25 C:\\Users\\rayan\\Desktop\\Radarleb coding\\vendor\\laravel\\framework\\src\\Illuminate\\Pipeline\\Pipeline.php(208): Illuminate\\Auth\\Middleware\\Authenticate->handle()
#26 C:\\Users\\rayan\\Desktop\\Radarleb coding\\vendor\\laravel\\framework\\src\\Illuminate\\Foundation\\Http\\Middleware\\VerifyCsrfToken.php(87): Illuminate\\Pipeline\\Pipeline->{closure:{closure:Illuminate\\Pipeline\\Pipeline::carry():183}:184}()
#27 C:\\Users\\rayan\\Desktop\\Radarleb coding\\vendor\\laravel\\framework\\src\\Illuminate\\Pipeline\\Pipeline.php(208): Illuminate\\Foundation\\Http\\Middleware\\VerifyCsrfToken->handle()
#28 C:\\Users\\rayan\\Desktop\\Radarleb coding\\vendor\\laravel\\framework\\src\\Illuminate\\View\\Middleware\\ShareErrorsFromSession.php(48): Illuminate\\Pipeline\\Pipeline->{closure:{closure:Illuminate\\Pipeline\\Pipeline::carry():183}:184}()
#29 C:\\Users\\rayan\\Desktop\\Radarleb coding\\vendor\\laravel\\framework\\src\\Illuminate\\Pipeline\\Pipeline.php(208): Illuminate\\View\\Middleware\\ShareErrorsFromSession->handle()
#30 C:\\Users\\rayan\\Desktop\\Radarleb coding\\vendor\\laravel\\framework\\src\\Illuminate\\Session\\Middleware\\StartSession.php(120): Illuminate\\Pipeline\\Pipeline->{closure:{closure:Illuminate\\Pipeline\\Pipeline::carry():183}:184}()
#31 C:\\Users\\rayan\\Desktop\\Radarleb coding\\vendor\\laravel\\framework\\src\\Illuminate\\Session\\Middleware\\StartSession.php(63): Illuminate\\Session\\Middleware\\StartSession->handleStatefulRequest()
#32 C:\\Users\\rayan\\Desktop\\Radarleb coding\\vendor\\laravel\\framework\\src\\Illuminate\\Pipeline\\Pipeline.php(208): Illuminate\\Session\\Middleware\\StartSession->handle()
#33 C:\\Users\\rayan\\Desktop\\Radarleb coding\\vendor\\laravel\\framework\\src\\Illuminate\\Cookie\\Middleware\\AddQueuedCookiesToResponse.php(36): Illuminate\\Pipeline\\Pipeline->{closure:{closure:Illuminate\\Pipeline\\Pipeline::carry():183}:184}()
#34 C:\\Users\\rayan\\Desktop\\Radarleb coding\\vendor\\laravel\\framework\\src\\Illuminate\\Pipeline\\Pipeline.php(208): Illuminate\\Cookie\\Middleware\\AddQueuedCookiesToResponse->handle()
#35 C:\\Users\\rayan\\Desktop\\Radarleb coding\\vendor\\laravel\\framework\\src\\Illuminate\\Cookie\\Middleware\\EncryptCookies.php(74): Illuminate\\Pipeline\\Pipeline->{closure:{closure:Illuminate\\Pipeline\\Pipeline::carry():183}:184}()
#36 C:\\Users\\rayan\\Desktop\\Radarleb coding\\vendor\\laravel\\framework\\src\\Illuminate\\Pipeline\\Pipeline.php(208): Illuminate\\Cookie\\Middleware\\EncryptCookies->handle()
#37 C:\\Users\\rayan\\Desktop\\Radarleb coding\\vendor\\laravel\\framework\\src\\Illuminate\\Pipeline\\Pipeline.php(126): Illuminate\\Pipeline\\Pipeline->{closure:{closure:Illuminate\\Pipeline\\Pipeline::carry():183}:184}()
#38 C:\\Users\\rayan\\Desktop\\Radarleb coding\\vendor\\laravel\\framework\\src\\Illuminate\\Routing\\Router.php(807): Illuminate\\Pipeline\\Pipeline->then()
#39 C:\\Users\\rayan\\Desktop\\Radarleb coding\\vendor\\laravel\\framework\\src\\Illuminate\\Routing\\Router.php(786): Illuminate\\Routing\\Router->runRouteWithinStack()
#40 C:\\Users\\rayan\\Desktop\\Radarleb coding\\vendor\\laravel\\framework\\src\\Illuminate\\Routing\\Router.php(750): Illuminate\\Routing\\Router->runRoute()
#41 C:\\Users\\rayan\\Desktop\\Radarleb coding\\vendor\\laravel\\framework\\src\\Illuminate\\Routing\\Router.php(739): Illuminate\\Routing\\Router->dispatchToRoute()
#42 C:\\Users\\rayan\\Desktop\\Radarleb coding\\vendor\\laravel\\framework\\src\\Illuminate\\Foundation\\Http\\Kernel.php(200): Illuminate\\Routing\\Router->dispatch()
#43 C:\\Users\\rayan\\Desktop\\Radarleb coding\\vendor\\laravel\\framework\\src\\Illuminate\\Pipeline\\Pipeline.php(169): Illuminate\\Foundation\\Http\\Kernel->{closure:Illuminate\\Foundation\\Http\\Kernel::dispatchToRouter():197}()
#44 C:\\Users\\rayan\\Desktop\\Radarleb coding\\vendor\\livewire\\livewire\\src\\Features\\SupportDisablingBackButtonCache\\DisableBackButtonCacheMiddleware.php(19): Illuminate\\Pipeline\\Pipeline->{closure:Illuminate\\Pipeline\\Pipeline::prepareDestination():167}()
#45 C:\\Users\\rayan\\Desktop\\Radarleb coding\\vendor\\laravel\\framework\\src\\Illuminate\\Pipeline\\Pipeline.php(208): Livewire\\Features\\SupportDisablingBackButtonCache\\DisableBackButtonCacheMiddleware->handle()
#46 C:\\Users\\rayan\\Desktop\\Radarleb coding\\vendor\\laravel\\framework\\src\\Illuminate\\Foundation\\Http\\Middleware\\TransformsRequest.php(21): Illuminate\\Pipeline\\Pipeline->{closure:{closure:Illuminate\\Pipeline\\Pipeline::carry():183}:184}()
#47 C:\\Users\\rayan\\Desktop\\Radarleb coding\\vendor\\laravel\\framework\\src\\Illuminate\\Foundation\\Http\\Middleware\\ConvertEmptyStringsToNull.php(31): Illuminate\\Foundation\\Http\\Middleware\\TransformsRequest->handle()
#48 C:\\Users\\rayan\\Desktop\\Radarleb coding\\vendor\\laravel\\framework\\src\\Illuminate\\Pipeline\\Pipeline.php(208): Illuminate\\Foundation\\Http\\Middleware\\ConvertEmptyStringsToNull->handle()
#49 C:\\Users\\rayan\\Desktop\\Radarleb coding\\vendor\\laravel\\framework\\src\\Illuminate\\Foundation\\Http\\Middleware\\TransformsRequest.php(21): Illuminate\\Pipeline\\Pipeline->{closure:{closure:Illuminate\\Pipeline\\Pipeline::carry():183}:184}()
#50 C:\\Users\\rayan\\Desktop\\Radarleb coding\\vendor\\laravel\\framework\\src\\Illuminate\\Foundation\\Http\\Middleware\\TrimStrings.php(51): Illuminate\\Foundation\\Http\\Middleware\\TransformsRequest->handle()
#51 C:\\Users\\rayan\\Desktop\\Radarleb coding\\vendor\\laravel\\framework\\src\\Illuminate\\Pipeline\\Pipeline.php(208): Illuminate\\Foundation\\Http\\Middleware\\TrimStrings->handle()
#52 C:\\Users\\rayan\\Desktop\\Radarleb coding\\vendor\\laravel\\framework\\src\\Illuminate\\Http\\Middleware\\ValidatePostSize.php(27): Illuminate\\Pipeline\\Pipeline->{closure:{closure:Illuminate\\Pipeline\\Pipeline::carry():183}:184}()
#53 C:\\Users\\rayan\\Desktop\\Radarleb coding\\vendor\\laravel\\framework\\src\\Illuminate\\Pipeline\\Pipeline.php(208): Illuminate\\Http\\Middleware\\ValidatePostSize->handle()
#54 C:\\Users\\rayan\\Desktop\\Radarleb coding\\vendor\\laravel\\framework\\src\\Illuminate\\Foundation\\Http\\Middleware\\PreventRequestsDuringMaintenance.php(109): Illuminate\\Pipeline\\Pipeline->{closure:{closure:Illuminate\\Pipeline\\Pipeline::carry():183}:184}()
#55 C:\\Users\\rayan\\Desktop\\Radarleb coding\\vendor\\laravel\\framework\\src\\Illuminate\\Pipeline\\Pipeline.php(208): Illuminate\\Foundation\\Http\\Middleware\\PreventRequestsDuringMaintenance->handle()
#56 C:\\Users\\rayan\\Desktop\\Radarleb coding\\vendor\\laravel\\framework\\src\\Illuminate\\Http\\Middleware\\HandleCors.php(48): Illuminate\\Pipeline\\Pipeline->{closure:{closure:Illuminate\\Pipeline\\Pipeline::carry():183}:184}()
#57 C:\\Users\\rayan\\Desktop\\Radarleb coding\\vendor\\laravel\\framework\\src\\Illuminate\\Pipeline\\Pipeline.php(208): Illuminate\\Http\\Middleware\\HandleCors->handle()
#58 C:\\Users\\rayan\\Desktop\\Radarleb coding\\vendor\\laravel\\framework\\src\\Illuminate\\Http\\Middleware\\TrustProxies.php(58): Illuminate\\Pipeline\\Pipeline->{closure:{closure:Illuminate\\Pipeline\\Pipeline::carry():183}:184}()
#59 C:\\Users\\rayan\\Desktop\\Radarleb coding\\vendor\\laravel\\framework\\src\\Illuminate\\Pipeline\\Pipeline.php(208): Illuminate\\Http\\Middleware\\TrustProxies->handle()
#60 C:\\Users\\rayan\\Desktop\\Radarleb coding\\vendor\\laravel\\framework\\src\\Illuminate\\Foundation\\Http\\Middleware\\InvokeDeferredCallbacks.php(22): Illuminate\\Pipeline\\Pipeline->{closure:{closure:Illuminate\\Pipeline\\Pipeline::carry():183}:184}()
#61 C:\\Users\\rayan\\Desktop\\Radarleb coding\\vendor\\laravel\\framework\\src\\Illuminate\\Pipeline\\Pipeline.php(208): Illuminate\\Foundation\\Http\\Middleware\\InvokeDeferredCallbacks->handle()
#62 C:\\Users\\rayan\\Desktop\\Radarleb coding\\vendor\\laravel\\framework\\src\\Illuminate\\Http\\Middleware\\ValidatePathEncoding.php(26): Illuminate\\Pipeline\\Pipeline->{closure:{closure:Illuminate\\Pipeline\\Pipeline::carry():183}:184}()
#63 C:\\Users\\rayan\\Desktop\\Radarleb coding\\vendor\\laravel\\framework\\src\\Illuminate\\Pipeline\\Pipeline.php(208): Illuminate\\Http\\Middleware\\ValidatePathEncoding->handle()
#64 C:\\Users\\rayan\\Desktop\\Radarleb coding\\vendor\\laravel\\framework\\src\\Illuminate\\Pipeline\\Pipeline.php(126): Illuminate\\Pipeline\\Pipeline->{closure:{closure:Illuminate\\Pipeline\\Pipeline::carry():183}:184}()
#65 C:\\Users\\rayan\\Desktop\\Radarleb coding\\vendor\\laravel\\framework\\src\\Illuminate\\Foundation\\Http\\Kernel.php(175): Illuminate\\Pipeline\\Pipeline->then()
#66 C:\\Users\\rayan\\Desktop\\Radarleb coding\\vendor\\laravel\\framework\\src\\Illuminate\\Foundation\\Http\\Kernel.php(144): Illuminate\\Foundation\\Http\\Kernel->sendRequestThroughRouter()
#67 C:\\Users\\rayan\\Desktop\\Radarleb coding\\vendor\\laravel\\framework\\src\\Illuminate\\Foundation\\Application.php(1219): Illuminate\\Foundation\\Http\\Kernel->handle()
#68 C:\\Users\\rayan\\Desktop\\Radarleb coding\\public\\index.php(20): Illuminate\\Foundation\\Application->handleRequest()
#69 C:\\Users\\rayan\\Desktop\\Radarleb coding\\vendor\\laravel\\framework\\src\\Illuminate\\Foundation\\resources\\server.php(23): require_once('...')
#70 {main}

[previous exception] [object] (Illuminate\\Foundation\\ViteManifestNotFoundException(code: 0): Vite manifest not found at: C:\\Users\\rayan\\Desktop\\Radarleb coding\\public\\build/manifest.json at C:\\Users\\rayan\\Desktop\\Radarleb coding\\vendor\\laravel\\framework\\src\\Illuminate\\Foundation\\Vite.php:934)
[stacktrace]
#0 C:\\Users\\rayan\\Desktop\\Radarleb coding\\vendor\\laravel\\framework\\src\\Illuminate\\Foundation\\Vite.php(384): Illuminate\\Foundation\\Vite->manifest()
#1 C:\\Users\\rayan\\Desktop\\Radarleb coding\\storage\\framework\\views\\42a03ab8d6ab7f62749ef80a25b2100b.php(31): Illuminate\\Foundation\\Vite->__invoke()
#2 C:\\Users\\rayan\\Desktop\\Radarleb coding\\vendor\\laravel\\framework\\src\\Illuminate\\Filesystem\\Filesystem.php(123): require('...')
#3 C:\\Users\\rayan\\Desktop\\Radarleb coding\\vendor\\laravel\\framework\\src\\Illuminate\\Filesystem\\Filesystem.php(124): Illuminate\\Filesystem\\Filesystem::{closure:Illuminate\\Filesystem\\Filesystem::getRequire():120}()
#4 C:\\Users\\rayan\\Desktop\\Radarleb coding\\vendor\\laravel\\framework\\src\\Illuminate\\View\\Engines\\PhpEngine.php(57): Illuminate\\Filesystem\\Filesystem->getRequire()
#5 C:\\Users\\rayan\\Desktop\\Radarleb coding\\vendor\\livewire\\livewire\\src\\Mechanisms\\ExtendBlade\\ExtendedCompilerEngine.php(22): Illuminate\\View\\Engines\\PhpEngine->evaluatePath()
#6 C:\\Users\\rayan\\Desktop\\Radarleb coding\\vendor\\laravel\\framework\\src\\Illuminate\\View\\Engines\\CompilerEngine.php(74): Livewire\\Mechanisms\\ExtendBlade\\ExtendedCompilerEngine->evaluatePath()
#7 C:\\Users\\rayan\\Desktop\\Radarleb coding\\vendor\\livewire\\livewire\\src\\Mechanisms\\ExtendBlade\\ExtendedCompilerEngine.php(10): Illuminate\\View\\Engines\\CompilerEngine->get()
#8 C:\\Users\\rayan\\Desktop\\Radarleb coding\\vendor\\laravel\\framework\\src\\Illuminate\\View\\View.php(208): Livewire\\Mechanisms\\ExtendBlade\\ExtendedCompilerEngine->get()
#9 C:\\Users\\rayan\\Desktop\\Radarleb coding\\vendor\\laravel\\framework\\src\\Illuminate\\View\\View.php(191): Illuminate\\View\\View->getContents()
#10 C:\\Users\\rayan\\Desktop\\Radarleb coding\\vendor\\laravel\\framework\\src\\Illuminate\\View\\View.php(160): Illuminate\\View\\View->renderContents()
#11 C:\\Users\\rayan\\Desktop\\Radarleb coding\\vendor\\laravel\\framework\\src\\Illuminate\\Http\\Response.php(78): Illuminate\\View\\View->render()
#12 C:\\Users\\rayan\\Desktop\\Radarleb coding\\vendor\\laravel\\framework\\src\\Illuminate\\Http\\Response.php(34): Illuminate\\Http\\Response->setContent()
#13 C:\\Users\\rayan\\Desktop\\Radarleb coding\\vendor\\laravel\\framework\\src\\Illuminate\\Routing\\ResponseFactory.php(60): Illuminate\\Http\\Response->__construct()
#14 C:\\Users\\rayan\\Desktop\\Radarleb coding\\vendor\\laravel\\framework\\src\\Illuminate\\Routing\\ResponseFactory.php(90): Illuminate\\Routing\\ResponseFactory->make()
#15 C:\\Users\\rayan\\Desktop\\Radarleb coding\\vendor\\laravel\\framework\\src\\Illuminate\\Support\\Facades\\Facade.php(361): Illuminate\\Routing\\ResponseFactory->view()
#16 C:\\Users\\rayan\\Desktop\\Radarleb coding\\vendor\\inertiajs\\inertia-laravel\\src\\Response.php(126): Illuminate\\Support\\Facades\\Facade::__callStatic()
#17 C:\\Users\\rayan\\Desktop\\Radarleb coding\\vendor\\laravel\\framework\\src\\Illuminate\\Routing\\Router.php(906): Inertia\\Response->toResponse()
#18 C:\\Users\\rayan\\Desktop\\Radarleb coding\\vendor\\laravel\\framework\\src\\Illuminate\\Routing\\Router.php(891): Illuminate\\Routing\\Router::toResponse()
#19 C:\\Users\\rayan\\Desktop\\Radarleb coding\\vendor\\laravel\\framework\\src\\Illuminate\\Routing\\Router.php(807): Illuminate\\Routing\\Router->prepareResponse()
#20 C:\\Users\\rayan\\Desktop\\Radarleb coding\\vendor\\laravel\\framework\\src\\Illuminate\\Pipeline\\Pipeline.php(169): Illuminate\\Routing\\Router->{closure:Illuminate\\Routing\\Router::runRouteWithinStack():807}()
#21 C:\\Users\\rayan\\Desktop\\Radarleb coding\\vendor\\laravel\\framework\\src\\Illuminate\\Auth\\Middleware\\EnsureEmailIsVerified.php(41): Illuminate\\Pipeline\\Pipeline->{closure:Illuminate\\Pipeline\\Pipeline::prepareDestination():167}()
#22 C:\\Users\\rayan\\Desktop\\Radarleb coding\\vendor\\laravel\\framework\\src\\Illuminate\\Pipeline\\Pipeline.php(208): Illuminate\\Auth\\Middleware\\EnsureEmailIsVerified->handle()
#23 C:\\Users\\rayan\\Desktop\\Radarleb coding\\vendor\\inertiajs\\inertia-laravel\\src\\Middleware.php(86): Illuminate\\Pipeline\\Pipeline->{closure:{closure:Illuminate\\Pipeline\\Pipeline::carry():183}:184}()
#24 C:\\Users\\rayan\\Desktop\\Radarleb coding\\vendor\\laravel\\framework\\src\\Illuminate\\Pipeline\\Pipeline.php(208): Inertia\\Middleware->handle()
#25 C:\\Users\\rayan\\Desktop\\Radarleb coding\\vendor\\laravel\\framework\\src\\Illuminate\\Routing\\Middleware\\SubstituteBindings.php(50): Illuminate\\Pipeline\\Pipeline->{closure:{closure:Illuminate\\Pipeline\\Pipeline::carry():183}:184}()
#26 C:\\Users\\rayan\\Desktop\\Radarleb coding\\vendor\\laravel\\framework\\src\\Illuminate\\Pipeline\\Pipeline.php(208): Illuminate\\Routing\\Middleware\\SubstituteBindings->handle()
#27 C:\\Users\\rayan\\Desktop\\Radarleb coding\\vendor\\laravel\\framework\\src\\Illuminate\\Auth\\Middleware\\Authenticate.php(63): Illuminate\\Pipeline\\Pipeline->{closure:{closure:Illuminate\\Pipeline\\Pipeline::carry():183}:184}()
#28 C:\\Users\\rayan\\Desktop\\Radarleb coding\\vendor\\laravel\\framework\\src\\Illuminate\\Pipeline\\Pipeline.php(208): Illuminate\\Auth\\Middleware\\Authenticate->handle()
#29 C:\\Users\\rayan\\Desktop\\Radarleb coding\\vendor\\laravel\\framework\\src\\Illuminate\\Foundation\\Http\\Middleware\\VerifyCsrfToken.php(87): Illuminate\\Pipeline\\Pipeline->{closure:{closure:Illuminate\\Pipeline\\Pipeline::carry():183}:184}()
#30 C:\\Users\\rayan\\Desktop\\Radarleb coding\\vendor\\laravel\\framework\\src\\Illuminate\\Pipeline\\Pipeline.php(208): Illuminate\\Foundation\\Http\\Middleware\\VerifyCsrfToken->handle()
#31 C:\\Users\\rayan\\Desktop\\Radarleb coding\\vendor\\laravel\\framework\\src\\Illuminate\\View\\Middleware\\ShareErrorsFromSession.php(48): Illuminate\\Pipeline\\Pipeline->{closure:{closure:Illuminate\\Pipeline\\Pipeline::carry():183}:184}()
#32 C:\\Users\\rayan\\Desktop\\Radarleb coding\\vendor\\laravel\\framework\\src\\Illuminate\\Pipeline\\Pipeline.php(208): Illuminate\\View\\Middleware\\ShareErrorsFromSession->handle()
#33 C:\\Users\\rayan\\Desktop\\Radarleb coding\\vendor\\laravel\\framework\\src\\Illuminate\\Session\\Middleware\\StartSession.php(120): Illuminate\\Pipeline\\Pipeline->{closure:{closure:Illuminate\\Pipeline\\Pipeline::carry():183}:184}()
#34 C:\\Users\\rayan\\Desktop\\Radarleb coding\\vendor\\laravel\\framework\\src\\Illuminate\\Session\\Middleware\\StartSession.php(63): Illuminate\\Session\\Middleware\\StartSession->handleStatefulRequest()
#35 C:\\Users\\rayan\\Desktop\\Radarleb coding\\vendor\\laravel\\framework\\src\\Illuminate\\Pipeline\\Pipeline.php(208): Illuminate\\Session\\Middleware\\StartSession->handle()
#36 C:\\Users\\rayan\\Desktop\\Radarleb coding\\vendor\\laravel\\framework\\src\\Illuminate\\Cookie\\Middleware\\AddQueuedCookiesToResponse.php(36): Illuminate\\Pipeline\\Pipeline->{closure:{closure:Illuminate\\Pipeline\\Pipeline::carry():183}:184}()
#37 C:\\Users\\rayan\\Desktop\\Radarleb coding\\vendor\\laravel\\framework\\src\\Illuminate\\Pipeline\\Pipeline.php(208): Illuminate\\Cookie\\Middleware\\AddQueuedCookiesToResponse->handle()
#38 C:\\Users\\rayan\\Desktop\\Radarleb coding\\vendor\\laravel\\framework\\src\\Illuminate\\Cookie\\Middleware\\EncryptCookies.php(74): Illuminate\\Pipeline\\Pipeline->{closure:{closure:Illuminate\\Pipeline\\Pipeline::carry():183}:184}()
#39 C:\\Users\\rayan\\Desktop\\Radarleb coding\\vendor\\laravel\\framework\\src\\Illuminate\\Pipeline\\Pipeline.php(208): Illuminate\\Cookie\\Middleware\\EncryptCookies->handle()
#40 C:\\Users\\rayan\\Desktop\\Radarleb coding\\vendor\\laravel\\framework\\src\\Illuminate\\Pipeline\\Pipeline.php(126): Illuminate\\Pipeline\\Pipeline->{closure:{closure:Illuminate\\Pipeline\\Pipeline::carry():183}:184}()
#41 C:\\Users\\rayan\\Desktop\\Radarleb coding\\vendor\\laravel\\framework\\src\\Illuminate\\Routing\\Router.php(807): Illuminate\\Pipeline\\Pipeline->then()
#42 C:\\Users\\rayan\\Desktop\\Radarleb coding\\vendor\\laravel\\framework\\src\\Illuminate\\Routing\\Router.php(786): Illuminate\\Routing\\Router->runRouteWithinStack()
#43 C:\\Users\\rayan\\Desktop\\Radarleb coding\\vendor\\laravel\\framework\\src\\Illuminate\\Routing\\Router.php(750): Illuminate\\Routing\\Router->runRoute()
#44 C:\\Users\\rayan\\Desktop\\Radarleb coding\\vendor\\laravel\\framework\\src\\Illuminate\\Routing\\Router.php(739): Illuminate\\Routing\\Router->dispatchToRoute()
#45 C:\\Users\\rayan\\Desktop\\Radarleb coding\\vendor\\laravel\\framework\\src\\Illuminate\\Foundation\\Http\\Kernel.php(200): Illuminate\\Routing\\Router->dispatch()
#46 C:\\Users\\rayan\\Desktop\\Radarleb coding\\vendor\\laravel\\framework\\src\\Illuminate\\Pipeline\\Pipeline.php(169): Illuminate\\Foundation\\Http\\Kernel->{closure:Illuminate\\Foundation\\Http\\Kernel::dispatchToRouter():197}()
#47 C:\\Users\\rayan\\Desktop\\Radarleb coding\\vendor\\livewire\\livewire\\src\\Features\\SupportDisablingBackButtonCache\\DisableBackButtonCacheMiddleware.php(19): Illuminate\\Pipeline\\Pipeline->{closure:Illuminate\\Pipeline\\Pipeline::prepareDestination():167}()
#48 C:\\Users\\rayan\\Desktop\\Radarleb coding\\vendor\\laravel\\framework\\src\\Illuminate\\Pipeline\\Pipeline.php(208): Livewire\\Features\\SupportDisablingBackButtonCache\\DisableBackButtonCacheMiddleware->handle()
#49 C:\\Users\\rayan\\Desktop\\Radarleb coding\\vendor\\laravel\\framework\\src\\Illuminate\\Foundation\\Http\\Middleware\\TransformsRequest.php(21): Illuminate\\Pipeline\\Pipeline->{closure:{closure:Illuminate\\Pipeline\\Pipeline::carry():183}:184}()
#50 C:\\Users\\rayan\\Desktop\\Radarleb coding\\vendor\\laravel\\framework\\src\\Illuminate\\Foundation\\Http\\Middleware\\ConvertEmptyStringsToNull.php(31): Illuminate\\Foundation\\Http\\Middleware\\TransformsRequest->handle()
#51 C:\\Users\\rayan\\Desktop\\Radarleb coding\\vendor\\laravel\\framework\\src\\Illuminate\\Pipeline\\Pipeline.php(208): Illuminate\\Foundation\\Http\\Middleware\\ConvertEmptyStringsToNull->handle()
#52 C:\\Users\\rayan\\Desktop\\Radarleb coding\\vendor\\laravel\\framework\\src\\Illuminate\\Foundation\\Http\\Middleware\\TransformsRequest.php(21): Illuminate\\Pipeline\\Pipeline->{closure:{closure:Illuminate\\Pipeline\\Pipeline::carry():183}:184}()
#53 C:\\Users\\rayan\\Desktop\\Radarleb coding\\vendor\\laravel\\framework\\src\\Illuminate\\Foundation\\Http\\Middleware\\TrimStrings.php(51): Illuminate\\Foundation\\Http\\Middleware\\TransformsRequest->handle()
#54 C:\\Users\\rayan\\Desktop\\Radarleb coding\\vendor\\laravel\\framework\\src\\Illuminate\\Pipeline\\Pipeline.php(208): Illuminate\\Foundation\\Http\\Middleware\\TrimStrings->handle()
#55 C:\\Users\\rayan\\Desktop\\Radarleb coding\\vendor\\laravel\\framework\\src\\Illuminate\\Http\\Middleware\\ValidatePostSize.php(27): Illuminate\\Pipeline\\Pipeline->{closure:{closure:Illuminate\\Pipeline\\Pipeline::carry():183}:184}()
#56 C:\\Users\\rayan\\Desktop\\Radarleb coding\\vendor\\laravel\\framework\\src\\Illuminate\\Pipeline\\Pipeline.php(208): Illuminate\\Http\\Middleware\\ValidatePostSize->handle()
#57 C:\\Users\\rayan\\Desktop\\Radarleb coding\\vendor\\laravel\\framework\\src\\Illuminate\\Foundation\\Http\\Middleware\\PreventRequestsDuringMaintenance.php(109): Illuminate\\Pipeline\\Pipeline->{closure:{closure:Illuminate\\Pipeline\\Pipeline::carry():183}:184}()
#58 C:\\Users\\rayan\\Desktop\\Radarleb coding\\vendor\\laravel\\framework\\src\\Illuminate\\Pipeline\\Pipeline.php(208): Illuminate\\Foundation\\Http\\Middleware\\PreventRequestsDuringMaintenance->handle()
#59 C:\\Users\\rayan\\Desktop\\Radarleb coding\\vendor\\laravel\\framework\\src\\Illuminate\\Http\\Middleware\\HandleCors.php(48): Illuminate\\Pipeline\\Pipeline->{closure:{closure:Illuminate\\Pipeline\\Pipeline::carry():183}:184}()
#60 C:\\Users\\rayan\\Desktop\\Radarleb coding\\vendor\\laravel\\framework\\src\\Illuminate\\Pipeline\\Pipeline.php(208): Illuminate\\Http\\Middleware\\HandleCors->handle()
#61 C:\\Users\\rayan\\Desktop\\Radarleb coding\\vendor\\laravel\\framework\\src\\Illuminate\\Http\\Middleware\\TrustProxies.php(58): Illuminate\\Pipeline\\Pipeline->{closure:{closure:Illuminate\\Pipeline\\Pipeline::carry():183}:184}()
#62 C:\\Users\\rayan\\Desktop\\Radarleb coding\\vendor\\laravel\\framework\\src\\Illuminate\\Pipeline\\Pipeline.php(208): Illuminate\\Http\\Middleware\\TrustProxies->handle()
#63 C:\\Users\\rayan\\Desktop\\Radarleb coding\\vendor\\laravel\\framework\\src\\Illuminate\\Foundation\\Http\\Middleware\\InvokeDeferredCallbacks.php(22): Illuminate\\Pipeline\\Pipeline->{closure:{closure:Illuminate\\Pipeline\\Pipeline::carry():183}:184}()
#64 C:\\Users\\rayan\\Desktop\\Radarleb coding\\vendor\\laravel\\framework\\src\\Illuminate\\Pipeline\\Pipeline.php(208): Illuminate\\Foundation\\Http\\Middleware\\InvokeDeferredCallbacks->handle()
#65 C:\\Users\\rayan\\Desktop\\Radarleb coding\\vendor\\laravel\\framework\\src\\Illuminate\\Http\\Middleware\\ValidatePathEncoding.php(26): Illuminate\\Pipeline\\Pipeline->{closure:{closure:Illuminate\\Pipeline\\Pipeline::carry():183}:184}()
#66 C:\\Users\\rayan\\Desktop\\Radarleb coding\\vendor\\laravel\\framework\\src\\Illuminate\\Pipeline\\Pipeline.php(208): Illuminate\\Http\\Middleware\\ValidatePathEncoding->handle()
#67 C:\\Users\\rayan\\Desktop\\Radarleb coding\\vendor\\laravel\\framework\\src\\Illuminate\\Pipeline\\Pipeline.php(126): Illuminate\\Pipeline\\Pipeline->{closure:{closure:Illuminate\\Pipeline\\Pipeline::carry():183}:184}()
#68 C:\\Users\\rayan\\Desktop\\Radarleb coding\\vendor\\laravel\\framework\\src\\Illuminate\\Foundation\\Http\\Kernel.php(175): Illuminate\\Pipeline\\Pipeline->then()
#69 C:\\Users\\rayan\\Desktop\\Radarleb coding\\vendor\\laravel\\framework\\src\\Illuminate\\Foundation\\Http\\Kernel.php(144): Illuminate\\Foundation\\Http\\Kernel->sendRequestThroughRouter()
#70 C:\\Users\\rayan\\Desktop\\Radarleb coding\\vendor\\laravel\\framework\\src\\Illuminate\\Foundation\\Application.php(1219): Illuminate\\Foundation\\Http\\Kernel->handle()
#71 C:\\Users\\rayan\\Desktop\\Radarleb coding\\public\\index.php(20): Illuminate\\Foundation\\Application->handleRequest()
#72 C:\\Users\\rayan\\Desktop\\Radarleb coding\\vendor\\laravel\\framework\\src\\Illuminate\\Foundation\\resources\\server.php(23): require_once('...')
#73 {main}
"} 
[2026-02-05 12:35:09] local.ERROR: PHP Parse error: Syntax error, unexpected T_NS_SEPARATOR, expecting T_VARIABLE on line 1 {"exception":"[object] (Psy\\Exception\\ParseErrorException(code: 0): PHP Parse error: Syntax error, unexpected T_NS_SEPARATOR, expecting T_VARIABLE on line 1 at C:\\Users\\rayan\\Desktop\\RadarLeb-main\\RadarLeb-main\\vendor\\psy\\psysh\\src\\Exception\\ParseErrorException.php:44)
[stacktrace]
#0 C:\\Users\\rayan\\Desktop\\RadarLeb-main\\RadarLeb-main\\vendor\\psy\\psysh\\src\\CodeCleaner.php(306): Psy\\Exception\\ParseErrorException::fromParseError()
#1 C:\\Users\\rayan\\Desktop\\RadarLeb-main\\RadarLeb-main\\vendor\\psy\\psysh\\src\\CodeCleaner.php(240): Psy\\CodeCleaner->parse()
#2 C:\\Users\\rayan\\Desktop\\RadarLeb-main\\RadarLeb-main\\vendor\\psy\\psysh\\src\\Shell.php(852): Psy\\CodeCleaner->clean()
#3 C:\\Users\\rayan\\Desktop\\RadarLeb-main\\RadarLeb-main\\vendor\\psy\\psysh\\src\\Shell.php(881): Psy\\Shell->addCode()
#4 C:\\Users\\rayan\\Desktop\\RadarLeb-main\\RadarLeb-main\\vendor\\psy\\psysh\\src\\Shell.php(1390): Psy\\Shell->setCode()
#5 C:\\Users\\rayan\\Desktop\\RadarLeb-main\\RadarLeb-main\\vendor\\laravel\\tinker\\src\\Console\\TinkerCommand.php(76): Psy\\Shell->execute()
#6 C:\\Users\\rayan\\Desktop\\RadarLeb-main\\RadarLeb-main\\vendor\\laravel\\framework\\src\\Illuminate\\Container\\BoundMethod.php(36): Laravel\\Tinker\\Console\\TinkerCommand->handle()
#7 C:\\Users\\rayan\\Desktop\\RadarLeb-main\\RadarLeb-main\\vendor\\laravel\\framework\\src\\Illuminate\\Container\\Util.php(43): Illuminate\\Container\\BoundMethod::{closure:Illuminate\\Container\\BoundMethod::call():35}()
#8 C:\\Users\\rayan\\Desktop\\RadarLeb-main\\RadarLeb-main\\vendor\\laravel\\framework\\src\\Illuminate\\Container\\BoundMethod.php(96): Illuminate\\Container\\Util::unwrapIfClosure()
#9 C:\\Users\\rayan\\Desktop\\RadarLeb-main\\RadarLeb-main\\vendor\\laravel\\framework\\src\\Illuminate\\Container\\BoundMethod.php(35): Illuminate\\Container\\BoundMethod::callBoundMethod()
#10 C:\\Users\\rayan\\Desktop\\RadarLeb-main\\RadarLeb-main\\vendor\\laravel\\framework\\src\\Illuminate\\Container\\Container.php(754): Illuminate\\Container\\BoundMethod::call()
#11 C:\\Users\\rayan\\Desktop\\RadarLeb-main\\RadarLeb-main\\vendor\\laravel\\framework\\src\\Illuminate\\Console\\Command.php(211): Illuminate\\Container\\Container->call()
#12 C:\\Users\\rayan\\Desktop\\RadarLeb-main\\RadarLeb-main\\vendor\\symfony\\console\\Command\\Command.php(279): Illuminate\\Console\\Command->execute()
#13 C:\\Users\\rayan\\Desktop\\RadarLeb-main\\RadarLeb-main\\vendor\\laravel\\framework\\src\\Illuminate\\Console\\Command.php(180): Symfony\\Component\\Console\\Command\\Command->run()
#14 C:\\Users\\rayan\\Desktop\\RadarLeb-main\\RadarLeb-main\\vendor\\symfony\\console\\Application.php(1094): Illuminate\\Console\\Command->run()
#15 C:\\Users\\rayan\\Desktop\\RadarLeb-main\\RadarLeb-main\\vendor\\symfony\\console\\Application.php(342): Symfony\\Component\\Console\\Application->doRunCommand()
#16 C:\\Users\\rayan\\Desktop\\RadarLeb-main\\RadarLeb-main\\vendor\\symfony\\console\\Application.php(193): Symfony\\Component\\Console\\Application->doRun()
#17 C:\\Users\\rayan\\Desktop\\RadarLeb-main\\RadarLeb-main\\vendor\\laravel\\framework\\src\\Illuminate\\Foundation\\Console\\Kernel.php(197): Symfony\\Component\\Console\\Application->run()
#18 C:\\Users\\rayan\\Desktop\\RadarLeb-main\\RadarLeb-main\\vendor\\laravel\\framework\\src\\Illuminate\\Foundation\\Application.php(1234): Illuminate\\Foundation\\Console\\Kernel->handle()
#19 C:\\Users\\rayan\\Desktop\\RadarLeb-main\\RadarLeb-main\\artisan(16): Illuminate\\Foundation\\Application->handleCommand()
#20 {main}
"} 
[2026-02-05 12:35:14] local.ERROR: PHP Parse error: Syntax error, unexpected T_NS_SEPARATOR on line 1 {"exception":"[object] (Psy\\Exception\\ParseErrorException(code: 0): PHP Parse error: Syntax error, unexpected T_NS_SEPARATOR on line 1 at C:\\Users\\rayan\\Desktop\\RadarLeb-main\\RadarLeb-main\\vendor\\psy\\psysh\\src\\Exception\\ParseErrorException.php:44)
[stacktrace]
#0 C:\\Users\\rayan\\Desktop\\RadarLeb-main\\RadarLeb-main\\vendor\\psy\\psysh\\src\\CodeCleaner.php(306): Psy\\Exception\\ParseErrorException::fromParseError()
#1 C:\\Users\\rayan\\Desktop\\RadarLeb-main\\RadarLeb-main\\vendor\\psy\\psysh\\src\\CodeCleaner.php(240): Psy\\CodeCleaner->parse()
#2 C:\\Users\\rayan\\Desktop\\RadarLeb-main\\RadarLeb-main\\vendor\\psy\\psysh\\src\\Shell.php(852): Psy\\CodeCleaner->clean()
#3 C:\\Users\\rayan\\Desktop\\RadarLeb-main\\RadarLeb-main\\vendor\\psy\\psysh\\src\\Shell.php(881): Psy\\Shell->addCode()
#4 C:\\Users\\rayan\\Desktop\\RadarLeb-main\\RadarLeb-main\\vendor\\psy\\psysh\\src\\Shell.php(1390): Psy\\Shell->setCode()
#5 C:\\Users\\rayan\\Desktop\\RadarLeb-main\\RadarLeb-main\\vendor\\laravel\\tinker\\src\\Console\\TinkerCommand.php(76): Psy\\Shell->execute()
#6 C:\\Users\\rayan\\Desktop\\RadarLeb-main\\RadarLeb-main\\vendor\\laravel\\framework\\src\\Illuminate\\Container\\BoundMethod.php(36): Laravel\\Tinker\\Console\\TinkerCommand->handle()
#7 C:\\Users\\rayan\\Desktop\\RadarLeb-main\\RadarLeb-main\\vendor\\laravel\\framework\\src\\Illuminate\\Container\\Util.php(43): Illuminate\\Container\\BoundMethod::{closure:Illuminate\\Container\\BoundMethod::call():35}()
#8 C:\\Users\\rayan\\Desktop\\RadarLeb-main\\RadarLeb-main\\vendor\\laravel\\framework\\src\\Illuminate\\Container\\BoundMethod.php(96): Illuminate\\Container\\Util::unwrapIfClosure()
#9 C:\\Users\\rayan\\Desktop\\RadarLeb-main\\RadarLeb-main\\vendor\\laravel\\framework\\src\\Illuminate\\Container\\BoundMethod.php(35): Illuminate\\Container\\BoundMethod::callBoundMethod()
#10 C:\\Users\\rayan\\Desktop\\RadarLeb-main\\RadarLeb-main\\vendor\\laravel\\framework\\src\\Illuminate\\Container\\Container.php(754): Illuminate\\Container\\BoundMethod::call()
#11 C:\\Users\\rayan\\Desktop\\RadarLeb-main\\RadarLeb-main\\vendor\\laravel\\framework\\src\\Illuminate\\Console\\Command.php(211): Illuminate\\Container\\Container->call()
#12 C:\\Users\\rayan\\Desktop\\RadarLeb-main\\RadarLeb-main\\vendor\\symfony\\console\\Command\\Command.php(279): Illuminate\\Console\\Command->execute()
#13 C:\\Users\\rayan\\Desktop\\RadarLeb-main\\RadarLeb-main\\vendor\\laravel\\framework\\src\\Illuminate\\Console\\Command.php(180): Symfony\\Component\\Console\\Command\\Command->run()
#14 C:\\Users\\rayan\\Desktop\\RadarLeb-main\\RadarLeb-main\\vendor\\symfony\\console\\Application.php(1094): Illuminate\\Console\\Command->run()
#15 C:\\Users\\rayan\\Desktop\\RadarLeb-main\\RadarLeb-main\\vendor\\symfony\\console\\Application.php(342): Symfony\\Component\\Console\\Application->doRunCommand()
#16 C:\\Users\\rayan\\Desktop\\RadarLeb-main\\RadarLeb-main\\vendor\\symfony\\console\\Application.php(193): Symfony\\Component\\Console\\Application->doRun()
#17 C:\\Users\\rayan\\Desktop\\RadarLeb-main\\RadarLeb-main\\vendor\\laravel\\framework\\src\\Illuminate\\Foundation\\Console\\Kernel.php(197): Symfony\\Component\\Console\\Application->run()
#18 C:\\Users\\rayan\\Desktop\\RadarLeb-main\\RadarLeb-main\\vendor\\laravel\\framework\\src\\Illuminate\\Foundation\\Application.php(1234): Illuminate\\Foundation\\Console\\Kernel->handle()
#19 C:\\Users\\rayan\\Desktop\\RadarLeb-main\\RadarLeb-main\\artisan(16): Illuminate\\Foundation\\Application->handleCommand()
#20 {main}
"} 
[2026-02-05 14:54:51] local.ERROR: Maximum execution time of 30 seconds exceeded {"exception":"[object] (Symfony\\Component\\ErrorHandler\\Error\\FatalError(code: 0): Maximum execution time of 30 seconds exceeded at C:\\Users\\rayan\\Desktop\\RadarLeb-main\\RadarLeb-main\\vendor\\laravel\\framework\\src\\Illuminate\\Database\\Connectors\\Connector.php:67)
[stacktrace]
#0 {main}
"} 
[2026-02-05 14:56:05] local.ERROR: Maximum execution time of 30 seconds exceeded {"exception":"[object] (Symfony\\Component\\ErrorHandler\\Error\\FatalError(code: 0): Maximum execution time of 30 seconds exceeded at C:\\Users\\rayan\\Desktop\\RadarLeb-main\\RadarLeb-main\\vendor\\laravel\\framework\\src\\Illuminate\\Database\\Connectors\\Connector.php:67)
[stacktrace]
#0 {main}
"} 
[2026-02-05 16:48:34] local.ERROR: SQLSTATE[08006] [7] connection to server at "radarleb-db.col8o06a4whf.us-east-1.rds.amazonaws.com" (35.172.125.160), port 5432 failed: Connection timed out (0x0000274C/10060)
	Is the server running on that host and accepting TCP/IP connections? (Connection: pgsql, SQL: delete from "cache") {"exception":"[object] (Illuminate\\Database\\QueryException(code: 7): SQLSTATE[08006] [7] connection to server at \"radarleb-db.col8o06a4whf.us-east-1.rds.amazonaws.com\" (35.172.125.160), port 5432 failed: Connection timed out (0x0000274C/10060)
\tIs the server running on that host and accepting TCP/IP connections? (Connection: pgsql, SQL: delete from \"cache\") at C:\\Users\\rayan\\Desktop\\RadarLeb-main\\RadarLeb-main\\vendor\\laravel\\framework\\src\\Illuminate\\Database\\Connection.php:822)
[stacktrace]
#0 C:\\Users\\rayan\\Desktop\\RadarLeb-main\\RadarLeb-main\\vendor\\laravel\\framework\\src\\Illuminate\\Database\\Connection.php(776): Illuminate\\Database\\Connection->runQueryCallback()
#1 C:\\Users\\rayan\\Desktop\\RadarLeb-main\\RadarLeb-main\\vendor\\laravel\\framework\\src\\Illuminate\\Database\\Connection.php(581): Illuminate\\Database\\Connection->run()
#2 C:\\Users\\rayan\\Desktop\\RadarLeb-main\\RadarLeb-main\\vendor\\laravel\\framework\\src\\Illuminate\\Database\\Connection.php(545): Illuminate\\Database\\Connection->affectingStatement()
#3 C:\\Users\\rayan\\Desktop\\RadarLeb-main\\RadarLeb-main\\vendor\\laravel\\framework\\src\\Illuminate\\Database\\Query\\Builder.php(4037): Illuminate\\Database\\Connection->delete()
#4 C:\\Users\\rayan\\Desktop\\RadarLeb-main\\RadarLeb-main\\vendor\\laravel\\framework\\src\\Illuminate\\Cache\\DatabaseStore.php(421): Illuminate\\Database\\Query\\Builder->delete()
#5 C:\\Users\\rayan\\Desktop\\RadarLeb-main\\RadarLeb-main\\vendor\\laravel\\framework\\src\\Illuminate\\Cache\\Repository.php(806): Illuminate\\Cache\\DatabaseStore->flush()
#6 C:\\Users\\rayan\\Desktop\\RadarLeb-main\\RadarLeb-main\\vendor\\laravel\\framework\\src\\Illuminate\\Cache\\Console\\ClearCommand.php(68): Illuminate\\Cache\\Repository->__call()
#7 C:\\Users\\rayan\\Desktop\\RadarLeb-main\\RadarLeb-main\\vendor\\laravel\\framework\\src\\Illuminate\\Container\\BoundMethod.php(36): Illuminate\\Cache\\Console\\ClearCommand->handle()
#8 C:\\Users\\rayan\\Desktop\\RadarLeb-main\\RadarLeb-main\\vendor\\laravel\\framework\\src\\Illuminate\\Container\\Util.php(43): Illuminate\\Container\\BoundMethod::{closure:Illuminate\\Container\\BoundMethod::call():35}()
#9 C:\\Users\\rayan\\Desktop\\RadarLeb-main\\RadarLeb-main\\vendor\\laravel\\framework\\src\\Illuminate\\Container\\BoundMethod.php(96): Illuminate\\Container\\Util::unwrapIfClosure()
#10 C:\\Users\\rayan\\Desktop\\RadarLeb-main\\RadarLeb-main\\vendor\\laravel\\framework\\src\\Illuminate\\Container\\BoundMethod.php(35): Illuminate\\Container\\BoundMethod::callBoundMethod()
#11 C:\\Users\\rayan\\Desktop\\RadarLeb-main\\RadarLeb-main\\vendor\\laravel\\framework\\src\\Illuminate\\Container\\Container.php(754): Illuminate\\Container\\BoundMethod::call()
#12 C:\\Users\\rayan\\Desktop\\RadarLeb-main\\RadarLeb-main\\vendor\\laravel\\framework\\src\\Illuminate\\Console\\Command.php(211): Illuminate\\Container\\Container->call()
#13 C:\\Users\\rayan\\Desktop\\RadarLeb-main\\RadarLeb-main\\vendor\\symfony\\console\\Command\\Command.php(279): Illuminate\\Console\\Command->execute()
#14 C:\\Users\\rayan\\Desktop\\RadarLeb-main\\RadarLeb-main\\vendor\\laravel\\framework\\src\\Illuminate\\Console\\Command.php(180): Symfony\\Component\\Console\\Command\\Command->run()
#15 C:\\Users\\rayan\\Desktop\\RadarLeb-main\\RadarLeb-main\\vendor\\laravel\\framework\\src\\Illuminate\\Console\\Concerns\\CallsCommands.php(68): Illuminate\\Console\\Command->run()
#16 C:\\Users\\rayan\\Desktop\\RadarLeb-main\\RadarLeb-main\\vendor\\laravel\\framework\\src\\Illuminate\\Console\\Concerns\\CallsCommands.php(41): Illuminate\\Console\\Command->runCommand()
#17 C:\\Users\\rayan\\Desktop\\RadarLeb-main\\RadarLeb-main\\vendor\\laravel\\framework\\src\\Illuminate\\Console\\Concerns\\CallsCommands.php(53): Illuminate\\Console\\Command->callSilent()
#18 C:\\Users\\rayan\\Desktop\\RadarLeb-main\\RadarLeb-main\\vendor\\laravel\\framework\\src\\Illuminate\\Foundation\\Console\\OptimizeClearCommand.php(48): Illuminate\\Console\\Command->callSilently()
#19 C:\\Users\\rayan\\Desktop\\RadarLeb-main\\RadarLeb-main\\vendor\\laravel\\framework\\src\\Illuminate\\Console\\View\\Components\\Task.php(41): Illuminate\\Foundation\\Console\\OptimizeClearCommand->{closure:Illuminate\\Foundation\\Console\\OptimizeClearCommand::handle():48}()
#20 C:\\Users\\rayan\\Desktop\\RadarLeb-main\\RadarLeb-main\\vendor\\laravel\\framework\\src\\Illuminate\\Console\\View\\Components\\Factory.php(59): Illuminate\\Console\\View\\Components\\Task->render()
#21 C:\\Users\\rayan\\Desktop\\RadarLeb-main\\RadarLeb-main\\vendor\\laravel\\framework\\src\\Illuminate\\Foundation\\Console\\OptimizeClearCommand.php(48): Illuminate\\Console\\View\\Components\\Factory->__call()
#22 C:\\Users\\rayan\\Desktop\\RadarLeb-main\\RadarLeb-main\\vendor\\laravel\\framework\\src\\Illuminate\\Container\\BoundMethod.php(36): Illuminate\\Foundation\\Console\\OptimizeClearCommand->handle()
#23 C:\\Users\\rayan\\Desktop\\RadarLeb-main\\RadarLeb-main\\vendor\\laravel\\framework\\src\\Illuminate\\Container\\Util.php(43): Illuminate\\Container\\BoundMethod::{closure:Illuminate\\Container\\BoundMethod::call():35}()
#24 C:\\Users\\rayan\\Desktop\\RadarLeb-main\\RadarLeb-main\\vendor\\laravel\\framework\\src\\Illuminate\\Container\\BoundMethod.php(96): Illuminate\\Container\\Util::unwrapIfClosure()
#25 C:\\Users\\rayan\\Desktop\\RadarLeb-main\\RadarLeb-main\\vendor\\laravel\\framework\\src\\Illuminate\\Container\\BoundMethod.php(35): Illuminate\\Container\\BoundMethod::callBoundMethod()
#26 C:\\Users\\rayan\\Desktop\\RadarLeb-main\\RadarLeb-main\\vendor\\laravel\\framework\\src\\Illuminate\\Container\\Container.php(754): Illuminate\\Container\\BoundMethod::call()
#27 C:\\Users\\rayan\\Desktop\\RadarLeb-main\\RadarLeb-main\\vendor\\laravel\\framework\\src\\Illuminate\\Console\\Command.php(211): Illuminate\\Container\\Container->call()
#28 C:\\Users\\rayan\\Desktop\\RadarLeb-main\\RadarLeb-main\\vendor\\symfony\\console\\Command\\Command.php(279): Illuminate\\Console\\Command->execute()
#29 C:\\Users\\rayan\\Desktop\\RadarLeb-main\\RadarLeb-main\\vendor\\laravel\\framework\\src\\Illuminate\\Console\\Command.php(180): Symfony\\Component\\Console\\Command\\Command->run()
#30 C:\\Users\\rayan\\Desktop\\RadarLeb-main\\RadarLeb-main\\vendor\\symfony\\console\\Application.php(1094): Illuminate\\Console\\Command->run()
#31 C:\\Users\\rayan\\Desktop\\RadarLeb-main\\RadarLeb-main\\vendor\\symfony\\console\\Application.php(342): Symfony\\Component\\Console\\Application->doRunCommand()
#32 C:\\Users\\rayan\\Desktop\\RadarLeb-main\\RadarLeb-main\\vendor\\symfony\\console\\Application.php(193): Symfony\\Component\\Console\\Application->doRun()
#33 C:\\Users\\rayan\\Desktop\\RadarLeb-main\\RadarLeb-main\\vendor\\laravel\\framework\\src\\Illuminate\\Foundation\\Console\\Kernel.php(197): Symfony\\Component\\Console\\Application->run()
#34 C:\\Users\\rayan\\Desktop\\RadarLeb-main\\RadarLeb-main\\vendor\\laravel\\framework\\src\\Illuminate\\Foundation\\Application.php(1234): Illuminate\\Foundation\\Console\\Kernel->handle()
#35 C:\\Users\\rayan\\Desktop\\RadarLeb-main\\RadarLeb-main\\artisan(16): Illuminate\\Foundation\\Application->handleCommand()
#36 {main}

[previous exception] [object] (PDOException(code: 7): SQLSTATE[08006] [7] connection to server at \"radarleb-db.col8o06a4whf.us-east-1.rds.amazonaws.com\" (35.172.125.160), port 5432 failed: Connection timed out (0x0000274C/10060)
\tIs the server running on that host and accepting TCP/IP connections? at C:\\Users\\rayan\\Desktop\\RadarLeb-main\\RadarLeb-main\\vendor\\laravel\\framework\\src\\Illuminate\\Database\\Connectors\\Connector.php:67)
[stacktrace]
#0 C:\\Users\\rayan\\Desktop\\RadarLeb-main\\RadarLeb-main\\vendor\\laravel\\framework\\src\\Illuminate\\Database\\Connectors\\Connector.php(67): PDO::connect()
#1 C:\\Users\\rayan\\Desktop\\RadarLeb-main\\RadarLeb-main\\vendor\\laravel\\framework\\src\\Illuminate\\Database\\Connectors\\Connector.php(44): Illuminate\\Database\\Connectors\\Connector->createPdoConnection()
#2 C:\\Users\\rayan\\Desktop\\RadarLeb-main\\RadarLeb-main\\vendor\\laravel\\framework\\src\\Illuminate\\Database\\Connectors\\PostgresConnector.php(35): Illuminate\\Database\\Connectors\\Connector->createConnection()
#3 C:\\Users\\rayan\\Desktop\\RadarLeb-main\\RadarLeb-main\\vendor\\laravel\\framework\\src\\Illuminate\\Database\\Connectors\\ConnectionFactory.php(184): Illuminate\\Database\\Connectors\\PostgresConnector->connect()
#4 [internal function]: Illuminate\\Database\\Connectors\\ConnectionFactory->{closure:Illuminate\\Database\\Connectors\\ConnectionFactory::createPdoResolverWithHosts():179}()
#5 C:\\Users\\rayan\\Desktop\\RadarLeb-main\\RadarLeb-main\\vendor\\laravel\\framework\\src\\Illuminate\\Database\\Connection.php(1228): call_user_func()
#6 C:\\Users\\rayan\\Desktop\\RadarLeb-main\\RadarLeb-main\\vendor\\laravel\\framework\\src\\Illuminate\\Database\\Connection.php(589): Illuminate\\Database\\Connection->getPdo()
#7 C:\\Users\\rayan\\Desktop\\RadarLeb-main\\RadarLeb-main\\vendor\\laravel\\framework\\src\\Illuminate\\Database\\Connection.php(809): Illuminate\\Database\\Connection->{closure:Illuminate\\Database\\Connection::affectingStatement():581}()
#8 C:\\Users\\rayan\\Desktop\\RadarLeb-main\\RadarLeb-main\\vendor\\laravel\\framework\\src\\Illuminate\\Database\\Connection.php(776): Illuminate\\Database\\Connection->runQueryCallback()
#9 C:\\Users\\rayan\\Desktop\\RadarLeb-main\\RadarLeb-main\\vendor\\laravel\\framework\\src\\Illuminate\\Database\\Connection.php(581): Illuminate\\Database\\Connection->run()
#10 C:\\Users\\rayan\\Desktop\\RadarLeb-main\\RadarLeb-main\\vendor\\laravel\\framework\\src\\Illuminate\\Database\\Connection.php(545): Illuminate\\Database\\Connection->affectingStatement()
#11 C:\\Users\\rayan\\Desktop\\RadarLeb-main\\RadarLeb-main\\vendor\\laravel\\framework\\src\\Illuminate\\Database\\Query\\Builder.php(4037): Illuminate\\Database\\Connection->delete()
#12 C:\\Users\\rayan\\Desktop\\RadarLeb-main\\RadarLeb-main\\vendor\\laravel\\framework\\src\\Illuminate\\Cache\\DatabaseStore.php(421): Illuminate\\Database\\Query\\Builder->delete()
#13 C:\\Users\\rayan\\Desktop\\RadarLeb-main\\RadarLeb-main\\vendor\\laravel\\framework\\src\\Illuminate\\Cache\\Repository.php(806): Illuminate\\Cache\\DatabaseStore->flush()
#14 C:\\Users\\rayan\\Desktop\\RadarLeb-main\\RadarLeb-main\\vendor\\laravel\\framework\\src\\Illuminate\\Cache\\Console\\ClearCommand.php(68): Illuminate\\Cache\\Repository->__call()
#15 C:\\Users\\rayan\\Desktop\\RadarLeb-main\\RadarLeb-main\\vendor\\laravel\\framework\\src\\Illuminate\\Container\\BoundMethod.php(36): Illuminate\\Cache\\Console\\ClearCommand->handle()
#16 C:\\Users\\rayan\\Desktop\\RadarLeb-main\\RadarLeb-main\\vendor\\laravel\\framework\\src\\Illuminate\\Container\\Util.php(43): Illuminate\\Container\\BoundMethod::{closure:Illuminate\\Container\\BoundMethod::call():35}()
#17 C:\\Users\\rayan\\Desktop\\RadarLeb-main\\RadarLeb-main\\vendor\\laravel\\framework\\src\\Illuminate\\Container\\BoundMethod.php(96): Illuminate\\Container\\Util::unwrapIfClosure()
#18 C:\\Users\\rayan\\Desktop\\RadarLeb-main\\RadarLeb-main\\vendor\\laravel\\framework\\src\\Illuminate\\Container\\BoundMethod.php(35): Illuminate\\Container\\BoundMethod::callBoundMethod()
#19 C:\\Users\\rayan\\Desktop\\RadarLeb-main\\RadarLeb-main\\vendor\\laravel\\framework\\src\\Illuminate\\Container\\Container.php(754): Illuminate\\Container\\BoundMethod::call()
#20 C:\\Users\\rayan\\Desktop\\RadarLeb-main\\RadarLeb-main\\vendor\\laravel\\framework\\src\\Illuminate\\Console\\Command.php(211): Illuminate\\Container\\Container->call()
#21 C:\\Users\\rayan\\Desktop\\RadarLeb-main\\RadarLeb-main\\vendor\\symfony\\console\\Command\\Command.php(279): Illuminate\\Console\\Command->execute()
#22 C:\\Users\\rayan\\Desktop\\RadarLeb-main\\RadarLeb-main\\vendor\\laravel\\framework\\src\\Illuminate\\Console\\Command.php(180): Symfony\\Component\\Console\\Command\\Command->run()
#23 C:\\Users\\rayan\\Desktop\\RadarLeb-main\\RadarLeb-main\\vendor\\laravel\\framework\\src\\Illuminate\\Console\\Concerns\\CallsCommands.php(68): Illuminate\\Console\\Command->run()
#24 C:\\Users\\rayan\\Desktop\\RadarLeb-main\\RadarLeb-main\\vendor\\laravel\\framework\\src\\Illuminate\\Console\\Concerns\\CallsCommands.php(41): Illuminate\\Console\\Command->runCommand()
#25 C:\\Users\\rayan\\Desktop\\RadarLeb-main\\RadarLeb-main\\vendor\\laravel\\framework\\src\\Illuminate\\Console\\Concerns\\CallsCommands.php(53): Illuminate\\Console\\Command->callSilent()
#26 C:\\Users\\rayan\\Desktop\\RadarLeb-main\\RadarLeb-main\\vendor\\laravel\\framework\\src\\Illuminate\\Foundation\\Console\\OptimizeClearCommand.php(48): Illuminate\\Console\\Command->callSilently()
#27 C:\\Users\\rayan\\Desktop\\RadarLeb-main\\RadarLeb-main\\vendor\\laravel\\framework\\src\\Illuminate\\Console\\View\\Components\\Task.php(41): Illuminate\\Foundation\\Console\\OptimizeClearCommand->{closure:Illuminate\\Foundation\\Console\\OptimizeClearCommand::handle():48}()
#28 C:\\Users\\rayan\\Desktop\\RadarLeb-main\\RadarLeb-main\\vendor\\laravel\\framework\\src\\Illuminate\\Console\\View\\Components\\Factory.php(59): Illuminate\\Console\\View\\Components\\Task->render()
#29 C:\\Users\\rayan\\Desktop\\RadarLeb-main\\RadarLeb-main\\vendor\\laravel\\framework\\src\\Illuminate\\Foundation\\Console\\OptimizeClearCommand.php(48): Illuminate\\Console\\View\\Components\\Factory->__call()
#30 C:\\Users\\rayan\\Desktop\\RadarLeb-main\\RadarLeb-main\\vendor\\laravel\\framework\\src\\Illuminate\\Container\\BoundMethod.php(36): Illuminate\\Foundation\\Console\\OptimizeClearCommand->handle()
#31 C:\\Users\\rayan\\Desktop\\RadarLeb-main\\RadarLeb-main\\vendor\\laravel\\framework\\src\\Illuminate\\Container\\Util.php(43): Illuminate\\Container\\BoundMethod::{closure:Illuminate\\Container\\BoundMethod::call():35}()
#32 C:\\Users\\rayan\\Desktop\\RadarLeb-main\\RadarLeb-main\\vendor\\laravel\\framework\\src\\Illuminate\\Container\\BoundMethod.php(96): Illuminate\\Container\\Util::unwrapIfClosure()
#33 C:\\Users\\rayan\\Desktop\\RadarLeb-main\\RadarLeb-main\\vendor\\laravel\\framework\\src\\Illuminate\\Container\\BoundMethod.php(35): Illuminate\\Container\\BoundMethod::callBoundMethod()
#34 C:\\Users\\rayan\\Desktop\\RadarLeb-main\\RadarLeb-main\\vendor\\laravel\\framework\\src\\Illuminate\\Container\\Container.php(754): Illuminate\\Container\\BoundMethod::call()
#35 C:\\Users\\rayan\\Desktop\\RadarLeb-main\\RadarLeb-main\\vendor\\laravel\\framework\\src\\Illuminate\\Console\\Command.php(211): Illuminate\\Container\\Container->call()
#36 C:\\Users\\rayan\\Desktop\\RadarLeb-main\\RadarLeb-main\\vendor\\symfony\\console\\Command\\Command.php(279): Illuminate\\Console\\Command->execute()
#37 C:\\Users\\rayan\\Desktop\\RadarLeb-main\\RadarLeb-main\\vendor\\laravel\\framework\\src\\Illuminate\\Console\\Command.php(180): Symfony\\Component\\Console\\Command\\Command->run()
#38 C:\\Users\\rayan\\Desktop\\RadarLeb-main\\RadarLeb-main\\vendor\\symfony\\console\\Application.php(1094): Illuminate\\Console\\Command->run()
#39 C:\\Users\\rayan\\Desktop\\RadarLeb-main\\RadarLeb-main\\vendor\\symfony\\console\\Application.php(342): Symfony\\Component\\Console\\Application->doRunCommand()
#40 C:\\Users\\rayan\\Desktop\\RadarLeb-main\\RadarLeb-main\\vendor\\symfony\\console\\Application.php(193): Symfony\\Component\\Console\\Application->doRun()
#41 C:\\Users\\rayan\\Desktop\\RadarLeb-main\\RadarLeb-main\\vendor\\laravel\\framework\\src\\Illuminate\\Foundation\\Console\\Kernel.php(197): Symfony\\Component\\Console\\Application->run()
#42 C:\\Users\\rayan\\Desktop\\RadarLeb-main\\RadarLeb-main\\vendor\\laravel\\framework\\src\\Illuminate\\Foundation\\Application.php(1234): Illuminate\\Foundation\\Console\\Kernel->handle()
#43 C:\\Users\\rayan\\Desktop\\RadarLeb-main\\RadarLeb-main\\artisan(16): Illuminate\\Foundation\\Application->handleCommand()
#44 {main}
"} 
[2026-02-05 16:58:51] local.ERROR: SQLSTATE[08006] [7] connection to server at "radarleb-db.col8o06a4whf.us-east-1.rds.amazonaws.com" (35.172.125.160), port 5432 failed: FATAL:  database "radarleb-db" does not exist (Connection: pgsql, SQL: delete from "cache") {"exception":"[object] (Illuminate\\Database\\QueryException(code: 7): SQLSTATE[08006] [7] connection to server at \"radarleb-db.col8o06a4whf.us-east-1.rds.amazonaws.com\" (35.172.125.160), port 5432 failed: FATAL:  database \"radarleb-db\" does not exist (Connection: pgsql, SQL: delete from \"cache\") at C:\\Users\\rayan\\Desktop\\RadarLeb-main\\RadarLeb-main\\vendor\\laravel\\framework\\src\\Illuminate\\Database\\Connection.php:822)
[stacktrace]
#0 C:\\Users\\rayan\\Desktop\\RadarLeb-main\\RadarLeb-main\\vendor\\laravel\\framework\\src\\Illuminate\\Database\\Connection.php(776): Illuminate\\Database\\Connection->runQueryCallback()
#1 C:\\Users\\rayan\\Desktop\\RadarLeb-main\\RadarLeb-main\\vendor\\laravel\\framework\\src\\Illuminate\\Database\\Connection.php(581): Illuminate\\Database\\Connection->run()
#2 C:\\Users\\rayan\\Desktop\\RadarLeb-main\\RadarLeb-main\\vendor\\laravel\\framework\\src\\Illuminate\\Database\\Connection.php(545): Illuminate\\Database\\Connection->affectingStatement()
#3 C:\\Users\\rayan\\Desktop\\RadarLeb-main\\RadarLeb-main\\vendor\\laravel\\framework\\src\\Illuminate\\Database\\Query\\Builder.php(4037): Illuminate\\Database\\Connection->delete()
#4 C:\\Users\\rayan\\Desktop\\RadarLeb-main\\RadarLeb-main\\vendor\\laravel\\framework\\src\\Illuminate\\Cache\\DatabaseStore.php(421): Illuminate\\Database\\Query\\Builder->delete()
#5 C:\\Users\\rayan\\Desktop\\RadarLeb-main\\RadarLeb-main\\vendor\\laravel\\framework\\src\\Illuminate\\Cache\\Repository.php(806): Illuminate\\Cache\\DatabaseStore->flush()
#6 C:\\Users\\rayan\\Desktop\\RadarLeb-main\\RadarLeb-main\\vendor\\laravel\\framework\\src\\Illuminate\\Cache\\Console\\ClearCommand.php(68): Illuminate\\Cache\\Repository->__call()
#7 C:\\Users\\rayan\\Desktop\\RadarLeb-main\\RadarLeb-main\\vendor\\laravel\\framework\\src\\Illuminate\\Container\\BoundMethod.php(36): Illuminate\\Cache\\Console\\ClearCommand->handle()
#8 C:\\Users\\rayan\\Desktop\\RadarLeb-main\\RadarLeb-main\\vendor\\laravel\\framework\\src\\Illuminate\\Container\\Util.php(43): Illuminate\\Container\\BoundMethod::{closure:Illuminate\\Container\\BoundMethod::call():35}()
#9 C:\\Users\\rayan\\Desktop\\RadarLeb-main\\RadarLeb-main\\vendor\\laravel\\framework\\src\\Illuminate\\Container\\BoundMethod.php(96): Illuminate\\Container\\Util::unwrapIfClosure()
#10 C:\\Users\\rayan\\Desktop\\RadarLeb-main\\RadarLeb-main\\vendor\\laravel\\framework\\src\\Illuminate\\Container\\BoundMethod.php(35): Illuminate\\Container\\BoundMethod::callBoundMethod()
#11 C:\\Users\\rayan\\Desktop\\RadarLeb-main\\RadarLeb-main\\vendor\\laravel\\framework\\src\\Illuminate\\Container\\Container.php(754): Illuminate\\Container\\BoundMethod::call()
#12 C:\\Users\\rayan\\Desktop\\RadarLeb-main\\RadarLeb-main\\vendor\\laravel\\framework\\src\\Illuminate\\Console\\Command.php(211): Illuminate\\Container\\Container->call()
#13 C:\\Users\\rayan\\Desktop\\RadarLeb-main\\RadarLeb-main\\vendor\\symfony\\console\\Command\\Command.php(279): Illuminate\\Console\\Command->execute()
#14 C:\\Users\\rayan\\Desktop\\RadarLeb-main\\RadarLeb-main\\vendor\\laravel\\framework\\src\\Illuminate\\Console\\Command.php(180): Symfony\\Component\\Console\\Command\\Command->run()
#15 C:\\Users\\rayan\\Desktop\\RadarLeb-main\\RadarLeb-main\\vendor\\laravel\\framework\\src\\Illuminate\\Console\\Concerns\\CallsCommands.php(68): Illuminate\\Console\\Command->run()
#16 C:\\Users\\rayan\\Desktop\\RadarLeb-main\\RadarLeb-main\\vendor\\laravel\\framework\\src\\Illuminate\\Console\\Concerns\\CallsCommands.php(41): Illuminate\\Console\\Command->runCommand()
#17 C:\\Users\\rayan\\Desktop\\RadarLeb-main\\RadarLeb-main\\vendor\\laravel\\framework\\src\\Illuminate\\Console\\Concerns\\CallsCommands.php(53): Illuminate\\Console\\Command->callSilent()
#18 C:\\Users\\rayan\\Desktop\\RadarLeb-main\\RadarLeb-main\\vendor\\laravel\\framework\\src\\Illuminate\\Foundation\\Console\\OptimizeClearCommand.php(48): Illuminate\\Console\\Command->callSilently()
#19 C:\\Users\\rayan\\Desktop\\RadarLeb-main\\RadarLeb-main\\vendor\\laravel\\framework\\src\\Illuminate\\Console\\View\\Components\\Task.php(41): Illuminate\\Foundation\\Console\\OptimizeClearCommand->{closure:Illuminate\\Foundation\\Console\\OptimizeClearCommand::handle():48}()
#20 C:\\Users\\rayan\\Desktop\\RadarLeb-main\\RadarLeb-main\\vendor\\laravel\\framework\\src\\Illuminate\\Console\\View\\Components\\Factory.php(59): Illuminate\\Console\\View\\Components\\Task->render()
#21 C:\\Users\\rayan\\Desktop\\RadarLeb-main\\RadarLeb-main\\vendor\\laravel\\framework\\src\\Illuminate\\Foundation\\Console\\OptimizeClearCommand.php(48): Illuminate\\Console\\View\\Components\\Factory->__call()
#22 C:\\Users\\rayan\\Desktop\\RadarLeb-main\\RadarLeb-main\\vendor\\laravel\\framework\\src\\Illuminate\\Container\\BoundMethod.php(36): Illuminate\\Foundation\\Console\\OptimizeClearCommand->handle()
#23 C:\\Users\\rayan\\Desktop\\RadarLeb-main\\RadarLeb-main\\vendor\\laravel\\framework\\src\\Illuminate\\Container\\Util.php(43): Illuminate\\Container\\BoundMethod::{closure:Illuminate\\Container\\BoundMethod::call():35}()
#24 C:\\Users\\rayan\\Desktop\\RadarLeb-main\\RadarLeb-main\\vendor\\laravel\\framework\\src\\Illuminate\\Container\\BoundMethod.php(96): Illuminate\\Container\\Util::unwrapIfClosure()
#25 C:\\Users\\rayan\\Desktop\\RadarLeb-main\\RadarLeb-main\\vendor\\laravel\\framework\\src\\Illuminate\\Container\\BoundMethod.php(35): Illuminate\\Container\\BoundMethod::callBoundMethod()
#26 C:\\Users\\rayan\\Desktop\\RadarLeb-main\\RadarLeb-main\\vendor\\laravel\\framework\\src\\Illuminate\\Container\\Container.php(754): Illuminate\\Container\\BoundMethod::call()
#27 C:\\Users\\rayan\\Desktop\\RadarLeb-main\\RadarLeb-main\\vendor\\laravel\\framework\\src\\Illuminate\\Console\\Command.php(211): Illuminate\\Container\\Container->call()
#28 C:\\Users\\rayan\\Desktop\\RadarLeb-main\\RadarLeb-main\\vendor\\symfony\\console\\Command\\Command.php(279): Illuminate\\Console\\Command->execute()
#29 C:\\Users\\rayan\\Desktop\\RadarLeb-main\\RadarLeb-main\\vendor\\laravel\\framework\\src\\Illuminate\\Console\\Command.php(180): Symfony\\Component\\Console\\Command\\Command->run()
#30 C:\\Users\\rayan\\Desktop\\RadarLeb-main\\RadarLeb-main\\vendor\\symfony\\console\\Application.php(1094): Illuminate\\Console\\Command->run()
#31 C:\\Users\\rayan\\Desktop\\RadarLeb-main\\RadarLeb-main\\vendor\\symfony\\console\\Application.php(342): Symfony\\Component\\Console\\Application->doRunCommand()
#32 C:\\Users\\rayan\\Desktop\\RadarLeb-main\\RadarLeb-main\\vendor\\symfony\\console\\Application.php(193): Symfony\\Component\\Console\\Application->doRun()
#33 C:\\Users\\rayan\\Desktop\\RadarLeb-main\\RadarLeb-main\\vendor\\laravel\\framework\\src\\Illuminate\\Foundation\\Console\\Kernel.php(197): Symfony\\Component\\Console\\Application->run()
#34 C:\\Users\\rayan\\Desktop\\RadarLeb-main\\RadarLeb-main\\vendor\\laravel\\framework\\src\\Illuminate\\Foundation\\Application.php(1234): Illuminate\\Foundation\\Console\\Kernel->handle()
#35 C:\\Users\\rayan\\Desktop\\RadarLeb-main\\RadarLeb-main\\artisan(16): Illuminate\\Foundation\\Application->handleCommand()
#36 {main}

[previous exception] [object] (PDOException(code: 7): SQLSTATE[08006] [7] connection to server at \"radarleb-db.col8o06a4whf.us-east-1.rds.amazonaws.com\" (35.172.125.160), port 5432 failed: FATAL:  database \"radarleb-db\" does not exist at C:\\Users\\rayan\\Desktop\\RadarLeb-main\\RadarLeb-main\\vendor\\laravel\\framework\\src\\Illuminate\\Database\\Connectors\\Connector.php:67)
[stacktrace]
#0 C:\\Users\\rayan\\Desktop\\RadarLeb-main\\RadarLeb-main\\vendor\\laravel\\framework\\src\\Illuminate\\Database\\Connectors\\Connector.php(67): PDO::connect()
#1 C:\\Users\\rayan\\Desktop\\RadarLeb-main\\RadarLeb-main\\vendor\\laravel\\framework\\src\\Illuminate\\Database\\Connectors\\Connector.php(44): Illuminate\\Database\\Connectors\\Connector->createPdoConnection()
#2 C:\\Users\\rayan\\Desktop\\RadarLeb-main\\RadarLeb-main\\vendor\\laravel\\framework\\src\\Illuminate\\Database\\Connectors\\PostgresConnector.php(35): Illuminate\\Database\\Connectors\\Connector->createConnection()
#3 C:\\Users\\rayan\\Desktop\\RadarLeb-main\\RadarLeb-main\\vendor\\laravel\\framework\\src\\Illuminate\\Database\\Connectors\\ConnectionFactory.php(184): Illuminate\\Database\\Connectors\\PostgresConnector->connect()
#4 [internal function]: Illuminate\\Database\\Connectors\\ConnectionFactory->{closure:Illuminate\\Database\\Connectors\\ConnectionFactory::createPdoResolverWithHosts():179}()
#5 C:\\Users\\rayan\\Desktop\\RadarLeb-main\\RadarLeb-main\\vendor\\laravel\\framework\\src\\Illuminate\\Database\\Connection.php(1228): call_user_func()
#6 C:\\Users\\rayan\\Desktop\\RadarLeb-main\\RadarLeb-main\\vendor\\laravel\\framework\\src\\Illuminate\\Database\\Connection.php(589): Illuminate\\Database\\Connection->getPdo()
#7 C:\\Users\\rayan\\Desktop\\RadarLeb-main\\RadarLeb-main\\vendor\\laravel\\framework\\src\\Illuminate\\Database\\Connection.php(809): Illuminate\\Database\\Connection->{closure:Illuminate\\Database\\Connection::affectingStatement():581}()
#8 C:\\Users\\rayan\\Desktop\\RadarLeb-main\\RadarLeb-main\\vendor\\laravel\\framework\\src\\Illuminate\\Database\\Connection.php(776): Illuminate\\Database\\Connection->runQueryCallback()
#9 C:\\Users\\rayan\\Desktop\\RadarLeb-main\\RadarLeb-main\\vendor\\laravel\\framework\\src\\Illuminate\\Database\\Connection.php(581): Illuminate\\Database\\Connection->run()
#10 C:\\Users\\rayan\\Desktop\\RadarLeb-main\\RadarLeb-main\\vendor\\laravel\\framework\\src\\Illuminate\\Database\\Connection.php(545): Illuminate\\Database\\Connection->affectingStatement()
#11 C:\\Users\\rayan\\Desktop\\RadarLeb-main\\RadarLeb-main\\vendor\\laravel\\framework\\src\\Illuminate\\Database\\Query\\Builder.php(4037): Illuminate\\Database\\Connection->delete()
#12 C:\\Users\\rayan\\Desktop\\RadarLeb-main\\RadarLeb-main\\vendor\\laravel\\framework\\src\\Illuminate\\Cache\\DatabaseStore.php(421): Illuminate\\Database\\Query\\Builder->delete()
#13 C:\\Users\\rayan\\Desktop\\RadarLeb-main\\RadarLeb-main\\vendor\\laravel\\framework\\src\\Illuminate\\Cache\\Repository.php(806): Illuminate\\Cache\\DatabaseStore->flush()
#14 C:\\Users\\rayan\\Desktop\\RadarLeb-main\\RadarLeb-main\\vendor\\laravel\\framework\\src\\Illuminate\\Cache\\Console\\ClearCommand.php(68): Illuminate\\Cache\\Repository->__call()
#15 C:\\Users\\rayan\\Desktop\\RadarLeb-main\\RadarLeb-main\\vendor\\laravel\\framework\\src\\Illuminate\\Container\\BoundMethod.php(36): Illuminate\\Cache\\Console\\ClearCommand->handle()
#16 C:\\Users\\rayan\\Desktop\\RadarLeb-main\\RadarLeb-main\\vendor\\laravel\\framework\\src\\Illuminate\\Container\\Util.php(43): Illuminate\\Container\\BoundMethod::{closure:Illuminate\\Container\\BoundMethod::call():35}()
#17 C:\\Users\\rayan\\Desktop\\RadarLeb-main\\RadarLeb-main\\vendor\\laravel\\framework\\src\\Illuminate\\Container\\BoundMethod.php(96): Illuminate\\Container\\Util::unwrapIfClosure()
#18 C:\\Users\\rayan\\Desktop\\RadarLeb-main\\RadarLeb-main\\vendor\\laravel\\framework\\src\\Illuminate\\Container\\BoundMethod.php(35): Illuminate\\Container\\BoundMethod::callBoundMethod()
#19 C:\\Users\\rayan\\Desktop\\RadarLeb-main\\RadarLeb-main\\vendor\\laravel\\framework\\src\\Illuminate\\Container\\Container.php(754): Illuminate\\Container\\BoundMethod::call()
#20 C:\\Users\\rayan\\Desktop\\RadarLeb-main\\RadarLeb-main\\vendor\\laravel\\framework\\src\\Illuminate\\Console\\Command.php(211): Illuminate\\Container\\Container->call()
#21 C:\\Users\\rayan\\Desktop\\RadarLeb-main\\RadarLeb-main\\vendor\\symfony\\console\\Command\\Command.php(279): Illuminate\\Console\\Command->execute()
#22 C:\\Users\\rayan\\Desktop\\RadarLeb-main\\RadarLeb-main\\vendor\\laravel\\framework\\src\\Illuminate\\Console\\Command.php(180): Symfony\\Component\\Console\\Command\\Command->run()
#23 C:\\Users\\rayan\\Desktop\\RadarLeb-main\\RadarLeb-main\\vendor\\laravel\\framework\\src\\Illuminate\\Console\\Concerns\\CallsCommands.php(68): Illuminate\\Console\\Command->run()
#24 C:\\Users\\rayan\\Desktop\\RadarLeb-main\\RadarLeb-main\\vendor\\laravel\\framework\\src\\Illuminate\\Console\\Concerns\\CallsCommands.php(41): Illuminate\\Console\\Command->runCommand()
#25 C:\\Users\\rayan\\Desktop\\RadarLeb-main\\RadarLeb-main\\vendor\\laravel\\framework\\src\\Illuminate\\Console\\Concerns\\CallsCommands.php(53): Illuminate\\Console\\Command->callSilent()
#26 C:\\Users\\rayan\\Desktop\\RadarLeb-main\\RadarLeb-main\\vendor\\laravel\\framework\\src\\Illuminate\\Foundation\\Console\\OptimizeClearCommand.php(48): Illuminate\\Console\\Command->callSilently()
#27 C:\\Users\\rayan\\Desktop\\RadarLeb-main\\RadarLeb-main\\vendor\\laravel\\framework\\src\\Illuminate\\Console\\View\\Components\\Task.php(41): Illuminate\\Foundation\\Console\\OptimizeClearCommand->{closure:Illuminate\\Foundation\\Console\\OptimizeClearCommand::handle():48}()
#28 C:\\Users\\rayan\\Desktop\\RadarLeb-main\\RadarLeb-main\\vendor\\laravel\\framework\\src\\Illuminate\\Console\\View\\Components\\Factory.php(59): Illuminate\\Console\\View\\Components\\Task->render()
#29 C:\\Users\\rayan\\Desktop\\RadarLeb-main\\RadarLeb-main\\vendor\\laravel\\framework\\src\\Illuminate\\Foundation\\Console\\OptimizeClearCommand.php(48): Illuminate\\Console\\View\\Components\\Factory->__call()
#30 C:\\Users\\rayan\\Desktop\\RadarLeb-main\\RadarLeb-main\\vendor\\laravel\\framework\\src\\Illuminate\\Container\\BoundMethod.php(36): Illuminate\\Foundation\\Console\\OptimizeClearCommand->handle()
#31 C:\\Users\\rayan\\Desktop\\RadarLeb-main\\RadarLeb-main\\vendor\\laravel\\framework\\src\\Illuminate\\Container\\Util.php(43): Illuminate\\Container\\BoundMethod::{closure:Illuminate\\Container\\BoundMethod::call():35}()
#32 C:\\Users\\rayan\\Desktop\\RadarLeb-main\\RadarLeb-main\\vendor\\laravel\\framework\\src\\Illuminate\\Container\\BoundMethod.php(96): Illuminate\\Container\\Util::unwrapIfClosure()
#33 C:\\Users\\rayan\\Desktop\\RadarLeb-main\\RadarLeb-main\\vendor\\laravel\\framework\\src\\Illuminate\\Container\\BoundMethod.php(35): Illuminate\\Container\\BoundMethod::callBoundMethod()
#34 C:\\Users\\rayan\\Desktop\\RadarLeb-main\\RadarLeb-main\\vendor\\laravel\\framework\\src\\Illuminate\\Container\\Container.php(754): Illuminate\\Container\\BoundMethod::call()
#35 C:\\Users\\rayan\\Desktop\\RadarLeb-main\\RadarLeb-main\\vendor\\laravel\\framework\\src\\Illuminate\\Console\\Command.php(211): Illuminate\\Container\\Container->call()
#36 C:\\Users\\rayan\\Desktop\\RadarLeb-main\\RadarLeb-main\\vendor\\symfony\\console\\Command\\Command.php(279): Illuminate\\Console\\Command->execute()
#37 C:\\Users\\rayan\\Desktop\\RadarLeb-main\\RadarLeb-main\\vendor\\laravel\\framework\\src\\Illuminate\\Console\\Command.php(180): Symfony\\Component\\Console\\Command\\Command->run()
#38 C:\\Users\\rayan\\Desktop\\RadarLeb-main\\RadarLeb-main\\vendor\\symfony\\console\\Application.php(1094): Illuminate\\Console\\Command->run()
#39 C:\\Users\\rayan\\Desktop\\RadarLeb-main\\RadarLeb-main\\vendor\\symfony\\console\\Application.php(342): Symfony\\Component\\Console\\Application->doRunCommand()
#40 C:\\Users\\rayan\\Desktop\\RadarLeb-main\\RadarLeb-main\\vendor\\symfony\\console\\Application.php(193): Symfony\\Component\\Console\\Application->doRun()
#41 C:\\Users\\rayan\\Desktop\\RadarLeb-main\\RadarLeb-main\\vendor\\laravel\\framework\\src\\Illuminate\\Foundation\\Console\\Kernel.php(197): Symfony\\Component\\Console\\Application->run()
#42 C:\\Users\\rayan\\Desktop\\RadarLeb-main\\RadarLeb-main\\vendor\\laravel\\framework\\src\\Illuminate\\Foundation\\Application.php(1234): Illuminate\\Foundation\\Console\\Kernel->handle()
#43 C:\\Users\\rayan\\Desktop\\RadarLeb-main\\RadarLeb-main\\artisan(16): Illuminate\\Foundation\\Application->handleCommand()
#44 {main}
"} 
[2026-02-05 17:02:00] local.ERROR: SQLSTATE[08006] [7] connection to server at "radarleb-db.col8o06a4whf.us-east-1.rds.amazonaws.com" (35.172.125.160), port 5432 failed: timeout expired (Connection: pgsql, SQL: delete from "cache") {"exception":"[object] (Illuminate\\Database\\QueryException(code: 7): SQLSTATE[08006] [7] connection to server at \"radarleb-db.col8o06a4whf.us-east-1.rds.amazonaws.com\" (35.172.125.160), port 5432 failed: timeout expired (Connection: pgsql, SQL: delete from \"cache\") at C:\\Users\\rayan\\Desktop\\RadarLeb-main\\RadarLeb-main\\vendor\\laravel\\framework\\src\\Illuminate\\Database\\Connection.php:822)
[stacktrace]
#0 C:\\Users\\rayan\\Desktop\\RadarLeb-main\\RadarLeb-main\\vendor\\laravel\\framework\\src\\Illuminate\\Database\\Connection.php(776): Illuminate\\Database\\Connection->runQueryCallback()
#1 C:\\Users\\rayan\\Desktop\\RadarLeb-main\\RadarLeb-main\\vendor\\laravel\\framework\\src\\Illuminate\\Database\\Connection.php(581): Illuminate\\Database\\Connection->run()
#2 C:\\Users\\rayan\\Desktop\\RadarLeb-main\\RadarLeb-main\\vendor\\laravel\\framework\\src\\Illuminate\\Database\\Connection.php(545): Illuminate\\Database\\Connection->affectingStatement()
#3 C:\\Users\\rayan\\Desktop\\RadarLeb-main\\RadarLeb-main\\vendor\\laravel\\framework\\src\\Illuminate\\Database\\Query\\Builder.php(4037): Illuminate\\Database\\Connection->delete()
#4 C:\\Users\\rayan\\Desktop\\RadarLeb-main\\RadarLeb-main\\vendor\\laravel\\framework\\src\\Illuminate\\Cache\\DatabaseStore.php(421): Illuminate\\Database\\Query\\Builder->delete()
#5 C:\\Users\\rayan\\Desktop\\RadarLeb-main\\RadarLeb-main\\vendor\\laravel\\framework\\src\\Illuminate\\Cache\\Repository.php(806): Illuminate\\Cache\\DatabaseStore->flush()
#6 C:\\Users\\rayan\\Desktop\\RadarLeb-main\\RadarLeb-main\\vendor\\laravel\\framework\\src\\Illuminate\\Cache\\Console\\ClearCommand.php(68): Illuminate\\Cache\\Repository->__call()
#7 C:\\Users\\rayan\\Desktop\\RadarLeb-main\\RadarLeb-main\\vendor\\laravel\\framework\\src\\Illuminate\\Container\\BoundMethod.php(36): Illuminate\\Cache\\Console\\ClearCommand->handle()
#8 C:\\Users\\rayan\\Desktop\\RadarLeb-main\\RadarLeb-main\\vendor\\laravel\\framework\\src\\Illuminate\\Container\\Util.php(43): Illuminate\\Container\\BoundMethod::{closure:Illuminate\\Container\\BoundMethod::call():35}()
#9 C:\\Users\\rayan\\Desktop\\RadarLeb-main\\RadarLeb-main\\vendor\\laravel\\framework\\src\\Illuminate\\Container\\BoundMethod.php(96): Illuminate\\Container\\Util::unwrapIfClosure()
#10 C:\\Users\\rayan\\Desktop\\RadarLeb-main\\RadarLeb-main\\vendor\\laravel\\framework\\src\\Illuminate\\Container\\BoundMethod.php(35): Illuminate\\Container\\BoundMethod::callBoundMethod()
#11 C:\\Users\\rayan\\Desktop\\RadarLeb-main\\RadarLeb-main\\vendor\\laravel\\framework\\src\\Illuminate\\Container\\Container.php(754): Illuminate\\Container\\BoundMethod::call()
#12 C:\\Users\\rayan\\Desktop\\RadarLeb-main\\RadarLeb-main\\vendor\\laravel\\framework\\src\\Illuminate\\Console\\Command.php(211): Illuminate\\Container\\Container->call()
#13 C:\\Users\\rayan\\Desktop\\RadarLeb-main\\RadarLeb-main\\vendor\\symfony\\console\\Command\\Command.php(279): Illuminate\\Console\\Command->execute()
#14 C:\\Users\\rayan\\Desktop\\RadarLeb-main\\RadarLeb-main\\vendor\\laravel\\framework\\src\\Illuminate\\Console\\Command.php(180): Symfony\\Component\\Console\\Command\\Command->run()
#15 C:\\Users\\rayan\\Desktop\\RadarLeb-main\\RadarLeb-main\\vendor\\laravel\\framework\\src\\Illuminate\\Console\\Concerns\\CallsCommands.php(68): Illuminate\\Console\\Command->run()
#16 C:\\Users\\rayan\\Desktop\\RadarLeb-main\\RadarLeb-main\\vendor\\laravel\\framework\\src\\Illuminate\\Console\\Concerns\\CallsCommands.php(41): Illuminate\\Console\\Command->runCommand()
#17 C:\\Users\\rayan\\Desktop\\RadarLeb-main\\RadarLeb-main\\vendor\\laravel\\framework\\src\\Illuminate\\Console\\Concerns\\CallsCommands.php(53): Illuminate\\Console\\Command->callSilent()
#18 C:\\Users\\rayan\\Desktop\\RadarLeb-main\\RadarLeb-main\\vendor\\laravel\\framework\\src\\Illuminate\\Foundation\\Console\\OptimizeClearCommand.php(48): Illuminate\\Console\\Command->callSilently()
#19 C:\\Users\\rayan\\Desktop\\RadarLeb-main\\RadarLeb-main\\vendor\\laravel\\framework\\src\\Illuminate\\Console\\View\\Components\\Task.php(41): Illuminate\\Foundation\\Console\\OptimizeClearCommand->{closure:Illuminate\\Foundation\\Console\\OptimizeClearCommand::handle():48}()
#20 C:\\Users\\rayan\\Desktop\\RadarLeb-main\\RadarLeb-main\\vendor\\laravel\\framework\\src\\Illuminate\\Console\\View\\Components\\Factory.php(59): Illuminate\\Console\\View\\Components\\Task->render()
#21 C:\\Users\\rayan\\Desktop\\RadarLeb-main\\RadarLeb-main\\vendor\\laravel\\framework\\src\\Illuminate\\Foundation\\Console\\OptimizeClearCommand.php(48): Illuminate\\Console\\View\\Components\\Factory->__call()
#22 C:\\Users\\rayan\\Desktop\\RadarLeb-main\\RadarLeb-main\\vendor\\laravel\\framework\\src\\Illuminate\\Container\\BoundMethod.php(36): Illuminate\\Foundation\\Console\\OptimizeClearCommand->handle()
#23 C:\\Users\\rayan\\Desktop\\RadarLeb-main\\RadarLeb-main\\vendor\\laravel\\framework\\src\\Illuminate\\Container\\Util.php(43): Illuminate\\Container\\BoundMethod::{closure:Illuminate\\Container\\BoundMethod::call():35}()
#24 C:\\Users\\rayan\\Desktop\\RadarLeb-main\\RadarLeb-main\\vendor\\laravel\\framework\\src\\Illuminate\\Container\\BoundMethod.php(96): Illuminate\\Container\\Util::unwrapIfClosure()
#25 C:\\Users\\rayan\\Desktop\\RadarLeb-main\\RadarLeb-main\\vendor\\laravel\\framework\\src\\Illuminate\\Container\\BoundMethod.php(35): Illuminate\\Container\\BoundMethod::callBoundMethod()
#26 C:\\Users\\rayan\\Desktop\\RadarLeb-main\\RadarLeb-main\\vendor\\laravel\\framework\\src\\Illuminate\\Container\\Container.php(754): Illuminate\\Container\\BoundMethod::call()
#27 C:\\Users\\rayan\\Desktop\\RadarLeb-main\\RadarLeb-main\\vendor\\laravel\\framework\\src\\Illuminate\\Console\\Command.php(211): Illuminate\\Container\\Container->call()
#28 C:\\Users\\rayan\\Desktop\\RadarLeb-main\\RadarLeb-main\\vendor\\symfony\\console\\Command\\Command.php(279): Illuminate\\Console\\Command->execute()
#29 C:\\Users\\rayan\\Desktop\\RadarLeb-main\\RadarLeb-main\\vendor\\laravel\\framework\\src\\Illuminate\\Console\\Command.php(180): Symfony\\Component\\Console\\Command\\Command->run()
#30 C:\\Users\\rayan\\Desktop\\RadarLeb-main\\RadarLeb-main\\vendor\\symfony\\console\\Application.php(1094): Illuminate\\Console\\Command->run()
#31 C:\\Users\\rayan\\Desktop\\RadarLeb-main\\RadarLeb-main\\vendor\\symfony\\console\\Application.php(342): Symfony\\Component\\Console\\Application->doRunCommand()
#32 C:\\Users\\rayan\\Desktop\\RadarLeb-main\\RadarLeb-main\\vendor\\symfony\\console\\Application.php(193): Symfony\\Component\\Console\\Application->doRun()
#33 C:\\Users\\rayan\\Desktop\\RadarLeb-main\\RadarLeb-main\\vendor\\laravel\\framework\\src\\Illuminate\\Foundation\\Console\\Kernel.php(197): Symfony\\Component\\Console\\Application->run()
#34 C:\\Users\\rayan\\Desktop\\RadarLeb-main\\RadarLeb-main\\vendor\\laravel\\framework\\src\\Illuminate\\Foundation\\Application.php(1234): Illuminate\\Foundation\\Console\\Kernel->handle()
#35 C:\\Users\\rayan\\Desktop\\RadarLeb-main\\RadarLeb-main\\artisan(16): Illuminate\\Foundation\\Application->handleCommand()
#36 {main}

[previous exception] [object] (PDOException(code: 7): SQLSTATE[08006] [7] connection to server at \"radarleb-db.col8o06a4whf.us-east-1.rds.amazonaws.com\" (35.172.125.160), port 5432 failed: timeout expired at C:\\Users\\rayan\\Desktop\\RadarLeb-main\\RadarLeb-main\\vendor\\laravel\\framework\\src\\Illuminate\\Database\\Connectors\\Connector.php:67)
[stacktrace]
#0 C:\\Users\\rayan\\Desktop\\RadarLeb-main\\RadarLeb-main\\vendor\\laravel\\framework\\src\\Illuminate\\Database\\Connectors\\Connector.php(67): PDO::connect()
#1 C:\\Users\\rayan\\Desktop\\RadarLeb-main\\RadarLeb-main\\vendor\\laravel\\framework\\src\\Illuminate\\Database\\Connectors\\Connector.php(44): Illuminate\\Database\\Connectors\\Connector->createPdoConnection()
#2 C:\\Users\\rayan\\Desktop\\RadarLeb-main\\RadarLeb-main\\vendor\\laravel\\framework\\src\\Illuminate\\Database\\Connectors\\PostgresConnector.php(35): Illuminate\\Database\\Connectors\\Connector->createConnection()
#3 C:\\Users\\rayan\\Desktop\\RadarLeb-main\\RadarLeb-main\\vendor\\laravel\\framework\\src\\Illuminate\\Database\\Connectors\\ConnectionFactory.php(184): Illuminate\\Database\\Connectors\\PostgresConnector->connect()
#4 [internal function]: Illuminate\\Database\\Connectors\\ConnectionFactory->{closure:Illuminate\\Database\\Connectors\\ConnectionFactory::createPdoResolverWithHosts():179}()
#5 C:\\Users\\rayan\\Desktop\\RadarLeb-main\\RadarLeb-main\\vendor\\laravel\\framework\\src\\Illuminate\\Database\\Connection.php(1228): call_user_func()
#6 C:\\Users\\rayan\\Desktop\\RadarLeb-main\\RadarLeb-main\\vendor\\laravel\\framework\\src\\Illuminate\\Database\\Connection.php(589): Illuminate\\Database\\Connection->getPdo()
#7 C:\\Users\\rayan\\Desktop\\RadarLeb-main\\RadarLeb-main\\vendor\\laravel\\framework\\src\\Illuminate\\Database\\Connection.php(809): Illuminate\\Database\\Connection->{closure:Illuminate\\Database\\Connection::affectingStatement():581}()
#8 C:\\Users\\rayan\\Desktop\\RadarLeb-main\\RadarLeb-main\\vendor\\laravel\\framework\\src\\Illuminate\\Database\\Connection.php(776): Illuminate\\Database\\Connection->runQueryCallback()
#9 C:\\Users\\rayan\\Desktop\\RadarLeb-main\\RadarLeb-main\\vendor\\laravel\\framework\\src\\Illuminate\\Database\\Connection.php(581): Illuminate\\Database\\Connection->run()
#10 C:\\Users\\rayan\\Desktop\\RadarLeb-main\\RadarLeb-main\\vendor\\laravel\\framework\\src\\Illuminate\\Database\\Connection.php(545): Illuminate\\Database\\Connection->affectingStatement()
#11 C:\\Users\\rayan\\Desktop\\RadarLeb-main\\RadarLeb-main\\vendor\\laravel\\framework\\src\\Illuminate\\Database\\Query\\Builder.php(4037): Illuminate\\Database\\Connection->delete()
#12 C:\\Users\\rayan\\Desktop\\RadarLeb-main\\RadarLeb-main\\vendor\\laravel\\framework\\src\\Illuminate\\Cache\\DatabaseStore.php(421): Illuminate\\Database\\Query\\Builder->delete()
#13 C:\\Users\\rayan\\Desktop\\RadarLeb-main\\RadarLeb-main\\vendor\\laravel\\framework\\src\\Illuminate\\Cache\\Repository.php(806): Illuminate\\Cache\\DatabaseStore->flush()
#14 C:\\Users\\rayan\\Desktop\\RadarLeb-main\\RadarLeb-main\\vendor\\laravel\\framework\\src\\Illuminate\\Cache\\Console\\ClearCommand.php(68): Illuminate\\Cache\\Repository->__call()
#15 C:\\Users\\rayan\\Desktop\\RadarLeb-main\\RadarLeb-main\\vendor\\laravel\\framework\\src\\Illuminate\\Container\\BoundMethod.php(36): Illuminate\\Cache\\Console\\ClearCommand->handle()
#16 C:\\Users\\rayan\\Desktop\\RadarLeb-main\\RadarLeb-main\\vendor\\laravel\\framework\\src\\Illuminate\\Container\\Util.php(43): Illuminate\\Container\\BoundMethod::{closure:Illuminate\\Container\\BoundMethod::call():35}()
#17 C:\\Users\\rayan\\Desktop\\RadarLeb-main\\RadarLeb-main\\vendor\\laravel\\framework\\src\\Illuminate\\Container\\BoundMethod.php(96): Illuminate\\Container\\Util::unwrapIfClosure()
#18 C:\\Users\\rayan\\Desktop\\RadarLeb-main\\RadarLeb-main\\vendor\\laravel\\framework\\src\\Illuminate\\Container\\BoundMethod.php(35): Illuminate\\Container\\BoundMethod::callBoundMethod()
#19 C:\\Users\\rayan\\Desktop\\RadarLeb-main\\RadarLeb-main\\vendor\\laravel\\framework\\src\\Illuminate\\Container\\Container.php(754): Illuminate\\Container\\BoundMethod::call()
#20 C:\\Users\\rayan\\Desktop\\RadarLeb-main\\RadarLeb-main\\vendor\\laravel\\framework\\src\\Illuminate\\Console\\Command.php(211): Illuminate\\Container\\Container->call()
#21 C:\\Users\\rayan\\Desktop\\RadarLeb-main\\RadarLeb-main\\vendor\\symfony\\console\\Command\\Command.php(279): Illuminate\\Console\\Command->execute()
#22 C:\\Users\\rayan\\Desktop\\RadarLeb-main\\RadarLeb-main\\vendor\\laravel\\framework\\src\\Illuminate\\Console\\Command.php(180): Symfony\\Component\\Console\\Command\\Command->run()
#23 C:\\Users\\rayan\\Desktop\\RadarLeb-main\\RadarLeb-main\\vendor\\laravel\\framework\\src\\Illuminate\\Console\\Concerns\\CallsCommands.php(68): Illuminate\\Console\\Command->run()
#24 C:\\Users\\rayan\\Desktop\\RadarLeb-main\\RadarLeb-main\\vendor\\laravel\\framework\\src\\Illuminate\\Console\\Concerns\\CallsCommands.php(41): Illuminate\\Console\\Command->runCommand()
#25 C:\\Users\\rayan\\Desktop\\RadarLeb-main\\RadarLeb-main\\vendor\\laravel\\framework\\src\\Illuminate\\Console\\Concerns\\CallsCommands.php(53): Illuminate\\Console\\Command->callSilent()
#26 C:\\Users\\rayan\\Desktop\\RadarLeb-main\\RadarLeb-main\\vendor\\laravel\\framework\\src\\Illuminate\\Foundation\\Console\\OptimizeClearCommand.php(48): Illuminate\\Console\\Command->callSilently()
#27 C:\\Users\\rayan\\Desktop\\RadarLeb-main\\RadarLeb-main\\vendor\\laravel\\framework\\src\\Illuminate\\Console\\View\\Components\\Task.php(41): Illuminate\\Foundation\\Console\\OptimizeClearCommand->{closure:Illuminate\\Foundation\\Console\\OptimizeClearCommand::handle():48}()
#28 C:\\Users\\rayan\\Desktop\\RadarLeb-main\\RadarLeb-main\\vendor\\laravel\\framework\\src\\Illuminate\\Console\\View\\Components\\Factory.php(59): Illuminate\\Console\\View\\Components\\Task->render()
#29 C:\\Users\\rayan\\Desktop\\RadarLeb-main\\RadarLeb-main\\vendor\\laravel\\framework\\src\\Illuminate\\Foundation\\Console\\OptimizeClearCommand.php(48): Illuminate\\Console\\View\\Components\\Factory->__call()
#30 C:\\Users\\rayan\\Desktop\\RadarLeb-main\\RadarLeb-main\\vendor\\laravel\\framework\\src\\Illuminate\\Container\\BoundMethod.php(36): Illuminate\\Foundation\\Console\\OptimizeClearCommand->handle()
#31 C:\\Users\\rayan\\Desktop\\RadarLeb-main\\RadarLeb-main\\vendor\\laravel\\framework\\src\\Illuminate\\Container\\Util.php(43): Illuminate\\Container\\BoundMethod::{closure:Illuminate\\Container\\BoundMethod::call():35}()
#32 C:\\Users\\rayan\\Desktop\\RadarLeb-main\\RadarLeb-main\\vendor\\laravel\\framework\\src\\Illuminate\\Container\\BoundMethod.php(96): Illuminate\\Container\\Util::unwrapIfClosure()
#33 C:\\Users\\rayan\\Desktop\\RadarLeb-main\\RadarLeb-main\\vendor\\laravel\\framework\\src\\Illuminate\\Container\\BoundMethod.php(35): Illuminate\\Container\\BoundMethod::callBoundMethod()
#34 C:\\Users\\rayan\\Desktop\\RadarLeb-main\\RadarLeb-main\\vendor\\laravel\\framework\\src\\Illuminate\\Container\\Container.php(754): Illuminate\\Container\\BoundMethod::call()
#35 C:\\Users\\rayan\\Desktop\\RadarLeb-main\\RadarLeb-main\\vendor\\laravel\\framework\\src\\Illuminate\\Console\\Command.php(211): Illuminate\\Container\\Container->call()
#36 C:\\Users\\rayan\\Desktop\\RadarLeb-main\\RadarLeb-main\\vendor\\symfony\\console\\Command\\Command.php(279): Illuminate\\Console\\Command->execute()
#37 C:\\Users\\rayan\\Desktop\\RadarLeb-main\\RadarLeb-main\\vendor\\laravel\\framework\\src\\Illuminate\\Console\\Command.php(180): Symfony\\Component\\Console\\Command\\Command->run()
#38 C:\\Users\\rayan\\Desktop\\RadarLeb-main\\RadarLeb-main\\vendor\\symfony\\console\\Application.php(1094): Illuminate\\Console\\Command->run()
#39 C:\\Users\\rayan\\Desktop\\RadarLeb-main\\RadarLeb-main\\vendor\\symfony\\console\\Application.php(342): Symfony\\Component\\Console\\Application->doRunCommand()
#40 C:\\Users\\rayan\\Desktop\\RadarLeb-main\\RadarLeb-main\\vendor\\symfony\\console\\Application.php(193): Symfony\\Component\\Console\\Application->doRun()
#41 C:\\Users\\rayan\\Desktop\\RadarLeb-main\\RadarLeb-main\\vendor\\laravel\\framework\\src\\Illuminate\\Foundation\\Console\\Kernel.php(197): Symfony\\Component\\Console\\Application->run()
#42 C:\\Users\\rayan\\Desktop\\RadarLeb-main\\RadarLeb-main\\vendor\\laravel\\framework\\src\\Illuminate\\Foundation\\Application.php(1234): Illuminate\\Foundation\\Console\\Kernel->handle()
#43 C:\\Users\\rayan\\Desktop\\RadarLeb-main\\RadarLeb-main\\artisan(16): Illuminate\\Foundation\\Application->handleCommand()
#44 {main}
"} 
[2026-02-05 18:02:37] local.ERROR: SQLSTATE[42P01]: Undefined table: 7 ERROR:  relation "cache" does not exist
LINE 1: delete from "cache"
                    ^ (Connection: pgsql, SQL: delete from "cache") {"exception":"[object] (Illuminate\\Database\\QueryException(code: 42P01): SQLSTATE[42P01]: Undefined table: 7 ERROR:  relation \"cache\" does not exist
LINE 1: delete from \"cache\"
                    ^ (Connection: pgsql, SQL: delete from \"cache\") at C:\\Users\\rayan\\Desktop\\RadarLeb-main\\RadarLeb-main\\vendor\\laravel\\framework\\src\\Illuminate\\Database\\Connection.php:822)
[stacktrace]
#0 C:\\Users\\rayan\\Desktop\\RadarLeb-main\\RadarLeb-main\\vendor\\laravel\\framework\\src\\Illuminate\\Database\\Connection.php(776): Illuminate\\Database\\Connection->runQueryCallback()
#1 C:\\Users\\rayan\\Desktop\\RadarLeb-main\\RadarLeb-main\\vendor\\laravel\\framework\\src\\Illuminate\\Database\\Connection.php(581): Illuminate\\Database\\Connection->run()
#2 C:\\Users\\rayan\\Desktop\\RadarLeb-main\\RadarLeb-main\\vendor\\laravel\\framework\\src\\Illuminate\\Database\\Connection.php(545): Illuminate\\Database\\Connection->affectingStatement()
#3 C:\\Users\\rayan\\Desktop\\RadarLeb-main\\RadarLeb-main\\vendor\\laravel\\framework\\src\\Illuminate\\Database\\Query\\Builder.php(4037): Illuminate\\Database\\Connection->delete()
#4 C:\\Users\\rayan\\Desktop\\RadarLeb-main\\RadarLeb-main\\vendor\\laravel\\framework\\src\\Illuminate\\Cache\\DatabaseStore.php(421): Illuminate\\Database\\Query\\Builder->delete()
#5 C:\\Users\\rayan\\Desktop\\RadarLeb-main\\RadarLeb-main\\vendor\\laravel\\framework\\src\\Illuminate\\Cache\\Repository.php(806): Illuminate\\Cache\\DatabaseStore->flush()
#6 C:\\Users\\rayan\\Desktop\\RadarLeb-main\\RadarLeb-main\\vendor\\laravel\\framework\\src\\Illuminate\\Cache\\Console\\ClearCommand.php(68): Illuminate\\Cache\\Repository->__call()
#7 C:\\Users\\rayan\\Desktop\\RadarLeb-main\\RadarLeb-main\\vendor\\laravel\\framework\\src\\Illuminate\\Container\\BoundMethod.php(36): Illuminate\\Cache\\Console\\ClearCommand->handle()
#8 C:\\Users\\rayan\\Desktop\\RadarLeb-main\\RadarLeb-main\\vendor\\laravel\\framework\\src\\Illuminate\\Container\\Util.php(43): Illuminate\\Container\\BoundMethod::{closure:Illuminate\\Container\\BoundMethod::call():35}()
#9 C:\\Users\\rayan\\Desktop\\RadarLeb-main\\RadarLeb-main\\vendor\\laravel\\framework\\src\\Illuminate\\Container\\BoundMethod.php(96): Illuminate\\Container\\Util::unwrapIfClosure()
#10 C:\\Users\\rayan\\Desktop\\RadarLeb-main\\RadarLeb-main\\vendor\\laravel\\framework\\src\\Illuminate\\Container\\BoundMethod.php(35): Illuminate\\Container\\BoundMethod::callBoundMethod()
#11 C:\\Users\\rayan\\Desktop\\RadarLeb-main\\RadarLeb-main\\vendor\\laravel\\framework\\src\\Illuminate\\Container\\Container.php(754): Illuminate\\Container\\BoundMethod::call()
#12 C:\\Users\\rayan\\Desktop\\RadarLeb-main\\RadarLeb-main\\vendor\\laravel\\framework\\src\\Illuminate\\Console\\Command.php(211): Illuminate\\Container\\Container->call()
#13 C:\\Users\\rayan\\Desktop\\RadarLeb-main\\RadarLeb-main\\vendor\\symfony\\console\\Command\\Command.php(279): Illuminate\\Console\\Command->execute()
#14 C:\\Users\\rayan\\Desktop\\RadarLeb-main\\RadarLeb-main\\vendor\\laravel\\framework\\src\\Illuminate\\Console\\Command.php(180): Symfony\\Component\\Console\\Command\\Command->run()
#15 C:\\Users\\rayan\\Desktop\\RadarLeb-main\\RadarLeb-main\\vendor\\laravel\\framework\\src\\Illuminate\\Console\\Concerns\\CallsCommands.php(68): Illuminate\\Console\\Command->run()
#16 C:\\Users\\rayan\\Desktop\\RadarLeb-main\\RadarLeb-main\\vendor\\laravel\\framework\\src\\Illuminate\\Console\\Concerns\\CallsCommands.php(41): Illuminate\\Console\\Command->runCommand()
#17 C:\\Users\\rayan\\Desktop\\RadarLeb-main\\RadarLeb-main\\vendor\\laravel\\framework\\src\\Illuminate\\Console\\Concerns\\CallsCommands.php(53): Illuminate\\Console\\Command->callSilent()
#18 C:\\Users\\rayan\\Desktop\\RadarLeb-main\\RadarLeb-main\\vendor\\laravel\\framework\\src\\Illuminate\\Foundation\\Console\\OptimizeClearCommand.php(48): Illuminate\\Console\\Command->callSilently()
#19 C:\\Users\\rayan\\Desktop\\RadarLeb-main\\RadarLeb-main\\vendor\\laravel\\framework\\src\\Illuminate\\Console\\View\\Components\\Task.php(41): Illuminate\\Foundation\\Console\\OptimizeClearCommand->{closure:Illuminate\\Foundation\\Console\\OptimizeClearCommand::handle():48}()
#20 C:\\Users\\rayan\\Desktop\\RadarLeb-main\\RadarLeb-main\\vendor\\laravel\\framework\\src\\Illuminate\\Console\\View\\Components\\Factory.php(59): Illuminate\\Console\\View\\Components\\Task->render()
#21 C:\\Users\\rayan\\Desktop\\RadarLeb-main\\RadarLeb-main\\vendor\\laravel\\framework\\src\\Illuminate\\Foundation\\Console\\OptimizeClearCommand.php(48): Illuminate\\Console\\View\\Components\\Factory->__call()
#22 C:\\Users\\rayan\\Desktop\\RadarLeb-main\\RadarLeb-main\\vendor\\laravel\\framework\\src\\Illuminate\\Container\\BoundMethod.php(36): Illuminate\\Foundation\\Console\\OptimizeClearCommand->handle()
#23 C:\\Users\\rayan\\Desktop\\RadarLeb-main\\RadarLeb-main\\vendor\\laravel\\framework\\src\\Illuminate\\Container\\Util.php(43): Illuminate\\Container\\BoundMethod::{closure:Illuminate\\Container\\BoundMethod::call():35}()
#24 C:\\Users\\rayan\\Desktop\\RadarLeb-main\\RadarLeb-main\\vendor\\laravel\\framework\\src\\Illuminate\\Container\\BoundMethod.php(96): Illuminate\\Container\\Util::unwrapIfClosure()
#25 C:\\Users\\rayan\\Desktop\\RadarLeb-main\\RadarLeb-main\\vendor\\laravel\\framework\\src\\Illuminate\\Container\\BoundMethod.php(35): Illuminate\\Container\\BoundMethod::callBoundMethod()
#26 C:\\Users\\rayan\\Desktop\\RadarLeb-main\\RadarLeb-main\\vendor\\laravel\\framework\\src\\Illuminate\\Container\\Container.php(754): Illuminate\\Container\\BoundMethod::call()
#27 C:\\Users\\rayan\\Desktop\\RadarLeb-main\\RadarLeb-main\\vendor\\laravel\\framework\\src\\Illuminate\\Console\\Command.php(211): Illuminate\\Container\\Container->call()
#28 C:\\Users\\rayan\\Desktop\\RadarLeb-main\\RadarLeb-main\\vendor\\symfony\\console\\Command\\Command.php(279): Illuminate\\Console\\Command->execute()
#29 C:\\Users\\rayan\\Desktop\\RadarLeb-main\\RadarLeb-main\\vendor\\laravel\\framework\\src\\Illuminate\\Console\\Command.php(180): Symfony\\Component\\Console\\Command\\Command->run()
#30 C:\\Users\\rayan\\Desktop\\RadarLeb-main\\RadarLeb-main\\vendor\\symfony\\console\\Application.php(1094): Illuminate\\Console\\Command->run()
#31 C:\\Users\\rayan\\Desktop\\RadarLeb-main\\RadarLeb-main\\vendor\\symfony\\console\\Application.php(342): Symfony\\Component\\Console\\Application->doRunCommand()
#32 C:\\Users\\rayan\\Desktop\\RadarLeb-main\\RadarLeb-main\\vendor\\symfony\\console\\Application.php(193): Symfony\\Component\\Console\\Application->doRun()
#33 C:\\Users\\rayan\\Desktop\\RadarLeb-main\\RadarLeb-main\\vendor\\laravel\\framework\\src\\Illuminate\\Foundation\\Console\\Kernel.php(197): Symfony\\Component\\Console\\Application->run()
#34 C:\\Users\\rayan\\Desktop\\RadarLeb-main\\RadarLeb-main\\vendor\\laravel\\framework\\src\\Illuminate\\Foundation\\Application.php(1234): Illuminate\\Foundation\\Console\\Kernel->handle()
#35 C:\\Users\\rayan\\Desktop\\RadarLeb-main\\RadarLeb-main\\artisan(16): Illuminate\\Foundation\\Application->handleCommand()
#36 {main}

[previous exception] [object] (PDOException(code: 42P01): SQLSTATE[42P01]: Undefined table: 7 ERROR:  relation \"cache\" does not exist
LINE 1: delete from \"cache\"
                    ^ at C:\\Users\\rayan\\Desktop\\RadarLeb-main\\RadarLeb-main\\vendor\\laravel\\framework\\src\\Illuminate\\Database\\Connection.php:593)
[stacktrace]
#0 C:\\Users\\rayan\\Desktop\\RadarLeb-main\\RadarLeb-main\\vendor\\laravel\\framework\\src\\Illuminate\\Database\\Connection.php(593): PDOStatement->execute()
#1 C:\\Users\\rayan\\Desktop\\RadarLeb-main\\RadarLeb-main\\vendor\\laravel\\framework\\src\\Illuminate\\Database\\Connection.php(809): Illuminate\\Database\\Connection->{closure:Illuminate\\Database\\Connection::affectingStatement():581}()
#2 C:\\Users\\rayan\\Desktop\\RadarLeb-main\\RadarLeb-main\\vendor\\laravel\\framework\\src\\Illuminate\\Database\\Connection.php(776): Illuminate\\Database\\Connection->runQueryCallback()
#3 C:\\Users\\rayan\\Desktop\\RadarLeb-main\\RadarLeb-main\\vendor\\laravel\\framework\\src\\Illuminate\\Database\\Connection.php(581): Illuminate\\Database\\Connection->run()
#4 C:\\Users\\rayan\\Desktop\\RadarLeb-main\\RadarLeb-main\\vendor\\laravel\\framework\\src\\Illuminate\\Database\\Connection.php(545): Illuminate\\Database\\Connection->affectingStatement()
#5 C:\\Users\\rayan\\Desktop\\RadarLeb-main\\RadarLeb-main\\vendor\\laravel\\framework\\src\\Illuminate\\Database\\Query\\Builder.php(4037): Illuminate\\Database\\Connection->delete()
#6 C:\\Users\\rayan\\Desktop\\RadarLeb-main\\RadarLeb-main\\vendor\\laravel\\framework\\src\\Illuminate\\Cache\\DatabaseStore.php(421): Illuminate\\Database\\Query\\Builder->delete()
#7 C:\\Users\\rayan\\Desktop\\RadarLeb-main\\RadarLeb-main\\vendor\\laravel\\framework\\src\\Illuminate\\Cache\\Repository.php(806): Illuminate\\Cache\\DatabaseStore->flush()
#8 C:\\Users\\rayan\\Desktop\\RadarLeb-main\\RadarLeb-main\\vendor\\laravel\\framework\\src\\Illuminate\\Cache\\Console\\ClearCommand.php(68): Illuminate\\Cache\\Repository->__call()
#9 C:\\Users\\rayan\\Desktop\\RadarLeb-main\\RadarLeb-main\\vendor\\laravel\\framework\\src\\Illuminate\\Container\\BoundMethod.php(36): Illuminate\\Cache\\Console\\ClearCommand->handle()
#10 C:\\Users\\rayan\\Desktop\\RadarLeb-main\\RadarLeb-main\\vendor\\laravel\\framework\\src\\Illuminate\\Container\\Util.php(43): Illuminate\\Container\\BoundMethod::{closure:Illuminate\\Container\\BoundMethod::call():35}()
#11 C:\\Users\\rayan\\Desktop\\RadarLeb-main\\RadarLeb-main\\vendor\\laravel\\framework\\src\\Illuminate\\Container\\BoundMethod.php(96): Illuminate\\Container\\Util::unwrapIfClosure()
#12 C:\\Users\\rayan\\Desktop\\RadarLeb-main\\RadarLeb-main\\vendor\\laravel\\framework\\src\\Illuminate\\Container\\BoundMethod.php(35): Illuminate\\Container\\BoundMethod::callBoundMethod()
#13 C:\\Users\\rayan\\Desktop\\RadarLeb-main\\RadarLeb-main\\vendor\\laravel\\framework\\src\\Illuminate\\Container\\Container.php(754): Illuminate\\Container\\BoundMethod::call()
#14 C:\\Users\\rayan\\Desktop\\RadarLeb-main\\RadarLeb-main\\vendor\\laravel\\framework\\src\\Illuminate\\Console\\Command.php(211): Illuminate\\Container\\Container->call()
#15 C:\\Users\\rayan\\Desktop\\RadarLeb-main\\RadarLeb-main\\vendor\\symfony\\console\\Command\\Command.php(279): Illuminate\\Console\\Command->execute()
#16 C:\\Users\\rayan\\Desktop\\RadarLeb-main\\RadarLeb-main\\vendor\\laravel\\framework\\src\\Illuminate\\Console\\Command.php(180): Symfony\\Component\\Console\\Command\\Command->run()
#17 C:\\Users\\rayan\\Desktop\\RadarLeb-main\\RadarLeb-main\\vendor\\laravel\\framework\\src\\Illuminate\\Console\\Concerns\\CallsCommands.php(68): Illuminate\\Console\\Command->run()
#18 C:\\Users\\rayan\\Desktop\\RadarLeb-main\\RadarLeb-main\\vendor\\laravel\\framework\\src\\Illuminate\\Console\\Concerns\\CallsCommands.php(41): Illuminate\\Console\\Command->runCommand()
#19 C:\\Users\\rayan\\Desktop\\RadarLeb-main\\RadarLeb-main\\vendor\\laravel\\framework\\src\\Illuminate\\Console\\Concerns\\CallsCommands.php(53): Illuminate\\Console\\Command->callSilent()
#20 C:\\Users\\rayan\\Desktop\\RadarLeb-main\\RadarLeb-main\\vendor\\laravel\\framework\\src\\Illuminate\\Foundation\\Console\\OptimizeClearCommand.php(48): Illuminate\\Console\\Command->callSilently()
#21 C:\\Users\\rayan\\Desktop\\RadarLeb-main\\RadarLeb-main\\vendor\\laravel\\framework\\src\\Illuminate\\Console\\View\\Components\\Task.php(41): Illuminate\\Foundation\\Console\\OptimizeClearCommand->{closure:Illuminate\\Foundation\\Console\\OptimizeClearCommand::handle():48}()
#22 C:\\Users\\rayan\\Desktop\\RadarLeb-main\\RadarLeb-main\\vendor\\laravel\\framework\\src\\Illuminate\\Console\\View\\Components\\Factory.php(59): Illuminate\\Console\\View\\Components\\Task->render()
#23 C:\\Users\\rayan\\Desktop\\RadarLeb-main\\RadarLeb-main\\vendor\\laravel\\framework\\src\\Illuminate\\Foundation\\Console\\OptimizeClearCommand.php(48): Illuminate\\Console\\View\\Components\\Factory->__call()
#24 C:\\Users\\rayan\\Desktop\\RadarLeb-main\\RadarLeb-main\\vendor\\laravel\\framework\\src\\Illuminate\\Container\\BoundMethod.php(36): Illuminate\\Foundation\\Console\\OptimizeClearCommand->handle()
#25 C:\\Users\\rayan\\Desktop\\RadarLeb-main\\RadarLeb-main\\vendor\\laravel\\framework\\src\\Illuminate\\Container\\Util.php(43): Illuminate\\Container\\BoundMethod::{closure:Illuminate\\Container\\BoundMethod::call():35}()
#26 C:\\Users\\rayan\\Desktop\\RadarLeb-main\\RadarLeb-main\\vendor\\laravel\\framework\\src\\Illuminate\\Container\\BoundMethod.php(96): Illuminate\\Container\\Util::unwrapIfClosure()
#27 C:\\Users\\rayan\\Desktop\\RadarLeb-main\\RadarLeb-main\\vendor\\laravel\\framework\\src\\Illuminate\\Container\\BoundMethod.php(35): Illuminate\\Container\\BoundMethod::callBoundMethod()
#28 C:\\Users\\rayan\\Desktop\\RadarLeb-main\\RadarLeb-main\\vendor\\laravel\\framework\\src\\Illuminate\\Container\\Container.php(754): Illuminate\\Container\\BoundMethod::call()
#29 C:\\Users\\rayan\\Desktop\\RadarLeb-main\\RadarLeb-main\\vendor\\laravel\\framework\\src\\Illuminate\\Console\\Command.php(211): Illuminate\\Container\\Container->call()
#30 C:\\Users\\rayan\\Desktop\\RadarLeb-main\\RadarLeb-main\\vendor\\symfony\\console\\Command\\Command.php(279): Illuminate\\Console\\Command->execute()
#31 C:\\Users\\rayan\\Desktop\\RadarLeb-main\\RadarLeb-main\\vendor\\laravel\\framework\\src\\Illuminate\\Console\\Command.php(180): Symfony\\Component\\Console\\Command\\Command->run()
#32 C:\\Users\\rayan\\Desktop\\RadarLeb-main\\RadarLeb-main\\vendor\\symfony\\console\\Application.php(1094): Illuminate\\Console\\Command->run()
#33 C:\\Users\\rayan\\Desktop\\RadarLeb-main\\RadarLeb-main\\vendor\\symfony\\console\\Application.php(342): Symfony\\Component\\Console\\Application->doRunCommand()
#34 C:\\Users\\rayan\\Desktop\\RadarLeb-main\\RadarLeb-main\\vendor\\symfony\\console\\Application.php(193): Symfony\\Component\\Console\\Application->doRun()
#35 C:\\Users\\rayan\\Desktop\\RadarLeb-main\\RadarLeb-main\\vendor\\laravel\\framework\\src\\Illuminate\\Foundation\\Console\\Kernel.php(197): Symfony\\Component\\Console\\Application->run()
#36 C:\\Users\\rayan\\Desktop\\RadarLeb-main\\RadarLeb-main\\vendor\\laravel\\framework\\src\\Illuminate\\Foundation\\Application.php(1234): Illuminate\\Foundation\\Console\\Kernel->handle()
#37 C:\\Users\\rayan\\Desktop\\RadarLeb-main\\RadarLeb-main\\artisan(16): Illuminate\\Foundation\\Application->handleCommand()
#38 {main}
"} 
[2026-02-05 18:09:13] local.ERROR: SQLSTATE[HY000]: General error: 7 no connection to the server {"exception":"[object] (PDOException(code: HY000): SQLSTATE[HY000]: General error: 7 no connection to the server at C:\\Users\\rayan\\Desktop\\RadarLeb-main\\RadarLeb-main\\vendor\\laravel\\framework\\src\\Illuminate\\Database\\Concerns\\ManagesTransactions.php:297)
[stacktrace]
#0 C:\\Users\\rayan\\Desktop\\RadarLeb-main\\RadarLeb-main\\vendor\\laravel\\framework\\src\\Illuminate\\Database\\Concerns\\ManagesTransactions.php(297): PDO->rollBack()
#1 C:\\Users\\rayan\\Desktop\\RadarLeb-main\\RadarLeb-main\\vendor\\laravel\\framework\\src\\Illuminate\\Database\\Concerns\\ManagesTransactions.php(269): Illuminate\\Database\\Connection->performRollBack()
#2 C:\\Users\\rayan\\Desktop\\RadarLeb-main\\RadarLeb-main\\vendor\\laravel\\framework\\src\\Illuminate\\Database\\Concerns\\ManagesTransactions.php(104): Illuminate\\Database\\Connection->rollBack()
#3 C:\\Users\\rayan\\Desktop\\RadarLeb-main\\RadarLeb-main\\vendor\\laravel\\framework\\src\\Illuminate\\Database\\Concerns\\ManagesTransactions.php(39): Illuminate\\Database\\Connection->handleTransactionException()
#4 C:\\Users\\rayan\\Desktop\\RadarLeb-main\\RadarLeb-main\\vendor\\laravel\\framework\\src\\Illuminate\\Database\\Migrations\\Migrator.php(447): Illuminate\\Database\\Connection->transaction()
#5 C:\\Users\\rayan\\Desktop\\RadarLeb-main\\RadarLeb-main\\vendor\\laravel\\framework\\src\\Illuminate\\Database\\Migrations\\Migrator.php(250): Illuminate\\Database\\Migrations\\Migrator->runMigration()
#6 C:\\Users\\rayan\\Desktop\\RadarLeb-main\\RadarLeb-main\\vendor\\laravel\\framework\\src\\Illuminate\\Console\\View\\Components\\Task.php(41): Illuminate\\Database\\Migrations\\Migrator->{closure:Illuminate\\Database\\Migrations\\Migrator::runUp():250}()
#7 C:\\Users\\rayan\\Desktop\\RadarLeb-main\\RadarLeb-main\\vendor\\laravel\\framework\\src\\Illuminate\\Database\\Migrations\\Migrator.php(805): Illuminate\\Console\\View\\Components\\Task->render()
#8 C:\\Users\\rayan\\Desktop\\RadarLeb-main\\RadarLeb-main\\vendor\\laravel\\framework\\src\\Illuminate\\Database\\Migrations\\Migrator.php(250): Illuminate\\Database\\Migrations\\Migrator->write()
#9 C:\\Users\\rayan\\Desktop\\RadarLeb-main\\RadarLeb-main\\vendor\\laravel\\framework\\src\\Illuminate\\Database\\Migrations\\Migrator.php(210): Illuminate\\Database\\Migrations\\Migrator->runUp()
#10 C:\\Users\\rayan\\Desktop\\RadarLeb-main\\RadarLeb-main\\vendor\\laravel\\framework\\src\\Illuminate\\Database\\Migrations\\Migrator.php(137): Illuminate\\Database\\Migrations\\Migrator->runPending()
#11 C:\\Users\\rayan\\Desktop\\RadarLeb-main\\RadarLeb-main\\vendor\\laravel\\framework\\src\\Illuminate\\Database\\Console\\Migrations\\MigrateCommand.php(116): Illuminate\\Database\\Migrations\\Migrator->run()
#12 C:\\Users\\rayan\\Desktop\\RadarLeb-main\\RadarLeb-main\\vendor\\laravel\\framework\\src\\Illuminate\\Database\\Migrations\\Migrator.php(665): Illuminate\\Database\\Console\\Migrations\\MigrateCommand->{closure:Illuminate\\Database\\Console\\Migrations\\MigrateCommand::runMigrations():109}()
#13 C:\\Users\\rayan\\Desktop\\RadarLeb-main\\RadarLeb-main\\vendor\\laravel\\framework\\src\\Illuminate\\Database\\Console\\Migrations\\MigrateCommand.php(109): Illuminate\\Database\\Migrations\\Migrator->usingConnection()
#14 C:\\Users\\rayan\\Desktop\\RadarLeb-main\\RadarLeb-main\\vendor\\laravel\\framework\\src\\Illuminate\\Database\\Console\\Migrations\\MigrateCommand.php(88): Illuminate\\Database\\Console\\Migrations\\MigrateCommand->runMigrations()
#15 C:\\Users\\rayan\\Desktop\\RadarLeb-main\\RadarLeb-main\\vendor\\laravel\\framework\\src\\Illuminate\\Container\\BoundMethod.php(36): Illuminate\\Database\\Console\\Migrations\\MigrateCommand->handle()
#16 C:\\Users\\rayan\\Desktop\\RadarLeb-main\\RadarLeb-main\\vendor\\laravel\\framework\\src\\Illuminate\\Container\\Util.php(43): Illuminate\\Container\\BoundMethod::{closure:Illuminate\\Container\\BoundMethod::call():35}()
#17 C:\\Users\\rayan\\Desktop\\RadarLeb-main\\RadarLeb-main\\vendor\\laravel\\framework\\src\\Illuminate\\Container\\BoundMethod.php(96): Illuminate\\Container\\Util::unwrapIfClosure()
#18 C:\\Users\\rayan\\Desktop\\RadarLeb-main\\RadarLeb-main\\vendor\\laravel\\framework\\src\\Illuminate\\Container\\BoundMethod.php(35): Illuminate\\Container\\BoundMethod::callBoundMethod()
#19 C:\\Users\\rayan\\Desktop\\RadarLeb-main\\RadarLeb-main\\vendor\\laravel\\framework\\src\\Illuminate\\Container\\Container.php(754): Illuminate\\Container\\BoundMethod::call()
#20 C:\\Users\\rayan\\Desktop\\RadarLeb-main\\RadarLeb-main\\vendor\\laravel\\framework\\src\\Illuminate\\Console\\Command.php(211): Illuminate\\Container\\Container->call()
#21 C:\\Users\\rayan\\Desktop\\RadarLeb-main\\RadarLeb-main\\vendor\\symfony\\console\\Command\\Command.php(279): Illuminate\\Console\\Command->execute()
#22 C:\\Users\\rayan\\Desktop\\RadarLeb-main\\RadarLeb-main\\vendor\\laravel\\framework\\src\\Illuminate\\Console\\Command.php(180): Symfony\\Component\\Console\\Command\\Command->run()
#23 C:\\Users\\rayan\\Desktop\\RadarLeb-main\\RadarLeb-main\\vendor\\symfony\\console\\Application.php(1094): Illuminate\\Console\\Command->run()
#24 C:\\Users\\rayan\\Desktop\\RadarLeb-main\\RadarLeb-main\\vendor\\symfony\\console\\Application.php(342): Symfony\\Component\\Console\\Application->doRunCommand()
#25 C:\\Users\\rayan\\Desktop\\RadarLeb-main\\RadarLeb-main\\vendor\\symfony\\console\\Application.php(193): Symfony\\Component\\Console\\Application->doRun()
#26 C:\\Users\\rayan\\Desktop\\RadarLeb-main\\RadarLeb-main\\vendor\\laravel\\framework\\src\\Illuminate\\Foundation\\Console\\Kernel.php(197): Symfony\\Component\\Console\\Application->run()
#27 C:\\Users\\rayan\\Desktop\\RadarLeb-main\\RadarLeb-main\\vendor\\laravel\\framework\\src\\Illuminate\\Foundation\\Application.php(1234): Illuminate\\Foundation\\Console\\Kernel->handle()
#28 C:\\Users\\rayan\\Desktop\\RadarLeb-main\\RadarLeb-main\\artisan(16): Illuminate\\Foundation\\Application->handleCommand()
#29 {main}
"} 
[2026-02-05 18:45:45] local.ERROR: Call to undefined function Termwind\ValueObjects\mb_strimwidth() {"exception":"[object] (Error(code: 0): Call to undefined function Termwind\\ValueObjects\\mb_strimwidth() at C:\\Users\\rayan\\Desktop\\RadarLeb-main\\RadarLeb-main\\vendor\\nunomaduro\\termwind\\src\\ValueObjects\\Styles.php:1052)
[stacktrace]
#0 C:\\Users\\rayan\\Desktop\\RadarLeb-main\\RadarLeb-main\\vendor\\nunomaduro\\termwind\\src\\ValueObjects\\Styles.php(870): Termwind\\ValueObjects\\Styles::trimText()
#1 C:\\Users\\rayan\\Desktop\\RadarLeb-main\\RadarLeb-main\\vendor\\nunomaduro\\termwind\\src\\ValueObjects\\Styles.php(732): Termwind\\ValueObjects\\Styles->applyWidth()
#2 C:\\Users\\rayan\\Desktop\\RadarLeb-main\\RadarLeb-main\\vendor\\nunomaduro\\termwind\\src\\Components\\Element.php(77): Termwind\\ValueObjects\\Styles->format()
#3 C:\\Users\\rayan\\Desktop\\RadarLeb-main\\RadarLeb-main\\vendor\\nunomaduro\\termwind\\src\\Components\\Element.php(120): Termwind\\Components\\Element->toString()
#4 [internal function]: Termwind\\Components\\Element->__toString()
#5 C:\\Users\\rayan\\Desktop\\RadarLeb-main\\RadarLeb-main\\vendor\\nunomaduro\\termwind\\src\\Components\\Element.php(74): implode()
#6 C:\\Users\\rayan\\Desktop\\RadarLeb-main\\RadarLeb-main\\vendor\\nunomaduro\\termwind\\src\\Components\\Element.php(112): Termwind\\Components\\Element->toString()
#7 C:\\Users\\rayan\\Desktop\\RadarLeb-main\\RadarLeb-main\\vendor\\nunomaduro\\termwind\\src\\HtmlRenderer.php(24): Termwind\\Components\\Element->render()
#8 C:\\Users\\rayan\\Desktop\\RadarLeb-main\\RadarLeb-main\\vendor\\nunomaduro\\termwind\\src\\Functions.php(41): Termwind\\HtmlRenderer->render()
#9 C:\\Users\\rayan\\Desktop\\RadarLeb-main\\RadarLeb-main\\vendor\\laravel\\framework\\src\\Illuminate\\Console\\View\\Components\\Component.php(51): Termwind\\render()
#10 C:\\Users\\rayan\\Desktop\\RadarLeb-main\\RadarLeb-main\\vendor\\laravel\\framework\\src\\Illuminate\\Console\\View\\Components\\TwoColumnDetail.php(31): Illuminate\\Console\\View\\Components\\Component->renderView()
#11 C:\\Users\\rayan\\Desktop\\RadarLeb-main\\RadarLeb-main\\vendor\\laravel\\framework\\src\\Illuminate\\Console\\View\\Components\\Factory.php(59): Illuminate\\Console\\View\\Components\\TwoColumnDetail->render()
#12 C:\\Users\\rayan\\Desktop\\RadarLeb-main\\RadarLeb-main\\vendor\\laravel\\framework\\src\\Illuminate\\Database\\Console\\Migrations\\StatusCommand.php(73): Illuminate\\Console\\View\\Components\\Factory->__call()
#13 C:\\Users\\rayan\\Desktop\\RadarLeb-main\\RadarLeb-main\\vendor\\laravel\\framework\\src\\Illuminate\\Database\\Migrations\\Migrator.php(665): Illuminate\\Database\\Console\\Migrations\\StatusCommand->{closure:Illuminate\\Database\\Console\\Migrations\\StatusCommand::handle():54}()
#14 C:\\Users\\rayan\\Desktop\\RadarLeb-main\\RadarLeb-main\\vendor\\laravel\\framework\\src\\Illuminate\\Database\\Console\\Migrations\\StatusCommand.php(54): Illuminate\\Database\\Migrations\\Migrator->usingConnection()
#15 C:\\Users\\rayan\\Desktop\\RadarLeb-main\\RadarLeb-main\\vendor\\laravel\\framework\\src\\Illuminate\\Container\\BoundMethod.php(36): Illuminate\\Database\\Console\\Migrations\\StatusCommand->handle()
#16 C:\\Users\\rayan\\Desktop\\RadarLeb-main\\RadarLeb-main\\vendor\\laravel\\framework\\src\\Illuminate\\Container\\Util.php(43): Illuminate\\Container\\BoundMethod::{closure:Illuminate\\Container\\BoundMethod::call():35}()
#17 C:\\Users\\rayan\\Desktop\\RadarLeb-main\\RadarLeb-main\\vendor\\laravel\\framework\\src\\Illuminate\\Container\\BoundMethod.php(96): Illuminate\\Container\\Util::unwrapIfClosure()
#18 C:\\Users\\rayan\\Desktop\\RadarLeb-main\\RadarLeb-main\\vendor\\laravel\\framework\\src\\Illuminate\\Container\\BoundMethod.php(35): Illuminate\\Container\\BoundMethod::callBoundMethod()
#19 C:\\Users\\rayan\\Desktop\\RadarLeb-main\\RadarLeb-main\\vendor\\laravel\\framework\\src\\Illuminate\\Container\\Container.php(754): Illuminate\\Container\\BoundMethod::call()
#20 C:\\Users\\rayan\\Desktop\\RadarLeb-main\\RadarLeb-main\\vendor\\laravel\\framework\\src\\Illuminate\\Console\\Command.php(211): Illuminate\\Container\\Container->call()
#21 C:\\Users\\rayan\\Desktop\\RadarLeb-main\\RadarLeb-main\\vendor\\symfony\\console\\Command\\Command.php(279): Illuminate\\Console\\Command->execute()
#22 C:\\Users\\rayan\\Desktop\\RadarLeb-main\\RadarLeb-main\\vendor\\laravel\\framework\\src\\Illuminate\\Console\\Command.php(180): Symfony\\Component\\Console\\Command\\Command->run()
#23 C:\\Users\\rayan\\Desktop\\RadarLeb-main\\RadarLeb-main\\vendor\\symfony\\console\\Application.php(1094): Illuminate\\Console\\Command->run()
#24 C:\\Users\\rayan\\Desktop\\RadarLeb-main\\RadarLeb-main\\vendor\\symfony\\console\\Application.php(342): Symfony\\Component\\Console\\Application->doRunCommand()
#25 C:\\Users\\rayan\\Desktop\\RadarLeb-main\\RadarLeb-main\\vendor\\symfony\\console\\Application.php(193): Symfony\\Component\\Console\\Application->doRun()
#26 C:\\Users\\rayan\\Desktop\\RadarLeb-main\\RadarLeb-main\\vendor\\laravel\\framework\\src\\Illuminate\\Foundation\\Console\\Kernel.php(197): Symfony\\Component\\Console\\Application->run()
#27 C:\\Users\\rayan\\Desktop\\RadarLeb-main\\RadarLeb-main\\vendor\\laravel\\framework\\src\\Illuminate\\Foundation\\Application.php(1234): Illuminate\\Foundation\\Console\\Kernel->handle()
#28 C:\\Users\\rayan\\Desktop\\RadarLeb-main\\RadarLeb-main\\artisan(16): Illuminate\\Foundation\\Application->handleCommand()
#29 {main}
"} 
[2026-02-05 18:49:11] local.ERROR: SQLSTATE[42710]: Duplicate object: 7 ERROR:  constraint "1" for relation "scans" already exists (Connection: pgsql, SQL: alter table "scans" add constraint "1" foreign key ("game_id") references "games" ("id")) {"exception":"[object] (Illuminate\\Database\\QueryException(code: 42710): SQLSTATE[42710]: Duplicate object: 7 ERROR:  constraint \"1\" for relation \"scans\" already exists (Connection: pgsql, SQL: alter table \"scans\" add constraint \"1\" foreign key (\"game_id\") references \"games\" (\"id\")) at C:\\Users\\rayan\\Desktop\\RadarLeb-main\\RadarLeb-main\\vendor\\laravel\\framework\\src\\Illuminate\\Database\\Connection.php:822)
[stacktrace]
#0 C:\\Users\\rayan\\Desktop\\RadarLeb-main\\RadarLeb-main\\vendor\\laravel\\framework\\src\\Illuminate\\Database\\Connection.php(776): Illuminate\\Database\\Connection->runQueryCallback()
#1 C:\\Users\\rayan\\Desktop\\RadarLeb-main\\RadarLeb-main\\vendor\\laravel\\framework\\src\\Illuminate\\Database\\Connection.php(557): Illuminate\\Database\\Connection->run()
#2 C:\\Users\\rayan\\Desktop\\RadarLeb-main\\RadarLeb-main\\vendor\\laravel\\framework\\src\\Illuminate\\Database\\Schema\\Blueprint.php(119): Illuminate\\Database\\Connection->statement()
#3 C:\\Users\\rayan\\Desktop\\RadarLeb-main\\RadarLeb-main\\vendor\\laravel\\framework\\src\\Illuminate\\Database\\Schema\\Builder.php(618): Illuminate\\Database\\Schema\\Blueprint->build()
#4 C:\\Users\\rayan\\Desktop\\RadarLeb-main\\RadarLeb-main\\vendor\\laravel\\framework\\src\\Illuminate\\Database\\Schema\\Builder.php(472): Illuminate\\Database\\Schema\\Builder->build()
#5 C:\\Users\\rayan\\Desktop\\RadarLeb-main\\RadarLeb-main\\vendor\\laravel\\framework\\src\\Illuminate\\Support\\Facades\\Facade.php(361): Illuminate\\Database\\Schema\\Builder->create()
#6 C:\\Users\\rayan\\Desktop\\RadarLeb-main\\RadarLeb-main\\database\\migrations\\2025_04_22_132552_create_scans_table.php(14): Illuminate\\Support\\Facades\\Facade::__callStatic()
#7 C:\\Users\\rayan\\Desktop\\RadarLeb-main\\RadarLeb-main\\vendor\\laravel\\framework\\src\\Illuminate\\Database\\Migrations\\Migrator.php(514): Illuminate\\Database\\Migrations\\Migration@anonymous->up()
#8 C:\\Users\\rayan\\Desktop\\RadarLeb-main\\RadarLeb-main\\vendor\\laravel\\framework\\src\\Illuminate\\Database\\Migrations\\Migrator.php(439): Illuminate\\Database\\Migrations\\Migrator->runMethod()
#9 C:\\Users\\rayan\\Desktop\\RadarLeb-main\\RadarLeb-main\\vendor\\laravel\\framework\\src\\Illuminate\\Database\\Concerns\\ManagesTransactions.php(32): Illuminate\\Database\\Migrations\\Migrator->{closure:Illuminate\\Database\\Migrations\\Migrator::runMigration():435}()
#10 C:\\Users\\rayan\\Desktop\\RadarLeb-main\\RadarLeb-main\\vendor\\laravel\\framework\\src\\Illuminate\\Database\\Migrations\\Migrator.php(447): Illuminate\\Database\\Connection->transaction()
#11 C:\\Users\\rayan\\Desktop\\RadarLeb-main\\RadarLeb-main\\vendor\\laravel\\framework\\src\\Illuminate\\Database\\Migrations\\Migrator.php(250): Illuminate\\Database\\Migrations\\Migrator->runMigration()
#12 C:\\Users\\rayan\\Desktop\\RadarLeb-main\\RadarLeb-main\\vendor\\laravel\\framework\\src\\Illuminate\\Console\\View\\Components\\Task.php(41): Illuminate\\Database\\Migrations\\Migrator->{closure:Illuminate\\Database\\Migrations\\Migrator::runUp():250}()
#13 C:\\Users\\rayan\\Desktop\\RadarLeb-main\\RadarLeb-main\\vendor\\laravel\\framework\\src\\Illuminate\\Database\\Migrations\\Migrator.php(805): Illuminate\\Console\\View\\Components\\Task->render()
#14 C:\\Users\\rayan\\Desktop\\RadarLeb-main\\RadarLeb-main\\vendor\\laravel\\framework\\src\\Illuminate\\Database\\Migrations\\Migrator.php(250): Illuminate\\Database\\Migrations\\Migrator->write()
#15 C:\\Users\\rayan\\Desktop\\RadarLeb-main\\RadarLeb-main\\vendor\\laravel\\framework\\src\\Illuminate\\Database\\Migrations\\Migrator.php(210): Illuminate\\Database\\Migrations\\Migrator->runUp()
#16 C:\\Users\\rayan\\Desktop\\RadarLeb-main\\RadarLeb-main\\vendor\\laravel\\framework\\src\\Illuminate\\Database\\Migrations\\Migrator.php(137): Illuminate\\Database\\Migrations\\Migrator->runPending()
#17 C:\\Users\\rayan\\Desktop\\RadarLeb-main\\RadarLeb-main\\vendor\\laravel\\framework\\src\\Illuminate\\Database\\Console\\Migrations\\MigrateCommand.php(116): Illuminate\\Database\\Migrations\\Migrator->run()
#18 C:\\Users\\rayan\\Desktop\\RadarLeb-main\\RadarLeb-main\\vendor\\laravel\\framework\\src\\Illuminate\\Database\\Migrations\\Migrator.php(665): Illuminate\\Database\\Console\\Migrations\\MigrateCommand->{closure:Illuminate\\Database\\Console\\Migrations\\MigrateCommand::runMigrations():109}()
#19 C:\\Users\\rayan\\Desktop\\RadarLeb-main\\RadarLeb-main\\vendor\\laravel\\framework\\src\\Illuminate\\Database\\Console\\Migrations\\MigrateCommand.php(109): Illuminate\\Database\\Migrations\\Migrator->usingConnection()
#20 C:\\Users\\rayan\\Desktop\\RadarLeb-main\\RadarLeb-main\\vendor\\laravel\\framework\\src\\Illuminate\\Database\\Console\\Migrations\\MigrateCommand.php(88): Illuminate\\Database\\Console\\Migrations\\MigrateCommand->runMigrations()
#21 C:\\Users\\rayan\\Desktop\\RadarLeb-main\\RadarLeb-main\\vendor\\laravel\\framework\\src\\Illuminate\\Container\\BoundMethod.php(36): Illuminate\\Database\\Console\\Migrations\\MigrateCommand->handle()
#22 C:\\Users\\rayan\\Desktop\\RadarLeb-main\\RadarLeb-main\\vendor\\laravel\\framework\\src\\Illuminate\\Container\\Util.php(43): Illuminate\\Container\\BoundMethod::{closure:Illuminate\\Container\\BoundMethod::call():35}()
#23 C:\\Users\\rayan\\Desktop\\RadarLeb-main\\RadarLeb-main\\vendor\\laravel\\framework\\src\\Illuminate\\Container\\BoundMethod.php(96): Illuminate\\Container\\Util::unwrapIfClosure()
#24 C:\\Users\\rayan\\Desktop\\RadarLeb-main\\RadarLeb-main\\vendor\\laravel\\framework\\src\\Illuminate\\Container\\BoundMethod.php(35): Illuminate\\Container\\BoundMethod::callBoundMethod()
#25 C:\\Users\\rayan\\Desktop\\RadarLeb-main\\RadarLeb-main\\vendor\\laravel\\framework\\src\\Illuminate\\Container\\Container.php(754): Illuminate\\Container\\BoundMethod::call()
#26 C:\\Users\\rayan\\Desktop\\RadarLeb-main\\RadarLeb-main\\vendor\\laravel\\framework\\src\\Illuminate\\Console\\Command.php(211): Illuminate\\Container\\Container->call()
#27 C:\\Users\\rayan\\Desktop\\RadarLeb-main\\RadarLeb-main\\vendor\\symfony\\console\\Command\\Command.php(279): Illuminate\\Console\\Command->execute()
#28 C:\\Users\\rayan\\Desktop\\RadarLeb-main\\RadarLeb-main\\vendor\\laravel\\framework\\src\\Illuminate\\Console\\Command.php(180): Symfony\\Component\\Console\\Command\\Command->run()
#29 C:\\Users\\rayan\\Desktop\\RadarLeb-main\\RadarLeb-main\\vendor\\symfony\\console\\Application.php(1094): Illuminate\\Console\\Command->run()
#30 C:\\Users\\rayan\\Desktop\\RadarLeb-main\\RadarLeb-main\\vendor\\symfony\\console\\Application.php(342): Symfony\\Component\\Console\\Application->doRunCommand()
#31 C:\\Users\\rayan\\Desktop\\RadarLeb-main\\RadarLeb-main\\vendor\\symfony\\console\\Application.php(193): Symfony\\Component\\Console\\Application->doRun()
#32 C:\\Users\\rayan\\Desktop\\RadarLeb-main\\RadarLeb-main\\vendor\\laravel\\framework\\src\\Illuminate\\Foundation\\Console\\Kernel.php(197): Symfony\\Component\\Console\\Application->run()
#33 C:\\Users\\rayan\\Desktop\\RadarLeb-main\\RadarLeb-main\\vendor\\laravel\\framework\\src\\Illuminate\\Foundation\\Application.php(1234): Illuminate\\Foundation\\Console\\Kernel->handle()
#34 C:\\Users\\rayan\\Desktop\\RadarLeb-main\\RadarLeb-main\\artisan(16): Illuminate\\Foundation\\Application->handleCommand()
#35 {main}

[previous exception] [object] (PDOException(code: 42710): SQLSTATE[42710]: Duplicate object: 7 ERROR:  constraint \"1\" for relation \"scans\" already exists at C:\\Users\\rayan\\Desktop\\RadarLeb-main\\RadarLeb-main\\vendor\\laravel\\framework\\src\\Illuminate\\Database\\Connection.php:568)
[stacktrace]
#0 C:\\Users\\rayan\\Desktop\\RadarLeb-main\\RadarLeb-main\\vendor\\laravel\\framework\\src\\Illuminate\\Database\\Connection.php(568): PDOStatement->execute()
#1 C:\\Users\\rayan\\Desktop\\RadarLeb-main\\RadarLeb-main\\vendor\\laravel\\framework\\src\\Illuminate\\Database\\Connection.php(809): Illuminate\\Database\\Connection->{closure:Illuminate\\Database\\Connection::statement():557}()
#2 C:\\Users\\rayan\\Desktop\\RadarLeb-main\\RadarLeb-main\\vendor\\laravel\\framework\\src\\Illuminate\\Database\\Connection.php(776): Illuminate\\Database\\Connection->runQueryCallback()
#3 C:\\Users\\rayan\\Desktop\\RadarLeb-main\\RadarLeb-main\\vendor\\laravel\\framework\\src\\Illuminate\\Database\\Connection.php(557): Illuminate\\Database\\Connection->run()
#4 C:\\Users\\rayan\\Desktop\\RadarLeb-main\\RadarLeb-main\\vendor\\laravel\\framework\\src\\Illuminate\\Database\\Schema\\Blueprint.php(119): Illuminate\\Database\\Connection->statement()
#5 C:\\Users\\rayan\\Desktop\\RadarLeb-main\\RadarLeb-main\\vendor\\laravel\\framework\\src\\Illuminate\\Database\\Schema\\Builder.php(618): Illuminate\\Database\\Schema\\Blueprint->build()
#6 C:\\Users\\rayan\\Desktop\\RadarLeb-main\\RadarLeb-main\\vendor\\laravel\\framework\\src\\Illuminate\\Database\\Schema\\Builder.php(472): Illuminate\\Database\\Schema\\Builder->build()
#7 C:\\Users\\rayan\\Desktop\\RadarLeb-main\\RadarLeb-main\\vendor\\laravel\\framework\\src\\Illuminate\\Support\\Facades\\Facade.php(361): Illuminate\\Database\\Schema\\Builder->create()
#8 C:\\Users\\rayan\\Desktop\\RadarLeb-main\\RadarLeb-main\\database\\migrations\\2025_04_22_132552_create_scans_table.php(14): Illuminate\\Support\\Facades\\Facade::__callStatic()
#9 C:\\Users\\rayan\\Desktop\\RadarLeb-main\\RadarLeb-main\\vendor\\laravel\\framework\\src\\Illuminate\\Database\\Migrations\\Migrator.php(514): Illuminate\\Database\\Migrations\\Migration@anonymous->up()
#10 C:\\Users\\rayan\\Desktop\\RadarLeb-main\\RadarLeb-main\\vendor\\laravel\\framework\\src\\Illuminate\\Database\\Migrations\\Migrator.php(439): Illuminate\\Database\\Migrations\\Migrator->runMethod()
#11 C:\\Users\\rayan\\Desktop\\RadarLeb-main\\RadarLeb-main\\vendor\\laravel\\framework\\src\\Illuminate\\Database\\Concerns\\ManagesTransactions.php(32): Illuminate\\Database\\Migrations\\Migrator->{closure:Illuminate\\Database\\Migrations\\Migrator::runMigration():435}()
#12 C:\\Users\\rayan\\Desktop\\RadarLeb-main\\RadarLeb-main\\vendor\\laravel\\framework\\src\\Illuminate\\Database\\Migrations\\Migrator.php(447): Illuminate\\Database\\Connection->transaction()
#13 C:\\Users\\rayan\\Desktop\\RadarLeb-main\\RadarLeb-main\\vendor\\laravel\\framework\\src\\Illuminate\\Database\\Migrations\\Migrator.php(250): Illuminate\\Database\\Migrations\\Migrator->runMigration()
#14 C:\\Users\\rayan\\Desktop\\RadarLeb-main\\RadarLeb-main\\vendor\\laravel\\framework\\src\\Illuminate\\Console\\View\\Components\\Task.php(41): Illuminate\\Database\\Migrations\\Migrator->{closure:Illuminate\\Database\\Migrations\\Migrator::runUp():250}()
#15 C:\\Users\\rayan\\Desktop\\RadarLeb-main\\RadarLeb-main\\vendor\\laravel\\framework\\src\\Illuminate\\Database\\Migrations\\Migrator.php(805): Illuminate\\Console\\View\\Components\\Task->render()
#16 C:\\Users\\rayan\\Desktop\\RadarLeb-main\\RadarLeb-main\\vendor\\laravel\\framework\\src\\Illuminate\\Database\\Migrations\\Migrator.php(250): Illuminate\\Database\\Migrations\\Migrator->write()
#17 C:\\Users\\rayan\\Desktop\\RadarLeb-main\\RadarLeb-main\\vendor\\laravel\\framework\\src\\Illuminate\\Database\\Migrations\\Migrator.php(210): Illuminate\\Database\\Migrations\\Migrator->runUp()
#18 C:\\Users\\rayan\\Desktop\\RadarLeb-main\\RadarLeb-main\\vendor\\laravel\\framework\\src\\Illuminate\\Database\\Migrations\\Migrator.php(137): Illuminate\\Database\\Migrations\\Migrator->runPending()
#19 C:\\Users\\rayan\\Desktop\\RadarLeb-main\\RadarLeb-main\\vendor\\laravel\\framework\\src\\Illuminate\\Database\\Console\\Migrations\\MigrateCommand.php(116): Illuminate\\Database\\Migrations\\Migrator->run()
#20 C:\\Users\\rayan\\Desktop\\RadarLeb-main\\RadarLeb-main\\vendor\\laravel\\framework\\src\\Illuminate\\Database\\Migrations\\Migrator.php(665): Illuminate\\Database\\Console\\Migrations\\MigrateCommand->{closure:Illuminate\\Database\\Console\\Migrations\\MigrateCommand::runMigrations():109}()
#21 C:\\Users\\rayan\\Desktop\\RadarLeb-main\\RadarLeb-main\\vendor\\laravel\\framework\\src\\Illuminate\\Database\\Console\\Migrations\\MigrateCommand.php(109): Illuminate\\Database\\Migrations\\Migrator->usingConnection()
#22 C:\\Users\\rayan\\Desktop\\RadarLeb-main\\RadarLeb-main\\vendor\\laravel\\framework\\src\\Illuminate\\Database\\Console\\Migrations\\MigrateCommand.php(88): Illuminate\\Database\\Console\\Migrations\\MigrateCommand->runMigrations()
#23 C:\\Users\\rayan\\Desktop\\RadarLeb-main\\RadarLeb-main\\vendor\\laravel\\framework\\src\\Illuminate\\Container\\BoundMethod.php(36): Illuminate\\Database\\Console\\Migrations\\MigrateCommand->handle()
#24 C:\\Users\\rayan\\Desktop\\RadarLeb-main\\RadarLeb-main\\vendor\\laravel\\framework\\src\\Illuminate\\Container\\Util.php(43): Illuminate\\Container\\BoundMethod::{closure:Illuminate\\Container\\BoundMethod::call():35}()
#25 C:\\Users\\rayan\\Desktop\\RadarLeb-main\\RadarLeb-main\\vendor\\laravel\\framework\\src\\Illuminate\\Container\\BoundMethod.php(96): Illuminate\\Container\\Util::unwrapIfClosure()
#26 C:\\Users\\rayan\\Desktop\\RadarLeb-main\\RadarLeb-main\\vendor\\laravel\\framework\\src\\Illuminate\\Container\\BoundMethod.php(35): Illuminate\\Container\\BoundMethod::callBoundMethod()
#27 C:\\Users\\rayan\\Desktop\\RadarLeb-main\\RadarLeb-main\\vendor\\laravel\\framework\\src\\Illuminate\\Container\\Container.php(754): Illuminate\\Container\\BoundMethod::call()
#28 C:\\Users\\rayan\\Desktop\\RadarLeb-main\\RadarLeb-main\\vendor\\laravel\\framework\\src\\Illuminate\\Console\\Command.php(211): Illuminate\\Container\\Container->call()
#29 C:\\Users\\rayan\\Desktop\\RadarLeb-main\\RadarLeb-main\\vendor\\symfony\\console\\Command\\Command.php(279): Illuminate\\Console\\Command->execute()
#30 C:\\Users\\rayan\\Desktop\\RadarLeb-main\\RadarLeb-main\\vendor\\laravel\\framework\\src\\Illuminate\\Console\\Command.php(180): Symfony\\Component\\Console\\Command\\Command->run()
#31 C:\\Users\\rayan\\Desktop\\RadarLeb-main\\RadarLeb-main\\vendor\\symfony\\console\\Application.php(1094): Illuminate\\Console\\Command->run()
#32 C:\\Users\\rayan\\Desktop\\RadarLeb-main\\RadarLeb-main\\vendor\\symfony\\console\\Application.php(342): Symfony\\Component\\Console\\Application->doRunCommand()
#33 C:\\Users\\rayan\\Desktop\\RadarLeb-main\\RadarLeb-main\\vendor\\symfony\\console\\Application.php(193): Symfony\\Component\\Console\\Application->doRun()
#34 C:\\Users\\rayan\\Desktop\\RadarLeb-main\\RadarLeb-main\\vendor\\laravel\\framework\\src\\Illuminate\\Foundation\\Console\\Kernel.php(197): Symfony\\Component\\Console\\Application->run()
#35 C:\\Users\\rayan\\Desktop\\RadarLeb-main\\RadarLeb-main\\vendor\\laravel\\framework\\src\\Illuminate\\Foundation\\Application.php(1234): Illuminate\\Foundation\\Console\\Kernel->handle()
#36 C:\\Users\\rayan\\Desktop\\RadarLeb-main\\RadarLeb-main\\artisan(16): Illuminate\\Foundation\\Application->handleCommand()
#37 {main}
"} 
[2026-02-05 19:29:20] local.ERROR: SQLSTATE[22P02]: Invalid text representation: 7 ERROR:  invalid input syntax for type integer: "0.25"
CONTEXT:  unnamed portal parameter $3 = '...' (Connection: pgsql, SQL: insert into "games" ("name", "price", "price_to_play", "minimum_deposit", "minimum_amount_for_winning", "draw_number", "is_enabled", "updated_at", "created_at") values (Mobile, 500, 0.25, 10, 1, 1, 1, 2026-02-05 19:29:19, 2026-02-05 19:29:19) returning "id") {"exception":"[object] (Illuminate\\Database\\QueryException(code: 22P02): SQLSTATE[22P02]: Invalid text representation: 7 ERROR:  invalid input syntax for type integer: \"0.25\"
CONTEXT:  unnamed portal parameter $3 = '...' (Connection: pgsql, SQL: insert into \"games\" (\"name\", \"price\", \"price_to_play\", \"minimum_deposit\", \"minimum_amount_for_winning\", \"draw_number\", \"is_enabled\", \"updated_at\", \"created_at\") values (Mobile, 500, 0.25, 10, 1, 1, 1, 2026-02-05 19:29:19, 2026-02-05 19:29:19) returning \"id\") at C:\\Users\\rayan\\Desktop\\RadarLeb-main\\RadarLeb-main\\vendor\\laravel\\framework\\src\\Illuminate\\Database\\Connection.php:822)
[stacktrace]
#0 C:\\Users\\rayan\\Desktop\\RadarLeb-main\\RadarLeb-main\\vendor\\laravel\\framework\\src\\Illuminate\\Database\\Connection.php(776): Illuminate\\Database\\Connection->runQueryCallback()
#1 C:\\Users\\rayan\\Desktop\\RadarLeb-main\\RadarLeb-main\\vendor\\laravel\\framework\\src\\Illuminate\\Database\\Connection.php(395): Illuminate\\Database\\Connection->run()
#2 C:\\Users\\rayan\\Desktop\\RadarLeb-main\\RadarLeb-main\\vendor\\laravel\\framework\\src\\Illuminate\\Database\\Connection.php(382): Illuminate\\Database\\Connection->select()
#3 C:\\Users\\rayan\\Desktop\\RadarLeb-main\\RadarLeb-main\\vendor\\laravel\\framework\\src\\Illuminate\\Database\\Query\\Processors\\PostgresProcessor.php(24): Illuminate\\Database\\Connection->selectFromWriteConnection()
#4 C:\\Users\\rayan\\Desktop\\RadarLeb-main\\RadarLeb-main\\vendor\\laravel\\framework\\src\\Illuminate\\Database\\Query\\Builder.php(3779): Illuminate\\Database\\Query\\Processors\\PostgresProcessor->processInsertGetId()
#5 C:\\Users\\rayan\\Desktop\\RadarLeb-main\\RadarLeb-main\\vendor\\laravel\\framework\\src\\Illuminate\\Database\\Eloquent\\Builder.php(2204): Illuminate\\Database\\Query\\Builder->insertGetId()
#6 C:\\Users\\rayan\\Desktop\\RadarLeb-main\\RadarLeb-main\\vendor\\laravel\\framework\\src\\Illuminate\\Database\\Eloquent\\Model.php(1408): Illuminate\\Database\\Eloquent\\Builder->__call()
#7 C:\\Users\\rayan\\Desktop\\RadarLeb-main\\RadarLeb-main\\vendor\\laravel\\framework\\src\\Illuminate\\Database\\Eloquent\\Model.php(1373): Illuminate\\Database\\Eloquent\\Model->insertAndSetId()
#8 C:\\Users\\rayan\\Desktop\\RadarLeb-main\\RadarLeb-main\\vendor\\laravel\\framework\\src\\Illuminate\\Database\\Eloquent\\Model.php(1212): Illuminate\\Database\\Eloquent\\Model->performInsert()
#9 C:\\Users\\rayan\\Desktop\\RadarLeb-main\\RadarLeb-main\\vendor\\laravel\\framework\\src\\Illuminate\\Database\\Eloquent\\Builder.php(1188): Illuminate\\Database\\Eloquent\\Model->save()
#10 C:\\Users\\rayan\\Desktop\\RadarLeb-main\\RadarLeb-main\\vendor\\laravel\\framework\\src\\Illuminate\\Support\\helpers.php(399): Illuminate\\Database\\Eloquent\\Builder->{closure:Illuminate\\Database\\Eloquent\\Builder::create():1187}()
#11 C:\\Users\\rayan\\Desktop\\RadarLeb-main\\RadarLeb-main\\vendor\\laravel\\framework\\src\\Illuminate\\Database\\Eloquent\\Builder.php(1187): tap()
#12 C:\\Users\\rayan\\Desktop\\RadarLeb-main\\RadarLeb-main\\vendor\\laravel\\framework\\src\\Illuminate\\Database\\Eloquent\\Builder.php(694): Illuminate\\Database\\Eloquent\\Builder->create()
#13 C:\\Users\\rayan\\Desktop\\RadarLeb-main\\RadarLeb-main\\vendor\\laravel\\framework\\src\\Illuminate\\Database\\Eloquent\\Builder.php(1928): Illuminate\\Database\\Eloquent\\Builder->{closure:Illuminate\\Database\\Eloquent\\Builder::createOrFirst():694}()
#14 C:\\Users\\rayan\\Desktop\\RadarLeb-main\\RadarLeb-main\\vendor\\laravel\\framework\\src\\Illuminate\\Database\\Eloquent\\Builder.php(694): Illuminate\\Database\\Eloquent\\Builder->withSavepointIfNeeded()
#15 C:\\Users\\rayan\\Desktop\\RadarLeb-main\\RadarLeb-main\\vendor\\laravel\\framework\\src\\Illuminate\\Database\\Eloquent\\Builder.php(681): Illuminate\\Database\\Eloquent\\Builder->createOrFirst()
#16 C:\\Users\\rayan\\Desktop\\RadarLeb-main\\RadarLeb-main\\vendor\\laravel\\framework\\src\\Illuminate\\Database\\Eloquent\\Builder.php(709): Illuminate\\Database\\Eloquent\\Builder->firstOrCreate()
#17 C:\\Users\\rayan\\Desktop\\RadarLeb-main\\RadarLeb-main\\vendor\\laravel\\framework\\src\\Illuminate\\Support\\Traits\\ForwardsCalls.php(23): Illuminate\\Database\\Eloquent\\Builder->updateOrCreate()
#18 C:\\Users\\rayan\\Desktop\\RadarLeb-main\\RadarLeb-main\\vendor\\laravel\\framework\\src\\Illuminate\\Database\\Eloquent\\Model.php(2449): Illuminate\\Database\\Eloquent\\Model->forwardCallTo()
#19 C:\\Users\\rayan\\Desktop\\RadarLeb-main\\RadarLeb-main\\vendor\\laravel\\framework\\src\\Illuminate\\Database\\Eloquent\\Model.php(2465): Illuminate\\Database\\Eloquent\\Model->__call()
#20 C:\\Users\\rayan\\Desktop\\RadarLeb-main\\RadarLeb-main\\database\\seeders\\GamesSeeder.php(56): Illuminate\\Database\\Eloquent\\Model::__callStatic()
#21 C:\\Users\\rayan\\Desktop\\RadarLeb-main\\RadarLeb-main\\vendor\\laravel\\framework\\src\\Illuminate\\Container\\BoundMethod.php(36): Database\\Seeders\\GamesSeeder->run()
#22 C:\\Users\\rayan\\Desktop\\RadarLeb-main\\RadarLeb-main\\vendor\\laravel\\framework\\src\\Illuminate\\Container\\Util.php(43): Illuminate\\Container\\BoundMethod::{closure:Illuminate\\Container\\BoundMethod::call():35}()
#23 C:\\Users\\rayan\\Desktop\\RadarLeb-main\\RadarLeb-main\\vendor\\laravel\\framework\\src\\Illuminate\\Container\\BoundMethod.php(96): Illuminate\\Container\\Util::unwrapIfClosure()
#24 C:\\Users\\rayan\\Desktop\\RadarLeb-main\\RadarLeb-main\\vendor\\laravel\\framework\\src\\Illuminate\\Container\\BoundMethod.php(35): Illuminate\\Container\\BoundMethod::callBoundMethod()
#25 C:\\Users\\rayan\\Desktop\\RadarLeb-main\\RadarLeb-main\\vendor\\laravel\\framework\\src\\Illuminate\\Container\\Container.php(754): Illuminate\\Container\\BoundMethod::call()
#26 C:\\Users\\rayan\\Desktop\\RadarLeb-main\\RadarLeb-main\\vendor\\laravel\\framework\\src\\Illuminate\\Database\\Seeder.php(188): Illuminate\\Container\\Container->call()
#27 C:\\Users\\rayan\\Desktop\\RadarLeb-main\\RadarLeb-main\\vendor\\laravel\\framework\\src\\Illuminate\\Database\\Seeder.php(197): Illuminate\\Database\\Seeder->{closure:Illuminate\\Database\\Seeder::__invoke():187}()
#28 C:\\Users\\rayan\\Desktop\\RadarLeb-main\\RadarLeb-main\\vendor\\laravel\\framework\\src\\Illuminate\\Database\\Console\\Seeds\\SeedCommand.php(71): Illuminate\\Database\\Seeder->__invoke()
#29 C:\\Users\\rayan\\Desktop\\RadarLeb-main\\RadarLeb-main\\vendor\\laravel\\framework\\src\\Illuminate\\Database\\Eloquent\\Concerns\\GuardsAttributes.php(155): Illuminate\\Database\\Console\\Seeds\\SeedCommand->{closure:Illuminate\\Database\\Console\\Seeds\\SeedCommand::handle():70}()
#30 C:\\Users\\rayan\\Desktop\\RadarLeb-main\\RadarLeb-main\\vendor\\laravel\\framework\\src\\Illuminate\\Database\\Console\\Seeds\\SeedCommand.php(70): Illuminate\\Database\\Eloquent\\Model::unguarded()
#31 C:\\Users\\rayan\\Desktop\\RadarLeb-main\\RadarLeb-main\\vendor\\laravel\\framework\\src\\Illuminate\\Container\\BoundMethod.php(36): Illuminate\\Database\\Console\\Seeds\\SeedCommand->handle()
#32 C:\\Users\\rayan\\Desktop\\RadarLeb-main\\RadarLeb-main\\vendor\\laravel\\framework\\src\\Illuminate\\Container\\Util.php(43): Illuminate\\Container\\BoundMethod::{closure:Illuminate\\Container\\BoundMethod::call():35}()
#33 C:\\Users\\rayan\\Desktop\\RadarLeb-main\\RadarLeb-main\\vendor\\laravel\\framework\\src\\Illuminate\\Container\\BoundMethod.php(96): Illuminate\\Container\\Util::unwrapIfClosure()
#34 C:\\Users\\rayan\\Desktop\\RadarLeb-main\\RadarLeb-main\\vendor\\laravel\\framework\\src\\Illuminate\\Container\\BoundMethod.php(35): Illuminate\\Container\\BoundMethod::callBoundMethod()
#35 C:\\Users\\rayan\\Desktop\\RadarLeb-main\\RadarLeb-main\\vendor\\laravel\\framework\\src\\Illuminate\\Container\\Container.php(754): Illuminate\\Container\\BoundMethod::call()
#36 C:\\Users\\rayan\\Desktop\\RadarLeb-main\\RadarLeb-main\\vendor\\laravel\\framework\\src\\Illuminate\\Console\\Command.php(211): Illuminate\\Container\\Container->call()
#37 C:\\Users\\rayan\\Desktop\\RadarLeb-main\\RadarLeb-main\\vendor\\symfony\\console\\Command\\Command.php(279): Illuminate\\Console\\Command->execute()
#38 C:\\Users\\rayan\\Desktop\\RadarLeb-main\\RadarLeb-main\\vendor\\laravel\\framework\\src\\Illuminate\\Console\\Command.php(180): Symfony\\Component\\Console\\Command\\Command->run()
#39 C:\\Users\\rayan\\Desktop\\RadarLeb-main\\RadarLeb-main\\vendor\\symfony\\console\\Application.php(1094): Illuminate\\Console\\Command->run()
#40 C:\\Users\\rayan\\Desktop\\RadarLeb-main\\RadarLeb-main\\vendor\\symfony\\console\\Application.php(342): Symfony\\Component\\Console\\Application->doRunCommand()
#41 C:\\Users\\rayan\\Desktop\\RadarLeb-main\\RadarLeb-main\\vendor\\symfony\\console\\Application.php(193): Symfony\\Component\\Console\\Application->doRun()
#42 C:\\Users\\rayan\\Desktop\\RadarLeb-main\\RadarLeb-main\\vendor\\laravel\\framework\\src\\Illuminate\\Foundation\\Console\\Kernel.php(197): Symfony\\Component\\Console\\Application->run()
#43 C:\\Users\\rayan\\Desktop\\RadarLeb-main\\RadarLeb-main\\vendor\\laravel\\framework\\src\\Illuminate\\Foundation\\Application.php(1234): Illuminate\\Foundation\\Console\\Kernel->handle()
#44 C:\\Users\\rayan\\Desktop\\RadarLeb-main\\RadarLeb-main\\artisan(16): Illuminate\\Foundation\\Application->handleCommand()
#45 {main}

[previous exception] [object] (PDOException(code: 22P02): SQLSTATE[22P02]: Invalid text representation: 7 ERROR:  invalid input syntax for type integer: \"0.25\"
CONTEXT:  unnamed portal parameter $3 = '...' at C:\\Users\\rayan\\Desktop\\RadarLeb-main\\RadarLeb-main\\vendor\\laravel\\framework\\src\\Illuminate\\Database\\Connection.php:409)
[stacktrace]
#0 C:\\Users\\rayan\\Desktop\\RadarLeb-main\\RadarLeb-main\\vendor\\laravel\\framework\\src\\Illuminate\\Database\\Connection.php(409): PDOStatement->execute()
#1 C:\\Users\\rayan\\Desktop\\RadarLeb-main\\RadarLeb-main\\vendor\\laravel\\framework\\src\\Illuminate\\Database\\Connection.php(809): Illuminate\\Database\\Connection->{closure:Illuminate\\Database\\Connection::select():395}()
#2 C:\\Users\\rayan\\Desktop\\RadarLeb-main\\RadarLeb-main\\vendor\\laravel\\framework\\src\\Illuminate\\Database\\Connection.php(776): Illuminate\\Database\\Connection->runQueryCallback()
#3 C:\\Users\\rayan\\Desktop\\RadarLeb-main\\RadarLeb-main\\vendor\\laravel\\framework\\src\\Illuminate\\Database\\Connection.php(395): Illuminate\\Database\\Connection->run()
#4 C:\\Users\\rayan\\Desktop\\RadarLeb-main\\RadarLeb-main\\vendor\\laravel\\framework\\src\\Illuminate\\Database\\Connection.php(382): Illuminate\\Database\\Connection->select()
#5 C:\\Users\\rayan\\Desktop\\RadarLeb-main\\RadarLeb-main\\vendor\\laravel\\framework\\src\\Illuminate\\Database\\Query\\Processors\\PostgresProcessor.php(24): Illuminate\\Database\\Connection->selectFromWriteConnection()
#6 C:\\Users\\rayan\\Desktop\\RadarLeb-main\\RadarLeb-main\\vendor\\laravel\\framework\\src\\Illuminate\\Database\\Query\\Builder.php(3779): Illuminate\\Database\\Query\\Processors\\PostgresProcessor->processInsertGetId()
#7 C:\\Users\\rayan\\Desktop\\RadarLeb-main\\RadarLeb-main\\vendor\\laravel\\framework\\src\\Illuminate\\Database\\Eloquent\\Builder.php(2204): Illuminate\\Database\\Query\\Builder->insertGetId()
#8 C:\\Users\\rayan\\Desktop\\RadarLeb-main\\RadarLeb-main\\vendor\\laravel\\framework\\src\\Illuminate\\Database\\Eloquent\\Model.php(1408): Illuminate\\Database\\Eloquent\\Builder->__call()
#9 C:\\Users\\rayan\\Desktop\\RadarLeb-main\\RadarLeb-main\\vendor\\laravel\\framework\\src\\Illuminate\\Database\\Eloquent\\Model.php(1373): Illuminate\\Database\\Eloquent\\Model->insertAndSetId()
#10 C:\\Users\\rayan\\Desktop\\RadarLeb-main\\RadarLeb-main\\vendor\\laravel\\framework\\src\\Illuminate\\Database\\Eloquent\\Model.php(1212): Illuminate\\Database\\Eloquent\\Model->performInsert()
#11 C:\\Users\\rayan\\Desktop\\RadarLeb-main\\RadarLeb-main\\vendor\\laravel\\framework\\src\\Illuminate\\Database\\Eloquent\\Builder.php(1188): Illuminate\\Database\\Eloquent\\Model->save()
#12 C:\\Users\\rayan\\Desktop\\RadarLeb-main\\RadarLeb-main\\vendor\\laravel\\framework\\src\\Illuminate\\Support\\helpers.php(399): Illuminate\\Database\\Eloquent\\Builder->{closure:Illuminate\\Database\\Eloquent\\Builder::create():1187}()
#13 C:\\Users\\rayan\\Desktop\\RadarLeb-main\\RadarLeb-main\\vendor\\laravel\\framework\\src\\Illuminate\\Database\\Eloquent\\Builder.php(1187): tap()
#14 C:\\Users\\rayan\\Desktop\\RadarLeb-main\\RadarLeb-main\\vendor\\laravel\\framework\\src\\Illuminate\\Database\\Eloquent\\Builder.php(694): Illuminate\\Database\\Eloquent\\Builder->create()
#15 C:\\Users\\rayan\\Desktop\\RadarLeb-main\\RadarLeb-main\\vendor\\laravel\\framework\\src\\Illuminate\\Database\\Eloquent\\Builder.php(1928): Illuminate\\Database\\Eloquent\\Builder->{closure:Illuminate\\Database\\Eloquent\\Builder::createOrFirst():694}()
#16 C:\\Users\\rayan\\Desktop\\RadarLeb-main\\RadarLeb-main\\vendor\\laravel\\framework\\src\\Illuminate\\Database\\Eloquent\\Builder.php(694): Illuminate\\Database\\Eloquent\\Builder->withSavepointIfNeeded()
#17 C:\\Users\\rayan\\Desktop\\RadarLeb-main\\RadarLeb-main\\vendor\\laravel\\framework\\src\\Illuminate\\Database\\Eloquent\\Builder.php(681): Illuminate\\Database\\Eloquent\\Builder->createOrFirst()
#18 C:\\Users\\rayan\\Desktop\\RadarLeb-main\\RadarLeb-main\\vendor\\laravel\\framework\\src\\Illuminate\\Database\\Eloquent\\Builder.php(709): Illuminate\\Database\\Eloquent\\Builder->firstOrCreate()
#19 C:\\Users\\rayan\\Desktop\\RadarLeb-main\\RadarLeb-main\\vendor\\laravel\\framework\\src\\Illuminate\\Support\\Traits\\ForwardsCalls.php(23): Illuminate\\Database\\Eloquent\\Builder->updateOrCreate()
#20 C:\\Users\\rayan\\Desktop\\RadarLeb-main\\RadarLeb-main\\vendor\\laravel\\framework\\src\\Illuminate\\Database\\Eloquent\\Model.php(2449): Illuminate\\Database\\Eloquent\\Model->forwardCallTo()
#21 C:\\Users\\rayan\\Desktop\\RadarLeb-main\\RadarLeb-main\\vendor\\laravel\\framework\\src\\Illuminate\\Database\\Eloquent\\Model.php(2465): Illuminate\\Database\\Eloquent\\Model->__call()
#22 C:\\Users\\rayan\\Desktop\\RadarLeb-main\\RadarLeb-main\\database\\seeders\\GamesSeeder.php(56): Illuminate\\Database\\Eloquent\\Model::__callStatic()
#23 C:\\Users\\rayan\\Desktop\\RadarLeb-main\\RadarLeb-main\\vendor\\laravel\\framework\\src\\Illuminate\\Container\\BoundMethod.php(36): Database\\Seeders\\GamesSeeder->run()
#24 C:\\Users\\rayan\\Desktop\\RadarLeb-main\\RadarLeb-main\\vendor\\laravel\\framework\\src\\Illuminate\\Container\\Util.php(43): Illuminate\\Container\\BoundMethod::{closure:Illuminate\\Container\\BoundMethod::call():35}()
#25 C:\\Users\\rayan\\Desktop\\RadarLeb-main\\RadarLeb-main\\vendor\\laravel\\framework\\src\\Illuminate\\Container\\BoundMethod.php(96): Illuminate\\Container\\Util::unwrapIfClosure()
#26 C:\\Users\\rayan\\Desktop\\RadarLeb-main\\RadarLeb-main\\vendor\\laravel\\framework\\src\\Illuminate\\Container\\BoundMethod.php(35): Illuminate\\Container\\BoundMethod::callBoundMethod()
#27 C:\\Users\\rayan\\Desktop\\RadarLeb-main\\RadarLeb-main\\vendor\\laravel\\framework\\src\\Illuminate\\Container\\Container.php(754): Illuminate\\Container\\BoundMethod::call()
#28 C:\\Users\\rayan\\Desktop\\RadarLeb-main\\RadarLeb-main\\vendor\\laravel\\framework\\src\\Illuminate\\Database\\Seeder.php(188): Illuminate\\Container\\Container->call()
#29 C:\\Users\\rayan\\Desktop\\RadarLeb-main\\RadarLeb-main\\vendor\\laravel\\framework\\src\\Illuminate\\Database\\Seeder.php(197): Illuminate\\Database\\Seeder->{closure:Illuminate\\Database\\Seeder::__invoke():187}()
#30 C:\\Users\\rayan\\Desktop\\RadarLeb-main\\RadarLeb-main\\vendor\\laravel\\framework\\src\\Illuminate\\Database\\Console\\Seeds\\SeedCommand.php(71): Illuminate\\Database\\Seeder->__invoke()
#31 C:\\Users\\rayan\\Desktop\\RadarLeb-main\\RadarLeb-main\\vendor\\laravel\\framework\\src\\Illuminate\\Database\\Eloquent\\Concerns\\GuardsAttributes.php(155): Illuminate\\Database\\Console\\Seeds\\SeedCommand->{closure:Illuminate\\Database\\Console\\Seeds\\SeedCommand::handle():70}()
#32 C:\\Users\\rayan\\Desktop\\RadarLeb-main\\RadarLeb-main\\vendor\\laravel\\framework\\src\\Illuminate\\Database\\Console\\Seeds\\SeedCommand.php(70): Illuminate\\Database\\Eloquent\\Model::unguarded()
#33 C:\\Users\\rayan\\Desktop\\RadarLeb-main\\RadarLeb-main\\vendor\\laravel\\framework\\src\\Illuminate\\Container\\BoundMethod.php(36): Illuminate\\Database\\Console\\Seeds\\SeedCommand->handle()
#34 C:\\Users\\rayan\\Desktop\\RadarLeb-main\\RadarLeb-main\\vendor\\laravel\\framework\\src\\Illuminate\\Container\\Util.php(43): Illuminate\\Container\\BoundMethod::{closure:Illuminate\\Container\\BoundMethod::call():35}()
#35 C:\\Users\\rayan\\Desktop\\RadarLeb-main\\RadarLeb-main\\vendor\\laravel\\framework\\src\\Illuminate\\Container\\BoundMethod.php(96): Illuminate\\Container\\Util::unwrapIfClosure()
#36 C:\\Users\\rayan\\Desktop\\RadarLeb-main\\RadarLeb-main\\vendor\\laravel\\framework\\src\\Illuminate\\Container\\BoundMethod.php(35): Illuminate\\Container\\BoundMethod::callBoundMethod()
#37 C:\\Users\\rayan\\Desktop\\RadarLeb-main\\RadarLeb-main\\vendor\\laravel\\framework\\src\\Illuminate\\Container\\Container.php(754): Illuminate\\Container\\BoundMethod::call()
#38 C:\\Users\\rayan\\Desktop\\RadarLeb-main\\RadarLeb-main\\vendor\\laravel\\framework\\src\\Illuminate\\Console\\Command.php(211): Illuminate\\Container\\Container->call()
#39 C:\\Users\\rayan\\Desktop\\RadarLeb-main\\RadarLeb-main\\vendor\\symfony\\console\\Command\\Command.php(279): Illuminate\\Console\\Command->execute()
#40 C:\\Users\\rayan\\Desktop\\RadarLeb-main\\RadarLeb-main\\vendor\\laravel\\framework\\src\\Illuminate\\Console\\Command.php(180): Symfony\\Component\\Console\\Command\\Command->run()
#41 C:\\Users\\rayan\\Desktop\\RadarLeb-main\\RadarLeb-main\\vendor\\symfony\\console\\Application.php(1094): Illuminate\\Console\\Command->run()
#42 C:\\Users\\rayan\\Desktop\\RadarLeb-main\\RadarLeb-main\\vendor\\symfony\\console\\Application.php(342): Symfony\\Component\\Console\\Application->doRunCommand()
#43 C:\\Users\\rayan\\Desktop\\RadarLeb-main\\RadarLeb-main\\vendor\\symfony\\console\\Application.php(193): Symfony\\Component\\Console\\Application->doRun()
#44 C:\\Users\\rayan\\Desktop\\RadarLeb-main\\RadarLeb-main\\vendor\\laravel\\framework\\src\\Illuminate\\Foundation\\Console\\Kernel.php(197): Symfony\\Component\\Console\\Application->run()
#45 C:\\Users\\rayan\\Desktop\\RadarLeb-main\\RadarLeb-main\\vendor\\laravel\\framework\\src\\Illuminate\\Foundation\\Application.php(1234): Illuminate\\Foundation\\Console\\Kernel->handle()
#46 C:\\Users\\rayan\\Desktop\\RadarLeb-main\\RadarLeb-main\\artisan(16): Illuminate\\Foundation\\Application->handleCommand()
#47 {main}
"} 
[2026-02-05 19:30:42] local.ERROR: SQLSTATE[23502]: Not null violation: 7 ERROR:  null value in column "radar_level" of relation "scans" violates not-null constraint
DETAIL:  Failing row contains (2, 2, 4, f, null, 0.25, 2026-02-05 19:30:42, 2026-02-05 19:30:42). (Connection: pgsql, SQL: insert into "scans" ("user_id", "success", "radar_level", "cost", "game_id", "updated_at", "created_at") values (2, 0, ?, 0.25, 4, 2026-02-05 19:30:42, 2026-02-05 19:30:42) returning "id") {"userId":"8888888888","exception":"[object] (Illuminate\\Database\\QueryException(code: 23502): SQLSTATE[23502]: Not null violation: 7 ERROR:  null value in column \"radar_level\" of relation \"scans\" violates not-null constraint
DETAIL:  Failing row contains (2, 2, 4, f, null, 0.25, 2026-02-05 19:30:42, 2026-02-05 19:30:42). (Connection: pgsql, SQL: insert into \"scans\" (\"user_id\", \"success\", \"radar_level\", \"cost\", \"game_id\", \"updated_at\", \"created_at\") values (2, 0, ?, 0.25, 4, 2026-02-05 19:30:42, 2026-02-05 19:30:42) returning \"id\") at C:\\Users\\rayan\\Desktop\\RadarLeb-main\\RadarLeb-main\\vendor\\laravel\\framework\\src\\Illuminate\\Database\\Connection.php:822)
[stacktrace]
#0 C:\\Users\\rayan\\Desktop\\RadarLeb-main\\RadarLeb-main\\vendor\\laravel\\framework\\src\\Illuminate\\Database\\Connection.php(776): Illuminate\\Database\\Connection->runQueryCallback()
#1 C:\\Users\\rayan\\Desktop\\RadarLeb-main\\RadarLeb-main\\vendor\\laravel\\framework\\src\\Illuminate\\Database\\Connection.php(395): Illuminate\\Database\\Connection->run()
#2 C:\\Users\\rayan\\Desktop\\RadarLeb-main\\RadarLeb-main\\vendor\\laravel\\framework\\src\\Illuminate\\Database\\Connection.php(382): Illuminate\\Database\\Connection->select()
#3 C:\\Users\\rayan\\Desktop\\RadarLeb-main\\RadarLeb-main\\vendor\\laravel\\framework\\src\\Illuminate\\Database\\Query\\Processors\\PostgresProcessor.php(24): Illuminate\\Database\\Connection->selectFromWriteConnection()
#4 C:\\Users\\rayan\\Desktop\\RadarLeb-main\\RadarLeb-main\\vendor\\laravel\\framework\\src\\Illuminate\\Database\\Query\\Builder.php(3779): Illuminate\\Database\\Query\\Processors\\PostgresProcessor->processInsertGetId()
#5 C:\\Users\\rayan\\Desktop\\RadarLeb-main\\RadarLeb-main\\vendor\\laravel\\framework\\src\\Illuminate\\Database\\Eloquent\\Builder.php(2204): Illuminate\\Database\\Query\\Builder->insertGetId()
#6 C:\\Users\\rayan\\Desktop\\RadarLeb-main\\RadarLeb-main\\vendor\\laravel\\framework\\src\\Illuminate\\Database\\Eloquent\\Model.php(1408): Illuminate\\Database\\Eloquent\\Builder->__call()
#7 C:\\Users\\rayan\\Desktop\\RadarLeb-main\\RadarLeb-main\\vendor\\laravel\\framework\\src\\Illuminate\\Database\\Eloquent\\Model.php(1373): Illuminate\\Database\\Eloquent\\Model->insertAndSetId()
#8 C:\\Users\\rayan\\Desktop\\RadarLeb-main\\RadarLeb-main\\vendor\\laravel\\framework\\src\\Illuminate\\Database\\Eloquent\\Model.php(1212): Illuminate\\Database\\Eloquent\\Model->performInsert()
#9 C:\\Users\\rayan\\Desktop\\RadarLeb-main\\RadarLeb-main\\vendor\\laravel\\framework\\src\\Illuminate\\Database\\Eloquent\\Relations\\HasOneOrMany.php(370): Illuminate\\Database\\Eloquent\\Model->save()
#10 C:\\Users\\rayan\\Desktop\\RadarLeb-main\\RadarLeb-main\\vendor\\laravel\\framework\\src\\Illuminate\\Support\\helpers.php(399): Illuminate\\Database\\Eloquent\\Relations\\HasOneOrMany->{closure:Illuminate\\Database\\Eloquent\\Relations\\HasOneOrMany::create():367}()
#11 C:\\Users\\rayan\\Desktop\\RadarLeb-main\\RadarLeb-main\\vendor\\laravel\\framework\\src\\Illuminate\\Database\\Eloquent\\Relations\\HasOneOrMany.php(367): tap()
#12 C:\\Users\\rayan\\Desktop\\RadarLeb-main\\RadarLeb-main\\app\\Models\\Game.php(61): Illuminate\\Database\\Eloquent\\Relations\\HasOneOrMany->create()
#13 C:\\Users\\rayan\\Desktop\\RadarLeb-main\\RadarLeb-main\\test_wallet_transaction.php(32): App\\Models\\Game->attemptScan()
#14 {main}

[previous exception] [object] (PDOException(code: 23502): SQLSTATE[23502]: Not null violation: 7 ERROR:  null value in column \"radar_level\" of relation \"scans\" violates not-null constraint
DETAIL:  Failing row contains (2, 2, 4, f, null, 0.25, 2026-02-05 19:30:42, 2026-02-05 19:30:42). at C:\\Users\\rayan\\Desktop\\RadarLeb-main\\RadarLeb-main\\vendor\\laravel\\framework\\src\\Illuminate\\Database\\Connection.php:409)
[stacktrace]
#0 C:\\Users\\rayan\\Desktop\\RadarLeb-main\\RadarLeb-main\\vendor\\laravel\\framework\\src\\Illuminate\\Database\\Connection.php(409): PDOStatement->execute()
#1 C:\\Users\\rayan\\Desktop\\RadarLeb-main\\RadarLeb-main\\vendor\\laravel\\framework\\src\\Illuminate\\Database\\Connection.php(809): Illuminate\\Database\\Connection->{closure:Illuminate\\Database\\Connection::select():395}()
#2 C:\\Users\\rayan\\Desktop\\RadarLeb-main\\RadarLeb-main\\vendor\\laravel\\framework\\src\\Illuminate\\Database\\Connection.php(776): Illuminate\\Database\\Connection->runQueryCallback()
#3 C:\\Users\\rayan\\Desktop\\RadarLeb-main\\RadarLeb-main\\vendor\\laravel\\framework\\src\\Illuminate\\Database\\Connection.php(395): Illuminate\\Database\\Connection->run()
#4 C:\\Users\\rayan\\Desktop\\RadarLeb-main\\RadarLeb-main\\vendor\\laravel\\framework\\src\\Illuminate\\Database\\Connection.php(382): Illuminate\\Database\\Connection->select()
#5 C:\\Users\\rayan\\Desktop\\RadarLeb-main\\RadarLeb-main\\vendor\\laravel\\framework\\src\\Illuminate\\Database\\Query\\Processors\\PostgresProcessor.php(24): Illuminate\\Database\\Connection->selectFromWriteConnection()
#6 C:\\Users\\rayan\\Desktop\\RadarLeb-main\\RadarLeb-main\\vendor\\laravel\\framework\\src\\Illuminate\\Database\\Query\\Builder.php(3779): Illuminate\\Database\\Query\\Processors\\PostgresProcessor->processInsertGetId()
#7 C:\\Users\\rayan\\Desktop\\RadarLeb-main\\RadarLeb-main\\vendor\\laravel\\framework\\src\\Illuminate\\Database\\Eloquent\\Builder.php(2204): Illuminate\\Database\\Query\\Builder->insertGetId()
#8 C:\\Users\\rayan\\Desktop\\RadarLeb-main\\RadarLeb-main\\vendor\\laravel\\framework\\src\\Illuminate\\Database\\Eloquent\\Model.php(1408): Illuminate\\Database\\Eloquent\\Builder->__call()
#9 C:\\Users\\rayan\\Desktop\\RadarLeb-main\\RadarLeb-main\\vendor\\laravel\\framework\\src\\Illuminate\\Database\\Eloquent\\Model.php(1373): Illuminate\\Database\\Eloquent\\Model->insertAndSetId()
#10 C:\\Users\\rayan\\Desktop\\RadarLeb-main\\RadarLeb-main\\vendor\\laravel\\framework\\src\\Illuminate\\Database\\Eloquent\\Model.php(1212): Illuminate\\Database\\Eloquent\\Model->performInsert()
#11 C:\\Users\\rayan\\Desktop\\RadarLeb-main\\RadarLeb-main\\vendor\\laravel\\framework\\src\\Illuminate\\Database\\Eloquent\\Relations\\HasOneOrMany.php(370): Illuminate\\Database\\Eloquent\\Model->save()
#12 C:\\Users\\rayan\\Desktop\\RadarLeb-main\\RadarLeb-main\\vendor\\laravel\\framework\\src\\Illuminate\\Support\\helpers.php(399): Illuminate\\Database\\Eloquent\\Relations\\HasOneOrMany->{closure:Illuminate\\Database\\Eloquent\\Relations\\HasOneOrMany::create():367}()
#13 C:\\Users\\rayan\\Desktop\\RadarLeb-main\\RadarLeb-main\\vendor\\laravel\\framework\\src\\Illuminate\\Database\\Eloquent\\Relations\\HasOneOrMany.php(367): tap()
#14 C:\\Users\\rayan\\Desktop\\RadarLeb-main\\RadarLeb-main\\app\\Models\\Game.php(61): Illuminate\\Database\\Eloquent\\Relations\\HasOneOrMany->create()
#15 C:\\Users\\rayan\\Desktop\\RadarLeb-main\\RadarLeb-main\\test_wallet_transaction.php(32): App\\Models\\Game->attemptScan()
#16 {main}
"} 
[2026-02-05 19:31:13] local.ERROR: PHP Parse error: Syntax error, unexpected '=' on line 1 {"exception":"[object] (Psy\\Exception\\ParseErrorException(code: 0): PHP Parse error: Syntax error, unexpected '=' on line 1 at C:\\Users\\rayan\\Desktop\\RadarLeb-main\\RadarLeb-main\\vendor\\psy\\psysh\\src\\Exception\\ParseErrorException.php:44)
[stacktrace]
#0 C:\\Users\\rayan\\Desktop\\RadarLeb-main\\RadarLeb-main\\vendor\\psy\\psysh\\src\\CodeCleaner.php(306): Psy\\Exception\\ParseErrorException::fromParseError()
#1 C:\\Users\\rayan\\Desktop\\RadarLeb-main\\RadarLeb-main\\vendor\\psy\\psysh\\src\\CodeCleaner.php(240): Psy\\CodeCleaner->parse()
#2 C:\\Users\\rayan\\Desktop\\RadarLeb-main\\RadarLeb-main\\vendor\\psy\\psysh\\src\\Shell.php(852): Psy\\CodeCleaner->clean()
#3 C:\\Users\\rayan\\Desktop\\RadarLeb-main\\RadarLeb-main\\vendor\\psy\\psysh\\src\\Shell.php(881): Psy\\Shell->addCode()
#4 C:\\Users\\rayan\\Desktop\\RadarLeb-main\\RadarLeb-main\\vendor\\psy\\psysh\\src\\Shell.php(1390): Psy\\Shell->setCode()
#5 C:\\Users\\rayan\\Desktop\\RadarLeb-main\\RadarLeb-main\\vendor\\laravel\\tinker\\src\\Console\\TinkerCommand.php(76): Psy\\Shell->execute()
#6 C:\\Users\\rayan\\Desktop\\RadarLeb-main\\RadarLeb-main\\vendor\\laravel\\framework\\src\\Illuminate\\Container\\BoundMethod.php(36): Laravel\\Tinker\\Console\\TinkerCommand->handle()
#7 C:\\Users\\rayan\\Desktop\\RadarLeb-main\\RadarLeb-main\\vendor\\laravel\\framework\\src\\Illuminate\\Container\\Util.php(43): Illuminate\\Container\\BoundMethod::{closure:Illuminate\\Container\\BoundMethod::call():35}()
#8 C:\\Users\\rayan\\Desktop\\RadarLeb-main\\RadarLeb-main\\vendor\\laravel\\framework\\src\\Illuminate\\Container\\BoundMethod.php(96): Illuminate\\Container\\Util::unwrapIfClosure()
#9 C:\\Users\\rayan\\Desktop\\RadarLeb-main\\RadarLeb-main\\vendor\\laravel\\framework\\src\\Illuminate\\Container\\BoundMethod.php(35): Illuminate\\Container\\BoundMethod::callBoundMethod()
#10 C:\\Users\\rayan\\Desktop\\RadarLeb-main\\RadarLeb-main\\vendor\\laravel\\framework\\src\\Illuminate\\Container\\Container.php(754): Illuminate\\Container\\BoundMethod::call()
#11 C:\\Users\\rayan\\Desktop\\RadarLeb-main\\RadarLeb-main\\vendor\\laravel\\framework\\src\\Illuminate\\Console\\Command.php(211): Illuminate\\Container\\Container->call()
#12 C:\\Users\\rayan\\Desktop\\RadarLeb-main\\RadarLeb-main\\vendor\\symfony\\console\\Command\\Command.php(279): Illuminate\\Console\\Command->execute()
#13 C:\\Users\\rayan\\Desktop\\RadarLeb-main\\RadarLeb-main\\vendor\\laravel\\framework\\src\\Illuminate\\Console\\Command.php(180): Symfony\\Component\\Console\\Command\\Command->run()
#14 C:\\Users\\rayan\\Desktop\\RadarLeb-main\\RadarLeb-main\\vendor\\symfony\\console\\Application.php(1094): Illuminate\\Console\\Command->run()
#15 C:\\Users\\rayan\\Desktop\\RadarLeb-main\\RadarLeb-main\\vendor\\symfony\\console\\Application.php(342): Symfony\\Component\\Console\\Application->doRunCommand()
#16 C:\\Users\\rayan\\Desktop\\RadarLeb-main\\RadarLeb-main\\vendor\\symfony\\console\\Application.php(193): Symfony\\Component\\Console\\Application->doRun()
#17 C:\\Users\\rayan\\Desktop\\RadarLeb-main\\RadarLeb-main\\vendor\\laravel\\framework\\src\\Illuminate\\Foundation\\Console\\Kernel.php(197): Symfony\\Component\\Console\\Application->run()
#18 C:\\Users\\rayan\\Desktop\\RadarLeb-main\\RadarLeb-main\\vendor\\laravel\\framework\\src\\Illuminate\\Foundation\\Application.php(1234): Illuminate\\Foundation\\Console\\Kernel->handle()
#19 C:\\Users\\rayan\\Desktop\\RadarLeb-main\\RadarLeb-main\\artisan(16): Illuminate\\Foundation\\Application->handleCommand()
#20 {main}
"} 
